station_id,station_name,latitude,longitude,elevation,date,element,value,month,value_normalized,metric
TH000048564,PHUKET,7.883,98.4,3.0,2026-01-01,TMIN,252.0,2026-01,25.2,Min temperature (C)
TH000048432,SURIN,14.883,103.5,147.0,2026-01-01,TMAX,320.0,2026-01,32.0,Max temperature (C)
TH000048425,SUPHAN BURI,14.467,100.133,8.0,2026-01-01,TAVG,261.0,2026-01,26.1,Average temperature (C)
TH000048357,NAKHON PHANOM,17.417,104.783,148.0,2026-01-02,TMAX,285.0,2026-01,28.5,Max temperature (C)
TH000048425,SUPHAN BURI,14.467,100.133,8.0,2026-01-02,TMIN,212.0,2026-01,21.2,Min temperature (C)
TH000048425,SUPHAN BURI,14.467,100.133,8.0,2026-01-03,TMIN,195.0,2026-01,19.5,Min temperature (C)
TH000048450,KANCHANABURI,14.017,99.533,29.0,2026-01-03,TMIN,181.0,2026-01,18.1,Min temperature (C)
TH000048426,LOP BURI,14.8,100.617,11.0,2026-01-03,TMAX,310.0,2026-01,31.0,Max temperature (C)
TH000048501,KHLONG YAI,11.767,102.883,4.0,2026-01-04,TAVG,267.0,2026-01,26.7,Average temperature (C)
TH000048426,LOP BURI,14.8,100.617,11.0,2026-01-05,TAVG,256.0,2026-01,25.6,Average temperature (C)
THM00048453,BANG NA AGROMET,13.667,100.617,6.0,2026-01-05,TAVG,266.0,2026-01,26.6,Average temperature (C)
THM00048453,BANG NA AGROMET,13.667,100.617,6.0,2026-01-06,TAVG,272.0,2026-01,27.2,Average temperature (C)
TH000048383,MUKDAHAN,16.533,104.717,139.0,2026-01-06,TMIN,157.0,2026-01,15.7,Min temperature (C)
TH000048426,LOP BURI,14.8,100.617,11.0,2026-01-07,TMIN,190.0,2026-01,19.0,Min temperature (C)
TH000048432,SURIN,14.883,103.5,147.0,2026-01-08,TMIN,133.0,2026-01,13.3,Min temperature (C)
TH000048455,BANGKOK METROPOLIS,13.733,100.567,4.0,2026-01-08,TAVG,251.0,2026-01,25.1,Average temperature (C)
TH000048564,PHUKET,7.883,98.4,3.0,2026-01-08,TMAX,305.0,2026-01,30.5,Max temperature (C)
TH000048462,ARANYAPRATHET,13.7,102.583,49.0,2026-01-09,TAVG,210.0,2026-01,21.0,Average temperature (C)
TH000048351,UTTARADIT,17.617,100.1,64.0,2026-01-09,TAVG,203.0,2026-01,20.3,Average temperature (C)
TH000048450,KANCHANABURI,14.017,99.533,29.0,2026-01-09,TMAX,280.0,2026-01,28.0,Max temperature (C)
TH000048564,PHUKET,7.883,98.4,3.0,2026-01-10,TMIN,241.0,2026-01,24.1,Min temperature (C)
TH000048501,KHLONG YAI,11.767,102.883,4.0,2026-01-10,TMIN,197.0,2026-01,19.7,Min temperature (C)
TH000048351,UTTARADIT,17.617,100.1,64.0,2026-01-12,TAVG,209.0,2026-01,20.9,Average temperature (C)
TH000048564,PHUKET,7.883,98.4,3.0,2026-01-13,TAVG,278.0,2026-01,27.8,Average temperature (C)
TH000048432,SURIN,14.883,103.5,147.0,2026-01-13,TMIN,170.0,2026-01,17.0,Min temperature (C)
TH000048325,MAE SARIANG,18.167,97.933,213.0,2026-01-16,TAVG,213.0,2026-01,21.3,Average temperature (C)
TH000048455,BANGKOK METROPOLIS,13.733,100.567,4.0,2026-01-16,TAVG,281.0,2026-01,28.1,Average temperature (C)
TH000048455,BANGKOK METROPOLIS,13.733,100.567,4.0,2026-01-16,TMIN,250.0,2026-01,25.0,Min temperature (C)
TH000048426,LOP BURI,14.8,100.617,11.0,2026-01-16,TAVG,267.0,2026-01,26.7,Average temperature (C)
TH000048432,SURIN,14.883,103.5,147.0,2026-01-17,TAVG,268.0,2026-01,26.8,Average temperature (C)
TH000048450,KANCHANABURI,14.017,99.533,29.0,2026-01-17,TMIN,221.0,2026-01,22.1,Min temperature (C)
TH000048383,MUKDAHAN,16.533,104.717,139.0,2026-01-17,TAVG,260.0,2026-01,26.0,Average temperature (C)
THM00048453,BANG NA AGROMET,13.667,100.617,6.0,2026-01-17,TMAX,329.0,2026-01,32.9,Max temperature (C)
TH000048425,SUPHAN BURI,14.467,100.133,8.0,2026-01-18,TMAX,332.0,2026-01,33.2,Max temperature (C)
TH000048426,LOP BURI,14.8,100.617,11.0,2026-01-18,TMAX,337.0,2026-01,33.7,Max temperature (C)
TH000048325,MAE SARIANG,18.167,97.933,213.0,2026-01-20,TAVG,199.0,2026-01,19.9,Average temperature (C)
TH000048455,BANGKOK METROPOLIS,13.733,100.567,4.0,2026-01-20,TAVG,293.0,2026-01,29.3,Average temperature (C)
TH000048351,UTTARADIT,17.617,100.1,64.0,2026-01-21,TAVG,245.0,2026-01,24.5,Average temperature (C)
TH000048325,MAE SARIANG,18.167,97.933,213.0,2026-01-21,TMAX,329.0,2026-01,32.9,Max temperature (C)
TH000048383,MUKDAHAN,16.533,104.717,139.0,2026-01-23,TMAX,278.0,2026-01,27.8,Max temperature (C)
TH000048383,MUKDAHAN,16.533,104.717,139.0,2026-01-25,TMIN,173.0,2026-01,17.3,Min temperature (C)
THM00048453,BANG NA AGROMET,13.667,100.617,6.0,2026-01-25,TMAX,340.0,2026-01,34.0,Max temperature (C)
THM00048453,BANG NA AGROMET,13.667,100.617,6.0,2026-01-26,TMIN,215.0,2026-01,21.5,Min temperature (C)
TH000048383,MUKDAHAN,16.533,104.717,139.0,2026-01-27,TMAX,308.0,2026-01,30.8,Max temperature (C)
TH000048564,PHUKET,7.883,98.4,3.0,2026-01-28,TMAX,333.0,2026-01,33.3,Max temperature (C)
THM00048453,BANG NA AGROMET,13.667,100.617,6.0,2026-01-30,TMAX,337.0,2026-01,33.7,Max temperature (C)
TH000048383,MUKDAHAN,16.533,104.717,139.0,2026-01-30,TMAX,315.0,2026-01,31.5,Max temperature (C)
TH000048426,LOP BURI,14.8,100.617,11.0,2026-01-30,TMIN,203.0,2026-01,20.3,Min temperature (C)
TH000048357,NAKHON PHANOM,17.417,104.783,148.0,2026-01-30,TAVG,248.0,2026-01,24.8,Average temperature (C)
TH000048357,NAKHON PHANOM,17.417,104.783,148.0,2026-01-31,TMIN,184.0,2026-01,18.4,Min temperature (C)
THM00048453,BANG NA AGROMET,13.667,100.617,6.0,2026-01-31,TMAX,349.0,2026-01,34.9,Max temperature (C)
TH000048425,SUPHAN BURI,14.467,100.133,8.0,2026-02-04,TMAX,335.0,2026-02,33.5,Max temperature (C)
THM00048453,BANG NA AGROMET,13.667,100.617,6.0,2026-02-04,TMIN,233.0,2026-02,23.3,Min temperature (C)
TH000048462,ARANYAPRATHET,13.7,102.583,49.0,2026-02-05,TMAX,362.0,2026-02,36.2,Max temperature (C)
TH000048564,PHUKET,7.883,98.4,3.0,2026-02-05,TMAX,345.0,2026-02,34.5,Max temperature (C)
TH000048425,SUPHAN BURI,14.467,100.133,8.0,2026-02-06,TMIN,240.0,2026-02,24.0,Min temperature (C)
TH000048455,BANGKOK METROPOLIS,13.733,100.567,4.0,2026-02-06,TMIN,263.0,2026-02,26.3,Min temperature (C)
TH000048501,KHLONG YAI,11.767,102.883,4.0,2026-02-07,TMAX,313.0,2026-02,31.3,Max temperature (C)
TH000048351,UTTARADIT,17.617,100.1,64.0,2026-02-07,TMIN,200.0,2026-02,20.0,Min temperature (C)
TH000048351,UTTARADIT,17.617,100.1,64.0,2026-02-08,TAVG,281.0,2026-02,28.1,Average temperature (C)
TH000048455,BANGKOK METROPOLIS,13.733,100.567,4.0,2026-02-08,TMIN,256.0,2026-02,25.6,Min temperature (C)
TH000048501,KHLONG YAI,11.767,102.883,4.0,2026-02-09,TAVG,261.0,2026-02,26.1,Average temperature (C)
THM00048453,BANG NA AGROMET,13.667,100.617,6.0,2026-02-10,TMAX,332.0,2026-02,33.2,Max temperature (C)
TH000048357,NAKHON PHANOM,17.417,104.783,148.0,2026-02-10,TMIN,197.0,2026-02,19.7,Min temperature (C)
TH000048351,UTTARADIT,17.617,100.1,64.0,2026-02-11,TAVG,285.0,2026-02,28.5,Average temperature (C)
THM00048453,BANG NA AGROMET,13.667,100.617,6.0,2026-02-11,TMAX,350.0,2026-02,35.0,Max temperature (C)
TH000048450,KANCHANABURI,14.017,99.533,29.0,2026-02-11,TMIN,228.0,2026-02,22.8,Min temperature (C)
TH000048462,ARANYAPRATHET,13.7,102.583,49.0,2026-02-11,TMAX,362.0,2026-02,36.2,Max temperature (C)
THM00048453,BANG NA AGROMET,13.667,100.617,6.0,2026-02-12,TMAX,340.0,2026-02,34.0,Max temperature (C)
TH000048425,SUPHAN BURI,14.467,100.133,8.0,2026-02-12,TMIN,248.0,2026-02,24.8,Min temperature (C)
TH000048426,LOP BURI,14.8,100.617,11.0,2026-02-12,TMIN,253.0,2026-02,25.3,Min temperature (C)
TH000048432,SURIN,14.883,103.5,147.0,2026-02-12,TMIN,227.0,2026-02,22.7,Min temperature (C)
TH000048383,MUKDAHAN,16.533,104.717,139.0,2026-02-13,TAVG,277.0,2026-02,27.7,Average temperature (C)
THM00048453,BANG NA AGROMET,13.667,100.617,6.0,2026-02-15,TMIN,273.0,2026-02,27.3,Min temperature (C)
TH000048325,MAE SARIANG,18.167,97.933,213.0,2026-02-15,TAVG,219.0,2026-02,21.9,Average temperature (C)
TH000048501,KHLONG YAI,11.767,102.883,4.0,2026-02-15,TAVG,280.0,2026-02,28.0,Average temperature (C)
TH000048432,SURIN,14.883,103.5,147.0,2026-02-15,TMIN,247.0,2026-02,24.7,Min temperature (C)
THM00048453,BANG NA AGROMET,13.667,100.617,6.0,2026-02-16,TMAX,310.0,2026-02,31.0,Max temperature (C)
THM00048453,BANG NA AGROMET,13.667,100.617,6.0,2026-02-16,TMIN,272.0,2026-02,27.2,Min temperature (C)
TH000048450,KANCHANABURI,14.017,99.533,29.0,2026-02-16,TMAX,336.0,2026-02,33.6,Max temperature (C)
TH000048450,KANCHANABURI,14.017,99.533,29.0,2026-02-16,TAVG,304.0,2026-02,30.4,Average temperature (C)
TH000048462,ARANYAPRATHET,13.7,102.583,49.0,2026-02-18,TAVG,308.0,2026-02,30.8,Average temperature (C)
TH000048432,SURIN,14.883,103.5,147.0,2026-02-19,TMIN,223.0,2026-02,22.3,Min temperature (C)
TH000048357,NAKHON PHANOM,17.417,104.783,148.0,2026-02-20,TAVG,255.0,2026-02,25.5,Average temperature (C)
TH000048450,KANCHANABURI,14.017,99.533,29.0,2026-02-20,TMIN,239.0,2026-02,23.9,Min temperature (C)
TH000048455,BANGKOK METROPOLIS,13.733,100.567,4.0,2026-02-20,TAVG,312.0,2026-02,31.2,Average temperature (C)
TH000048432,SURIN,14.883,103.5,147.0,2026-02-20,TMIN,218.0,2026-02,21.8,Min temperature (C)
TH000048425,SUPHAN BURI,14.467,100.133,8.0,2026-02-21,TMAX,335.0,2026-02,33.5,Max temperature (C)
TH000048450,KANCHANABURI,14.017,99.533,29.0,2026-02-21,TMIN,267.0,2026-02,26.7,Min temperature (C)
TH000048357,NAKHON PHANOM,17.417,104.783,148.0,2026-02-22,TAVG,296.0,2026-02,29.6,Average temperature (C)
TH000048351,UTTARADIT,17.617,100.1,64.0,2026-02-22,TMIN,250.0,2026-02,25.0,Min temperature (C)
TH000048351,UTTARADIT,17.617,100.1,64.0,2026-02-22,TMAX,308.0,2026-02,30.8,Max temperature (C)
TH000048450,KANCHANABURI,14.017,99.533,29.0,2026-02-23,TMIN,265.0,2026-02,26.5,Min temperature (C)
TH000048325,MAE SARIANG,18.167,97.933,213.0,2026-02-23,TAVG,253.0,2026-02,25.3,Average temperature (C)
TH000048450,KANCHANABURI,14.017,99.533,29.0,2026-02-24,TMIN,254.0,2026-02,25.4,Min temperature (C)
TH000048426,LOP BURI,14.8,100.617,11.0,2026-02-26,TMAX,327.0,2026-02,32.7,Max temperature (C)
TH000048455,BANGKOK METROPOLIS,13.733,100.567,4.0,2026-02-27,TMAX,355.0,2026-02,35.5,Max temperature (C)
TH000048564,PHUKET,7.883,98.4,3.0,2026-02-27,TAVG,300.0,2026-02,30.0,Average temperature (C)
TH000048325,MAE SARIANG,18.167,97.933,213.0,2026-02-28,TAVG,248.0,2026-02,24.8,Average temperature (C)
TH000048432,SURIN,14.883,103.5,147.0,2026-02-28,TMAX,337.0,2026-02,33.7,Max temperature (C)
TH000048325,MAE SARIANG,18.167,97.933,213.0,2026-03-01,TMAX,310.0,2026-03,31.0,Max temperature (C)
TH000048325,MAE SARIANG,18.167,97.933,213.0,2026-03-03,TAVG,229.0,2026-03,22.9,Average temperature (C)
TH000048357,NAKHON PHANOM,17.417,104.783,148.0,2026-03-03,TMIN,254.0,2026-03,25.4,Min temperature (C)
TH000048383,MUKDAHAN,16.533,104.717,139.0,2026-03-03,TAVG,298.0,2026-03,29.8,Average temperature (C)
TH000048425,SUPHAN BURI,14.467,100.133,8.0,2026-03-03,TAVG,288.0,2026-03,28.8,Average temperature (C)
TH000048564,PHUKET,7.883,98.4,3.0,2026-03-04,TAVG,303.0,2026-03,30.3,Average temperature (C)
THM00048453,BANG NA AGROMET,13.667,100.617,6.0,2026-03-05,TMIN,260.0,2026-03,26.0,Min temperature (C)
TH000048425,SUPHAN BURI,14.467,100.133,8.0,2026-03-05,TMAX,335.0,2026-03,33.5,Max temperature (C)
TH000048426,LOP BURI,14.8,100.617,11.0,2026-03-06,TMAX,345.0,2026-03,34.5,Max temperature (C)
TH000048325,MAE SARIANG,18.167,97.933,213.0,2026-03-07,TMAX,324.0,2026-03,32.4,Max temperature (C)
TH000048564,PHUKET,7.883,98.4,3.0,2026-03-07,TMAX,314.0,2026-03,31.4,Max temperature (C)
TH000048325,MAE SARIANG,18.167,97.933,213.0,2026-03-08,TMIN,191.0,2026-03,19.1,Min temperature (C)
TH000048450,KANCHANABURI,14.017,99.533,29.0,2026-03-09,TMAX,362.0,2026-03,36.2,Max temperature (C)
TH000048425,SUPHAN BURI,14.467,100.133,8.0,2026-03-09,TAVG,306.0,2026-03,30.6,Average temperature (C)
TH000048383,MUKDAHAN,16.533,104.717,139.0,2026-03-09,TMAX,334.0,2026-03,33.4,Max temperature (C)
TH000048564,PHUKET,7.883,98.4,3.0,2026-03-10,TMAX,347.0,2026-03,34.7,Max temperature (C)
TH000048325,MAE SARIANG,18.167,97.933,213.0,2026-03-11,TAVG,219.0,2026-03,21.9,Average temperature (C)
TH000048425,SUPHAN BURI,14.467,100.133,8.0,2026-03-12,TMIN,233.0,2026-03,23.3,Min temperature (C)
TH000048357,NAKHON PHANOM,17.417,104.783,148.0,2026-03-12,TMAX,287.0,2026-03,28.7,Max temperature (C)
TH000048383,MUKDAHAN,16.533,104.717,139.0,2026-03-14,TMIN,200.0,2026-03,20.0,Min temperature (C)
TH000048351,UTTARADIT,17.617,100.1,64.0,2026-03-17,TMIN,235.0,2026-03,23.5,Min temperature (C)
TH000048564,PHUKET,7.883,98.4,3.0,2026-03-17,TMAX,360.0,2026-03,36.0,Max temperature (C)
TH000048455,BANGKOK METROPOLIS,13.733,100.567,4.0,2026-03-17,TAVG,299.0,2026-03,29.9,Average temperature (C)
THM00048453,BANG NA AGROMET,13.667,100.617,6.0,2026-03-18,TAVG,301.0,2026-03,30.1,Average temperature (C)
THM00048453,BANG NA AGROMET,13.667,100.617,6.0,2026-03-18,TMIN,275.0,2026-03,27.5,Min temperature (C)
TH000048425,SUPHAN BURI,14.467,100.133,8.0,2026-03-18,TAVG,296.0,2026-03,29.6,Average temperature (C)
TH000048426,LOP BURI,14.8,100.617,11.0,2026-03-18,TAVG,307.0,2026-03,30.7,Average temperature (C)
TH000048325,MAE SARIANG,18.167,97.933,213.0,2026-03-20,TMAX,360.0,2026-03,36.0,Max temperature (C)
TH000048450,KANCHANABURI,14.017,99.533,29.0,2026-03-20,TAVG,296.0,2026-03,29.6,Average temperature (C)
TH000048564,PHUKET,7.883,98.4,3.0,2026-03-21,TMAX,355.0,2026-03,35.5,Max temperature (C)
TH000048462,ARANYAPRATHET,13.7,102.583,49.0,2026-03-21,TMIN,246.0,2026-03,24.6,Min temperature (C)
TH000048325,MAE SARIANG,18.167,97.933,213.0,2026-03-22,TMAX,350.0,2026-03,35.0,Max temperature (C)
TH000048383,MUKDAHAN,16.533,104.717,139.0,2026-03-22,TAVG,301.0,2026-03,30.1,Average temperature (C)
TH000048425,SUPHAN BURI,14.467,100.133,8.0,2026-03-23,TMAX,370.0,2026-03,37.0,Max temperature (C)
TH000048383,MUKDAHAN,16.533,104.717,139.0,2026-03-24,TMAX,380.0,2026-03,38.0,Max temperature (C)
TH000048501,KHLONG YAI,11.767,102.883,4.0,2026-03-25,TMIN,268.0,2026-03,26.8,Min temperature (C)
TH000048450,KANCHANABURI,14.017,99.533,29.0,2026-03-25,TMAX,360.0,2026-03,36.0,Max temperature (C)
TH000048450,KANCHANABURI,14.017,99.533,29.0,2026-04-03,TMAX,398.0,2026-04,39.8,Max temperature (C)
TH000048501,KHLONG YAI,11.767,102.883,4.0,2026-04-03,TMIN,262.0,2026-04,26.2,Min temperature (C)
TH000048462,ARANYAPRATHET,13.7,102.583,49.0,2026-04-07,TMIN,256.0,2026-04,25.6,Min temperature (C)
TH000048357,NAKHON PHANOM,17.417,104.783,148.0,2026-04-08,TAVG,339.0,2026-04,33.9,Average temperature (C)
TH000048432,SURIN,14.883,103.5,147.0,2026-04-08,TMIN,265.0,2026-04,26.5,Min temperature (C)
TH000048564,PHUKET,7.883,98.4,3.0,2026-04-08,TAVG,318.0,2026-04,31.8,Average temperature (C)
TH000048325,MAE SARIANG,18.167,97.933,213.0,2026-04-10,TMIN,222.0,2026-04,22.2,Min temperature (C)
TH000048462,ARANYAPRATHET,13.7,102.583,49.0,2026-04-11,TMIN,251.0,2026-04,25.1,Min temperature (C)
TH000048383,MUKDAHAN,16.533,104.717,139.0,2026-04-11,TMAX,400.0,2026-04,40.0,Max temperature (C)
TH000048462,ARANYAPRATHET,13.7,102.583,49.0,2026-04-14,TMIN,271.0,2026-04,27.1,Min temperature (C)
TH000048432,SURIN,14.883,103.5,147.0,2026-04-15,TMIN,272.0,2026-04,27.2,Min temperature (C)
THM00048453,BANG NA AGROMET,13.667,100.617,6.0,2026-04-15,TMAX,357.0,2026-04,35.7,Max temperature (C)
TH000048450,KANCHANABURI,14.017,99.533,29.0,2026-04-15,TAVG,332.0,2026-04,33.2,Average temperature (C)
TH000048383,MUKDAHAN,16.533,104.717,139.0,2026-04-16,TAVG,341.0,2026-04,34.1,Average temperature (C)
TH000048455,BANGKOK METROPOLIS,13.733,100.567,4.0,2026-04-16,TAVG,325.0,2026-04,32.5,Average temperature (C)
TH000048450,KANCHANABURI,14.017,99.533,29.0,2026-04-16,TMAX,406.0,2026-04,40.6,Max temperature (C)
TH000048426,LOP BURI,14.8,100.617,11.0,2026-04-17,TMAX,393.0,2026-04,39.3,Max temperature (C)
TH000048383,MUKDAHAN,16.533,104.717,139.0,2026-04-18,TMAX,364.0,2026-04,36.4,Max temperature (C)
TH000048455,BANGKOK METROPOLIS,13.733,100.567,4.0,2026-04-18,TMAX,371.0,2026-04,37.1,Max temperature (C)
TH000048426,LOP BURI,14.8,100.617,11.0,2026-04-18,TMIN,279.0,2026-04,27.9,Min temperature (C)
TH000048383,MUKDAHAN,16.533,104.717,139.0,2026-04-19,TAVG,264.0,2026-04,26.4,Average temperature (C)
THM00048453,BANG NA AGROMET,13.667,100.617,6.0,2026-04-19,TMAX,352.0,2026-04,35.2,Max temperature (C)
TH000048425,SUPHAN BURI,14.467,100.133,8.0,2026-04-23,TMIN,273.0,2026-04,27.3,Min temperature (C)
TH000048462,ARANYAPRATHET,13.7,102.583,49.0,2026-04-24,TMIN,268.0,2026-04,26.8,Min temperature (C)
TH000048357,NAKHON PHANOM,17.417,104.783,148.0,2026-04-25,TMAX,327.0,2026-04,32.7,Max temperature (C)
TH000048383,MUKDAHAN,16.533,104.717,139.0,2026-04-26,TAVG,291.0,2026-04,29.1,Average temperature (C)
TH000048351,UTTARADIT,17.617,100.1,64.0,2026-04-28,TMAX,395.0,2026-04,39.5,Max temperature (C)
TH000048325,MAE SARIANG,18.167,97.933,213.0,2026-04-28,TAVG,296.0,2026-04,29.6,Average temperature (C)
TH000048564,PHUKET,7.883,98.4,3.0,2026-04-28,TMAX,362.0,2026-04,36.2,Max temperature (C)
TH000048357,NAKHON PHANOM,17.417,104.783,148.0,2026-04-29,TAVG,294.0,2026-04,29.4,Average temperature (C)
TH000048357,NAKHON PHANOM,17.417,104.783,148.0,2026-04-30,TAVG,281.0,2026-04,28.1,Average temperature (C)
TH000048357,NAKHON PHANOM,17.417,104.783,148.0,2026-05-02,TAVG,304.0,2026-05,30.4,Average temperature (C)
TH000048564,PHUKET,7.883,98.4,3.0,2026-05-02,TMAX,350.0,2026-05,35.0,Max temperature (C)
TH000048564,PHUKET,7.883,98.4,3.0,2026-05-03,TAVG,289.0,2026-05,28.9,Average temperature (C)
TH000048383,MUKDAHAN,16.533,104.717,139.0,2026-05-03,TMIN,252.0,2026-05,25.2,Min temperature (C)
TH000048357,NAKHON PHANOM,17.417,104.783,148.0,2026-05-03,TMIN,247.0,2026-05,24.7,Min temperature (C)
TH000048357,NAKHON PHANOM,17.417,104.783,148.0,2026-05-04,TMAX,355.0,2026-05,35.5,Max temperature (C)
TH000048426,LOP BURI,14.8,100.617,11.0,2026-05-05,TMAX,361.0,2026-05,36.1,Max temperature (C)
TH000048455,BANGKOK METROPOLIS,13.733,100.567,4.0,2026-05-05,TAVG,309.0,2026-05,30.9,Average temperature (C)
TH000048455,BANGKOK METROPOLIS,13.733,100.567,4.0,2026-05-06,TMAX,368.0,2026-05,36.8,Max temperature (C)
TH000048325,MAE SARIANG,18.167,97.933,213.0,2026-05-06,TMIN,242.0,2026-05,24.2,Min temperature (C)
TH000048383,MUKDAHAN,16.533,104.717,139.0,2026-05-07,TMAX,369.0,2026-05,36.9,Max temperature (C)
TH000048432,SURIN,14.883,103.5,147.0,2026-05-09,TMAX,356.0,2026-05,35.6,Max temperature (C)
TH000048501,KHLONG YAI,11.767,102.883,4.0,2026-05-11,TAVG,285.0,2026-05,28.5,Average temperature (C)
TH000048425,SUPHAN BURI,14.467,100.133,8.0,2026-05-13,TAVG,303.0,2026-05,30.3,Average temperature (C)
TH000048383,MUKDAHAN,16.533,104.717,139.0,2026-05-13,TAVG,312.0,2026-05,31.2,Average temperature (C)
TH000048455,BANGKOK METROPOLIS,13.733,100.567,4.0,2026-05-14,TMIN,263.0,2026-05,26.3,Min temperature (C)
TH000048357,NAKHON PHANOM,17.417,104.783,148.0,2026-05-14,TMIN,257.0,2026-05,25.7,Min temperature (C)
TH000048425,SUPHAN BURI,14.467,100.133,8.0,2026-05-14,TMAX,352.0,2026-05,35.2,Max temperature (C)
TH000048501,KHLONG YAI,11.767,102.883,4.0,2026-05-15,TAVG,293.0,2026-05,29.3,Average temperature (C)
TH000048462,ARANYAPRATHET,13.7,102.583,49.0,2026-05-15,TMIN,271.0,2026-05,27.1,Min temperature (C)
THM00048453,BANG NA AGROMET,13.667,100.617,6.0,2026-05-15,TMIN,272.0,2026-05,27.2,Min temperature (C)
TH000048501,KHLONG YAI,11.767,102.883,4.0,2026-05-16,TMIN,257.0,2026-05,25.7,Min temperature (C)
TH000048357,NAKHON PHANOM,17.417,104.783,148.0,2026-05-17,TMAX,336.0,2026-05,33.6,Max temperature (C)
TH000048455,BANGKOK METROPOLIS,13.733,100.567,4.0,2026-05-18,TAVG,311.0,2026-05,31.1,Average temperature (C)
TH000048564,PHUKET,7.883,98.4,3.0,2026-05-19,TMAX,288.0,2026-05,28.8,Max temperature (C)
TH000048450,KANCHANABURI,14.017,99.533,29.0,2026-05-19,TMAX,326.0,2026-05,32.6,Max temperature (C)
TH000048564,PHUKET,7.883,98.4,3.0,2026-05-20,TMAX,262.0,2026-05,26.2,Max temperature (C)
TH000048425,SUPHAN BURI,14.467,100.133,8.0,2026-05-21,TMAX,353.0,2026-05,35.3,Max temperature (C)
THM00048453,BANG NA AGROMET,13.667,100.617,6.0,2026-01-01,TAVG,268.0,2026-01,26.8,Average temperature (C)
TH000048501,KHLONG YAI,11.767,102.883,4.0,2026-01-04,TMIN,207.0,2026-01,20.7,Min temperature (C)
TH000048455,BANGKOK METROPOLIS,13.733,100.567,4.0,2026-01-05,TMAX,335.0,2026-01,33.5,Max temperature (C)
THM00048453,BANG NA AGROMET,13.667,100.617,6.0,2026-01-05,TMAX,325.0,2026-01,32.5,Max temperature (C)
TH000048462,ARANYAPRATHET,13.7,102.583,49.0,2026-01-05,TMAX,322.0,2026-01,32.2,Max temperature (C)
TH000048564,PHUKET,7.883,98.4,3.0,2026-01-05,TMIN,252.0,2026-01,25.2,Min temperature (C)
TH000048357,NAKHON PHANOM,17.417,104.783,148.0,2026-01-05,TMAX,294.0,2026-01,29.4,Max temperature (C)
TH000048351,UTTARADIT,17.617,100.1,64.0,2026-01-05,TMAX,309.0,2026-01,30.9,Max temperature (C)
TH000048462,ARANYAPRATHET,13.7,102.583,49.0,2026-01-07,TAVG,231.0,2026-01,23.1,Average temperature (C)
TH000048432,SURIN,14.883,103.5,147.0,2026-01-07,TAVG,206.0,2026-01,20.6,Average temperature (C)
TH000048425,SUPHAN BURI,14.467,100.133,8.0,2026-01-07,TMAX,285.0,2026-01,28.5,Max temperature (C)
TH000048462,ARANYAPRATHET,13.7,102.583,49.0,2026-01-07,TMIN,173.0,2026-01,17.3,Min temperature (C)
TH000048450,KANCHANABURI,14.017,99.533,29.0,2026-01-08,TAVG,227.0,2026-01,22.7,Average temperature (C)
TH000048425,SUPHAN BURI,14.467,100.133,8.0,2026-01-09,TAVG,206.0,2026-01,20.6,Average temperature (C)
TH000048426,LOP BURI,14.8,100.617,11.0,2026-01-10,TMIN,149.0,2026-01,14.9,Min temperature (C)
TH000048450,KANCHANABURI,14.017,99.533,29.0,2026-01-10,TMAX,293.0,2026-01,29.3,Max temperature (C)
TH000048564,PHUKET,7.883,98.4,3.0,2026-01-11,TMAX,320.0,2026-01,32.0,Max temperature (C)
TH000048450,KANCHANABURI,14.017,99.533,29.0,2026-01-12,TMIN,159.0,2026-01,15.9,Min temperature (C)
THM00048453,BANG NA AGROMET,13.667,100.617,6.0,2026-01-12,TMAX,307.0,2026-01,30.7,Max temperature (C)
TH000048426,LOP BURI,14.8,100.617,11.0,2026-01-14,TMIN,175.0,2026-01,17.5,Min temperature (C)
TH000048432,SURIN,14.883,103.5,147.0,2026-01-15,TMIN,200.0,2026-01,20.0,Min temperature (C)
TH000048501,KHLONG YAI,11.767,102.883,4.0,2026-01-15,TMIN,222.0,2026-01,22.2,Min temperature (C)
THM00048453,BANG NA AGROMET,13.667,100.617,6.0,2026-01-16,TMIN,235.0,2026-01,23.5,Min temperature (C)
TH000048432,SURIN,14.883,103.5,147.0,2026-01-17,TMAX,335.0,2026-01,33.5,Max temperature (C)
THM00048453,BANG NA AGROMET,13.667,100.617,6.0,2026-01-18,TMIN,238.0,2026-01,23.8,Min temperature (C)
TH000048351,UTTARADIT,17.617,100.1,64.0,2026-01-18,TAVG,253.0,2026-01,25.3,Average temperature (C)
TH000048450,KANCHANABURI,14.017,99.533,29.0,2026-01-19,TAVG,272.0,2026-01,27.2,Average temperature (C)
TH000048450,KANCHANABURI,14.017,99.533,29.0,2026-01-19,TMAX,354.0,2026-01,35.4,Max temperature (C)
TH000048325,MAE SARIANG,18.167,97.933,213.0,2026-01-19,TMAX,316.0,2026-01,31.6,Max temperature (C)
TH000048432,SURIN,14.883,103.5,147.0,2026-01-20,TAVG,275.0,2026-01,27.5,Average temperature (C)
TH000048564,PHUKET,7.883,98.4,3.0,2026-01-20,TAVG,284.0,2026-01,28.4,Average temperature (C)
TH000048325,MAE SARIANG,18.167,97.933,213.0,2026-01-20,TMIN,123.0,2026-01,12.3,Min temperature (C)
TH000048325,MAE SARIANG,18.167,97.933,213.0,2026-01-21,TAVG,195.0,2026-01,19.5,Average temperature (C)
TH000048450,KANCHANABURI,14.017,99.533,29.0,2026-01-21,TMAX,327.0,2026-01,32.7,Max temperature (C)
TH000048383,MUKDAHAN,16.533,104.717,139.0,2026-01-22,TMIN,160.0,2026-01,16.0,Min temperature (C)
TH000048425,SUPHAN BURI,14.467,100.133,8.0,2026-01-22,TMAX,320.0,2026-01,32.0,Max temperature (C)
TH000048462,ARANYAPRATHET,13.7,102.583,49.0,2026-01-22,TMIN,196.0,2026-01,19.6,Min temperature (C)
TH000048564,PHUKET,7.883,98.4,3.0,2026-01-23,TMAX,337.0,2026-01,33.7,Max temperature (C)
TH000048462,ARANYAPRATHET,13.7,102.583,49.0,2026-01-23,TAVG,252.0,2026-01,25.2,Average temperature (C)
TH000048357,NAKHON PHANOM,17.417,104.783,148.0,2026-01-24,TMIN,155.0,2026-01,15.5,Min temperature (C)
TH000048432,SURIN,14.883,103.5,147.0,2026-01-25,TMIN,172.0,2026-01,17.2,Min temperature (C)
TH000048426,LOP BURI,14.8,100.617,11.0,2026-01-25,TAVG,252.0,2026-01,25.2,Average temperature (C)
TH000048357,NAKHON PHANOM,17.417,104.783,148.0,2026-01-26,TMIN,169.0,2026-01,16.9,Min temperature (C)
TH000048501,KHLONG YAI,11.767,102.883,4.0,2026-01-26,TAVG,253.0,2026-01,25.3,Average temperature (C)
TH000048501,KHLONG YAI,11.767,102.883,4.0,2026-01-27,TMIN,212.0,2026-01,21.2,Min temperature (C)
TH000048426,LOP BURI,14.8,100.617,11.0,2026-01-28,TMAX,330.0,2026-01,33.0,Max temperature (C)
TH000048455,BANGKOK METROPOLIS,13.733,100.567,4.0,2026-01-28,TMAX,341.0,2026-01,34.1,Max temperature (C)
TH000048351,UTTARADIT,17.617,100.1,64.0,2026-01-29,TMAX,325.0,2026-01,32.5,Max temperature (C)
TH000048455,BANGKOK METROPOLIS,13.733,100.567,4.0,2026-01-29,TAVG,290.0,2026-01,29.0,Average temperature (C)
TH000048564,PHUKET,7.883,98.4,3.0,2026-01-29,TAVG,289.0,2026-01,28.9,Average temperature (C)
TH000048383,MUKDAHAN,16.533,104.717,139.0,2026-01-30,TAVG,247.0,2026-01,24.7,Average temperature (C)
TH000048351,UTTARADIT,17.617,100.1,64.0,2026-01-31,TMIN,190.0,2026-01,19.0,Min temperature (C)
TH000048501,KHLONG YAI,11.767,102.883,4.0,2026-02-01,TMIN,218.0,2026-02,21.8,Min temperature (C)
TH000048455,BANGKOK METROPOLIS,13.733,100.567,4.0,2026-02-01,TMAX,345.0,2026-02,34.5,Max temperature (C)
TH000048383,MUKDAHAN,16.533,104.717,139.0,2026-02-01,TAVG,244.0,2026-02,24.4,Average temperature (C)
TH000048501,KHLONG YAI,11.767,102.883,4.0,2026-02-01,TAVG,269.0,2026-02,26.9,Average temperature (C)
TH000048501,KHLONG YAI,11.767,102.883,4.0,2026-02-01,TMAX,316.0,2026-02,31.6,Max temperature (C)
TH000048425,SUPHAN BURI,14.467,100.133,8.0,2026-02-02,TMIN,212.0,2026-02,21.2,Min temperature (C)
TH000048455,BANGKOK METROPOLIS,13.733,100.567,4.0,2026-02-02,TMAX,336.0,2026-02,33.6,Max temperature (C)
TH000048455,BANGKOK METROPOLIS,13.733,100.567,4.0,2026-02-03,TAVG,290.0,2026-02,29.0,Average temperature (C)
THM00048453,BANG NA AGROMET,13.667,100.617,6.0,2026-02-03,TMIN,236.0,2026-02,23.6,Min temperature (C)
TH000048450,KANCHANABURI,14.017,99.533,29.0,2026-02-04,TMAX,346.0,2026-02,34.6,Max temperature (C)
TH000048383,MUKDAHAN,16.533,104.717,139.0,2026-02-04,TMAX,320.0,2026-02,32.0,Max temperature (C)
TH000048501,KHLONG YAI,11.767,102.883,4.0,2026-02-06,TMIN,244.0,2026-02,24.4,Min temperature (C)
TH000048432,SURIN,14.883,103.5,147.0,2026-02-07,TAVG,296.0,2026-02,29.6,Average temperature (C)
TH000048501,KHLONG YAI,11.767,102.883,4.0,2026-02-08,TMAX,311.0,2026-02,31.1,Max temperature (C)
TH000048426,LOP BURI,14.8,100.617,11.0,2026-02-09,TMIN,211.0,2026-02,21.1,Min temperature (C)
TH000048432,SURIN,14.883,103.5,147.0,2026-02-09,TMAX,325.0,2026-02,32.5,Max temperature (C)
TH000048432,SURIN,14.883,103.5,147.0,2026-02-10,TMAX,338.0,2026-02,33.8,Max temperature (C)
TH000048325,MAE SARIANG,18.167,97.933,213.0,2026-02-10,TMAX,355.0,2026-02,35.5,Max temperature (C)
TH000048325,MAE SARIANG,18.167,97.933,213.0,2026-02-11,TMAX,350.0,2026-02,35.0,Max temperature (C)
TH000048462,ARANYAPRATHET,13.7,102.583,49.0,2026-02-11,TAVG,304.0,2026-02,30.4,Average temperature (C)
TH000048501,KHLONG YAI,11.767,102.883,4.0,2026-02-12,TAVG,276.0,2026-02,27.6,Average temperature (C)
TH000048425,SUPHAN BURI,14.467,100.133,8.0,2026-02-14,TMIN,260.0,2026-02,26.0,Min temperature (C)
TH000048450,KANCHANABURI,14.017,99.533,29.0,2026-02-14,TAVG,279.0,2026-02,27.9,Average temperature (C)
TH000048325,MAE SARIANG,18.167,97.933,213.0,2026-02-15,TMAX,316.0,2026-02,31.6,Max temperature (C)
TH000048432,SURIN,14.883,103.5,147.0,2026-02-16,TMIN,237.0,2026-02,23.7,Min temperature (C)
TH000048351,UTTARADIT,17.617,100.1,64.0,2026-02-16,TMAX,335.0,2026-02,33.5,Max temperature (C)
TH000048357,NAKHON PHANOM,17.417,104.783,148.0,2026-02-16,TAVG,275.0,2026-02,27.5,Average temperature (C)
TH000048462,ARANYAPRATHET,13.7,102.583,49.0,2026-02-16,TMAX,333.0,2026-02,33.3,Max temperature (C)
TH000048425,SUPHAN BURI,14.467,100.133,8.0,2026-02-18,TMIN,255.0,2026-02,25.5,Min temperature (C)
TH000048425,SUPHAN BURI,14.467,100.133,8.0,2026-02-18,TAVG,289.0,2026-02,28.9,Average temperature (C)
THM00048453,BANG NA AGROMET,13.667,100.617,6.0,2026-02-19,TMAX,337.0,2026-02,33.7,Max temperature (C)
TH000048383,MUKDAHAN,16.533,104.717,139.0,2026-02-21,TAVG,273.0,2026-02,27.3,Average temperature (C)
TH000048425,SUPHAN BURI,14.467,100.133,8.0,2026-02-21,TAVG,298.0,2026-02,29.8,Average temperature (C)
TH000048432,SURIN,14.883,103.5,147.0,2026-02-21,TAVG,285.0,2026-02,28.5,Average temperature (C)
TH000048455,BANGKOK METROPOLIS,13.733,100.567,4.0,2026-02-22,TAVG,307.0,2026-02,30.7,Average temperature (C)
TH000048383,MUKDAHAN,16.533,104.717,139.0,2026-02-23,TMAX,345.0,2026-02,34.5,Max temperature (C)
THM00048453,BANG NA AGROMET,13.667,100.617,6.0,2026-02-23,TMIN,281.0,2026-02,28.1,Min temperature (C)
TH000048426,LOP BURI,14.8,100.617,11.0,2026-02-24,TAVG,294.0,2026-02,29.4,Average temperature (C)
TH000048455,BANGKOK METROPOLIS,13.733,100.567,4.0,2026-02-24,TMIN,278.0,2026-02,27.8,Min temperature (C)
TH000048383,MUKDAHAN,16.533,104.717,139.0,2026-02-25,TMAX,327.0,2026-02,32.7,Max temperature (C)
TH000048425,SUPHAN BURI,14.467,100.133,8.0,2026-02-25,TAVG,290.0,2026-02,29.0,Average temperature (C)
TH000048432,SURIN,14.883,103.5,147.0,2026-02-25,TAVG,295.0,2026-02,29.5,Average temperature (C)
TH000048425,SUPHAN BURI,14.467,100.133,8.0,2026-02-26,TMIN,241.0,2026-02,24.1,Min temperature (C)
TH000048351,UTTARADIT,17.617,100.1,64.0,2026-02-27,TMAX,355.0,2026-02,35.5,Max temperature (C)
TH000048357,NAKHON PHANOM,17.417,104.783,148.0,2026-02-27,TAVG,268.0,2026-02,26.8,Average temperature (C)
TH000048383,MUKDAHAN,16.533,104.717,139.0,2026-02-28,TMAX,329.0,2026-02,32.9,Max temperature (C)
TH000048383,MUKDAHAN,16.533,104.717,139.0,2026-03-01,TMAX,332.0,2026-03,33.2,Max temperature (C)
TH000048325,MAE SARIANG,18.167,97.933,213.0,2026-03-02,TMIN,156.0,2026-03,15.6,Min temperature (C)
TH000048501,KHLONG YAI,11.767,102.883,4.0,2026-03-04,TMIN,252.0,2026-03,25.2,Min temperature (C)
TH000048357,NAKHON PHANOM,17.417,104.783,148.0,2026-03-05,TMAX,281.0,2026-03,28.1,Max temperature (C)
TH000048501,KHLONG YAI,11.767,102.883,4.0,2026-03-06,TMAX,322.0,2026-03,32.2,Max temperature (C)
TH000048455,BANGKOK METROPOLIS,13.733,100.567,4.0,2026-03-06,TMAX,352.0,2026-03,35.2,Max temperature (C)
TH000048425,SUPHAN BURI,14.467,100.133,8.0,2026-03-07,TMAX,331.0,2026-03,33.1,Max temperature (C)
TH000048426,LOP BURI,14.8,100.617,11.0,2026-03-08,TMAX,360.0,2026-03,36.0,Max temperature (C)
TH000048564,PHUKET,7.883,98.4,3.0,2026-03-11,TMAX,355.0,2026-03,35.5,Max temperature (C)
TH000048357,NAKHON PHANOM,17.417,104.783,148.0,2026-03-11,TAVG,249.0,2026-03,24.9,Average temperature (C)
TH000048325,MAE SARIANG,18.167,97.933,213.0,2026-03-12,TMAX,340.0,2026-03,34.0,Max temperature (C)
TH000048462,ARANYAPRATHET,13.7,102.583,49.0,2026-03-12,TMAX,307.0,2026-03,30.7,Max temperature (C)
TH000048462,ARANYAPRATHET,13.7,102.583,49.0,2026-03-13,TMAX,331.0,2026-03,33.1,Max temperature (C)
TH000048450,KANCHANABURI,14.017,99.533,29.0,2026-03-14,TMIN,255.0,2026-03,25.5,Min temperature (C)
TH000048351,UTTARADIT,17.617,100.1,64.0,2026-03-14,TMAX,340.0,2026-03,34.0,Max temperature (C)
TH000048501,KHLONG YAI,11.767,102.883,4.0,2026-03-14,TAVG,279.0,2026-03,27.9,Average temperature (C)
TH000048357,NAKHON PHANOM,17.417,104.783,148.0,2026-03-14,TAVG,255.0,2026-03,25.5,Average temperature (C)
TH000048325,MAE SARIANG,18.167,97.933,213.0,2026-03-15,TMAX,347.0,2026-03,34.7,Max temperature (C)
TH000048325,MAE SARIANG,18.167,97.933,213.0,2026-03-16,TMAX,297.0,2026-03,29.7,Max temperature (C)
TH000048501,KHLONG YAI,11.767,102.883,4.0,2026-03-16,TMIN,234.0,2026-03,23.4,Min temperature (C)
TH000048425,SUPHAN BURI,14.467,100.133,8.0,2026-03-16,TAVG,299.0,2026-03,29.9,Average temperature (C)
TH000048450,KANCHANABURI,14.017,99.533,29.0,2026-03-17,TMAX,361.0,2026-03,36.1,Max temperature (C)
TH000048325,MAE SARIANG,18.167,97.933,213.0,2026-03-17,TMAX,350.0,2026-03,35.0,Max temperature (C)
TH000048432,SURIN,14.883,103.5,147.0,2026-03-18,TAVG,302.0,2026-03,30.2,Average temperature (C)
TH000048564,PHUKET,7.883,98.4,3.0,2026-03-19,TMIN,285.0,2026-03,28.5,Min temperature (C)
TH000048325,MAE SARIANG,18.167,97.933,213.0,2026-03-20,TAVG,271.0,2026-03,27.1,Average temperature (C)
THM00048453,BANG NA AGROMET,13.667,100.617,6.0,2026-03-21,TAVG,301.0,2026-03,30.1,Average temperature (C)
TH000048426,LOP BURI,14.8,100.617,11.0,2026-03-22,TMIN,274.0,2026-03,27.4,Min temperature (C)
TH000048426,LOP BURI,14.8,100.617,11.0,2026-03-23,TMIN,271.0,2026-03,27.1,Min temperature (C)
TH000048462,ARANYAPRATHET,13.7,102.583,49.0,2026-03-23,TMIN,260.0,2026-03,26.0,Min temperature (C)
TH000048455,BANGKOK METROPOLIS,13.733,100.567,4.0,2026-03-24,TMAX,351.0,2026-03,35.1,Max temperature (C)
TH000048432,SURIN,14.883,103.5,147.0,2026-03-24,TMIN,258.0,2026-03,25.8,Min temperature (C)
TH000048351,UTTARADIT,17.617,100.1,64.0,2026-03-24,TMIN,235.0,2026-03,23.5,Min temperature (C)
TH000048426,LOP BURI,14.8,100.617,11.0,2026-03-25,TMIN,273.0,2026-03,27.3,Min temperature (C)
TH000048432,SURIN,14.883,103.5,147.0,2026-03-25,TMAX,367.0,2026-03,36.7,Max temperature (C)
TH000048325,MAE SARIANG,18.167,97.933,213.0,2026-03-25,TMAX,370.0,2026-03,37.0,Max temperature (C)
TH000048325,MAE SARIANG,18.167,97.933,213.0,2026-04-02,TMAX,379.0,2026-04,37.9,Max temperature (C)
TH000048501,KHLONG YAI,11.767,102.883,4.0,2026-04-02,TAVG,294.0,2026-04,29.4,Average temperature (C)
TH000048383,MUKDAHAN,16.533,104.717,139.0,2026-04-02,TMAX,389.0,2026-04,38.9,Max temperature (C)
TH000048357,NAKHON PHANOM,17.417,104.783,148.0,2026-04-02,TAVG,329.0,2026-04,32.9,Average temperature (C)
TH000048357,NAKHON PHANOM,17.417,104.783,148.0,2026-04-02,TMIN,272.0,2026-04,27.2,Min temperature (C)
TH000048564,PHUKET,7.883,98.4,3.0,2026-04-03,TMIN,266.0,2026-04,26.6,Min temperature (C)
THM00048453,BANG NA AGROMET,13.667,100.617,6.0,2026-04-03,TMIN,286.0,2026-04,28.6,Min temperature (C)
TH000048501,KHLONG YAI,11.767,102.883,4.0,2026-04-04,TMIN,260.0,2026-04,26.0,Min temperature (C)
TH000048450,KANCHANABURI,14.017,99.533,29.0,2026-04-04,TMAX,400.0,2026-04,40.0,Max temperature (C)
TH000048357,NAKHON PHANOM,17.417,104.783,148.0,2026-04-04,TMIN,291.0,2026-04,29.1,Min temperature (C)
TH000048351,UTTARADIT,17.617,100.1,64.0,2026-04-06,TAVG,320.0,2026-04,32.0,Average temperature (C)
TH000048455,BANGKOK METROPOLIS,13.733,100.567,4.0,2026-04-07,TMIN,288.0,2026-04,28.8,Min temperature (C)
TH000048501,KHLONG YAI,11.767,102.883,4.0,2026-04-07,TMIN,255.0,2026-04,25.5,Min temperature (C)
TH000048501,KHLONG YAI,11.767,102.883,4.0,2026-04-07,TMAX,332.0,2026-04,33.2,Max temperature (C)
TH000048357,NAKHON PHANOM,17.417,104.783,148.0,2026-04-09,TMAX,406.0,2026-04,40.6,Max temperature (C)
TH000048426,LOP BURI,14.8,100.617,11.0,2026-04-09,TMIN,268.0,2026-04,26.8,Min temperature (C)
TH000048455,BANGKOK METROPOLIS,13.733,100.567,4.0,2026-04-09,TMIN,290.0,2026-04,29.0,Min temperature (C)
TH000048351,UTTARADIT,17.617,100.1,64.0,2026-04-10,TMAX,399.0,2026-04,39.9,Max temperature (C)
TH000048455,BANGKOK METROPOLIS,13.733,100.567,4.0,2026-04-10,TAVG,316.0,2026-04,31.6,Average temperature (C)
TH000048450,KANCHANABURI,14.017,99.533,29.0,2026-04-10,TMAX,397.0,2026-04,39.7,Max temperature (C)
TH000048425,SUPHAN BURI,14.467,100.133,8.0,2026-04-11,TAVG,314.0,2026-04,31.4,Average temperature (C)
TH000048357,NAKHON PHANOM,17.417,104.783,148.0,2026-04-11,TMIN,258.0,2026-04,25.8,Min temperature (C)
THM00048453,BANG NA AGROMET,13.667,100.617,6.0,2026-04-12,TAVG,321.0,2026-04,32.1,Average temperature (C)
TH000048432,SURIN,14.883,103.5,147.0,2026-04-13,TMAX,399.0,2026-04,39.9,Max temperature (C)
TH000048501,KHLONG YAI,11.767,102.883,4.0,2026-04-14,TAVG,300.0,2026-04,30.0,Average temperature (C)
TH000048383,MUKDAHAN,16.533,104.717,139.0,2026-04-14,TMIN,286.0,2026-04,28.6,Min temperature (C)
TH000048426,LOP BURI,14.8,100.617,11.0,2026-04-15,TAVG,325.0,2026-04,32.5,Average temperature (C)
TH000048357,NAKHON PHANOM,17.417,104.783,148.0,2026-04-15,TAVG,339.0,2026-04,33.9,Average temperature (C)
TH000048383,MUKDAHAN,16.533,104.717,139.0,2026-04-15,TMAX,410.0,2026-04,41.0,Max temperature (C)
TH000048501,KHLONG YAI,11.767,102.883,4.0,2026-04-15,TAVG,301.0,2026-04,30.1,Average temperature (C)
TH000048383,MUKDAHAN,16.533,104.717,139.0,2026-04-15,TMIN,292.0,2026-04,29.2,Min temperature (C)
TH000048357,NAKHON PHANOM,17.417,104.783,148.0,2026-04-16,TMAX,390.0,2026-04,39.0,Max temperature (C)
TH000048426,LOP BURI,14.8,100.617,11.0,2026-04-17,TAVG,325.0,2026-04,32.5,Average temperature (C)
TH000048564,PHUKET,7.883,98.4,3.0,2026-04-17,TMIN,277.0,2026-04,27.7,Min temperature (C)
THM00048453,BANG NA AGROMET,13.667,100.617,6.0,2026-04-17,TMAX,355.0,2026-04,35.5,Max temperature (C)
TH000048357,NAKHON PHANOM,17.417,104.783,148.0,2026-04-17,TAVG,319.0,2026-04,31.9,Average temperature (C)
TH000048501,KHLONG YAI,11.767,102.883,4.0,2026-04-17,TMIN,244.0,2026-04,24.4,Min temperature (C)
TH000048450,KANCHANABURI,14.017,99.533,29.0,2026-04-18,TMAX,415.0,2026-04,41.5,Max temperature (C)
TH000048426,LOP BURI,14.8,100.617,11.0,2026-04-18,TMAX,395.0,2026-04,39.5,Max temperature (C)
TH000048325,MAE SARIANG,18.167,97.933,213.0,2026-04-19,TMIN,230.0,2026-04,23.0,Min temperature (C)
TH000048450,KANCHANABURI,14.017,99.533,29.0,2026-04-19,TMIN,272.0,2026-04,27.2,Min temperature (C)
TH000048462,ARANYAPRATHET,13.7,102.583,49.0,2026-04-20,TAVG,286.0,2026-04,28.6,Average temperature (C)
TH000048501,KHLONG YAI,11.767,102.883,4.0,2026-04-20,TAVG,270.0,2026-04,27.0,Average temperature (C)
TH000048426,LOP BURI,14.8,100.617,11.0,2026-04-22,TMAX,379.0,2026-04,37.9,Max temperature (C)
TH000048462,ARANYAPRATHET,13.7,102.583,49.0,2026-04-22,TMAX,387.0,2026-04,38.7,Max temperature (C)
TH000048357,NAKHON PHANOM,17.417,104.783,148.0,2026-04-23,TMAX,376.0,2026-04,37.6,Max temperature (C)
TH000048455,BANGKOK METROPOLIS,13.733,100.567,4.0,2026-04-23,TMAX,357.0,2026-04,35.7,Max temperature (C)
TH000048564,PHUKET,7.883,98.4,3.0,2026-04-23,TMIN,268.0,2026-04,26.8,Min temperature (C)
TH000048383,MUKDAHAN,16.533,104.717,139.0,2026-04-24,TAVG,241.0,2026-04,24.1,Average temperature (C)
TH000048450,KANCHANABURI,14.017,99.533,29.0,2026-04-25,TAVG,315.0,2026-04,31.5,Average temperature (C)
TH000048383,MUKDAHAN,16.533,104.717,139.0,2026-04-26,TMAX,345.0,2026-04,34.5,Max temperature (C)
TH000048383,MUKDAHAN,16.533,104.717,139.0,2026-04-26,TMIN,242.0,2026-04,24.2,Min temperature (C)
TH000048501,KHLONG YAI,11.767,102.883,4.0,2026-04-28,TAVG,298.0,2026-04,29.8,Average temperature (C)
THM00048453,BANG NA AGROMET,13.667,100.617,6.0,2026-04-29,TAVG,328.0,2026-04,32.8,Average temperature (C)
TH000048351,UTTARADIT,17.617,100.1,64.0,2026-05-01,TAVG,305.0,2026-05,30.5,Average temperature (C)
TH000048501,KHLONG YAI,11.767,102.883,4.0,2026-05-01,TMAX,339.0,2026-05,33.9,Max temperature (C)
TH000048351,UTTARADIT,17.617,100.1,64.0,2026-05-04,TAVG,315.0,2026-05,31.5,Average temperature (C)
TH000048450,KANCHANABURI,14.017,99.533,29.0,2026-05-04,TMAX,396.0,2026-05,39.6,Max temperature (C)
TH000048501,KHLONG YAI,11.767,102.883,4.0,2026-05-05,TMIN,251.0,2026-05,25.1,Min temperature (C)
TH000048325,MAE SARIANG,18.167,97.933,213.0,2026-05-07,TAVG,327.0,2026-05,32.7,Average temperature (C)
TH000048450,KANCHANABURI,14.017,99.533,29.0,2026-05-07,TAVG,316.0,2026-05,31.6,Average temperature (C)
TH000048432,SURIN,14.883,103.5,147.0,2026-05-08,TMIN,257.0,2026-05,25.7,Min temperature (C)
TH000048351,UTTARADIT,17.617,100.1,64.0,2026-05-08,TMIN,270.0,2026-05,27.0,Min temperature (C)
TH000048455,BANGKOK METROPOLIS,13.733,100.567,4.0,2026-05-09,TMIN,252.0,2026-05,25.2,Min temperature (C)
TH000048455,BANGKOK METROPOLIS,13.733,100.567,4.0,2026-05-10,TMIN,268.0,2026-05,26.8,Min temperature (C)
TH000048426,LOP BURI,14.8,100.617,11.0,2026-05-11,TAVG,291.0,2026-05,29.1,Average temperature (C)
TH000048501,KHLONG YAI,11.767,102.883,4.0,2026-05-11,TMAX,367.0,2026-05,36.7,Max temperature (C)
TH000048426,LOP BURI,14.8,100.617,11.0,2026-05-12,TMAX,338.0,2026-05,33.8,Max temperature (C)
TH000048325,MAE SARIANG,18.167,97.933,213.0,2026-05-12,TAVG,266.0,2026-05,26.6,Average temperature (C)
TH000048564,PHUKET,7.883,98.4,3.0,2026-05-12,TMAX,325.0,2026-05,32.5,Max temperature (C)
TH000048351,UTTARADIT,17.617,100.1,64.0,2026-05-12,TMAX,367.0,2026-05,36.7,Max temperature (C)
THM00048453,BANG NA AGROMET,13.667,100.617,6.0,2026-05-13,TAVG,299.0,2026-05,29.9,Average temperature (C)
TH000048564,PHUKET,7.883,98.4,3.0,2026-05-13,TMAX,320.0,2026-05,32.0,Max temperature (C)
TH000048432,SURIN,14.883,103.5,147.0,2026-05-14,TMAX,360.0,2026-05,36.0,Max temperature (C)
TH000048501,KHLONG YAI,11.767,102.883,4.0,2026-05-15,TMIN,267.0,2026-05,26.7,Min temperature (C)
TH000048383,MUKDAHAN,16.533,104.717,139.0,2026-05-15,TAVG,283.0,2026-05,28.3,Average temperature (C)
TH000048426,LOP BURI,14.8,100.617,11.0,2026-05-15,TMIN,268.0,2026-05,26.8,Min temperature (C)
TH000048432,SURIN,14.883,103.5,147.0,2026-05-15,TMAX,367.0,2026-05,36.7,Max temperature (C)
TH000048325,MAE SARIANG,18.167,97.933,213.0,2026-05-17,TMIN,257.0,2026-05,25.7,Min temperature (C)
TH000048564,PHUKET,7.883,98.4,3.0,2026-05-18,TMAX,320.0,2026-05,32.0,Max temperature (C)
TH000048455,BANGKOK METROPOLIS,13.733,100.567,4.0,2026-05-18,TMIN,278.0,2026-05,27.8,Min temperature (C)
TH000048450,KANCHANABURI,14.017,99.533,29.0,2026-05-18,TMIN,271.0,2026-05,27.1,Min temperature (C)
TH000048432,SURIN,14.883,103.5,147.0,2026-05-18,TMAX,360.0,2026-05,36.0,Max temperature (C)
TH000048501,KHLONG YAI,11.767,102.883,4.0,2026-05-19,TMAX,318.0,2026-05,31.8,Max temperature (C)
TH000048351,UTTARADIT,17.617,100.1,64.0,2026-05-19,TMIN,261.0,2026-05,26.1,Min temperature (C)
TH000048426,LOP BURI,14.8,100.617,11.0,2026-05-19,TMIN,251.0,2026-05,25.1,Min temperature (C)
TH000048564,PHUKET,7.883,98.4,3.0,2026-05-19,TMIN,247.0,2026-05,24.7,Min temperature (C)
THM00048453,BANG NA AGROMET,13.667,100.617,6.0,2026-05-20,TAVG,287.0,2026-05,28.7,Average temperature (C)
TH000048325,MAE SARIANG,18.167,97.933,213.0,2026-05-20,TAVG,279.0,2026-05,27.9,Average temperature (C)
THM00048453,BANG NA AGROMET,13.667,100.617,6.0,2026-05-20,TMAX,350.0,2026-05,35.0,Max temperature (C)
TH000048455,BANGKOK METROPOLIS,13.733,100.567,4.0,2026-05-20,TMAX,345.0,2026-05,34.5,Max temperature (C)
TH000048425,SUPHAN BURI,14.467,100.133,8.0,2026-05-20,TMAX,330.0,2026-05,33.0,Max temperature (C)
TH000048383,MUKDAHAN,16.533,104.717,139.0,2026-05-21,TMAX,340.0,2026-05,34.0,Max temperature (C)
TH000048383,MUKDAHAN,16.533,104.717,139.0,2026-01-01,TAVG,241.0,2026-01,24.1,Average temperature (C)
TH000048455,BANGKOK METROPOLIS,13.733,100.567,4.0,2026-01-02,TMIN,240.0,2026-01,24.0,Min temperature (C)
TH000048462,ARANYAPRATHET,13.7,102.583,49.0,2026-01-04,TMIN,188.0,2026-01,18.8,Min temperature (C)
TH000048357,NAKHON PHANOM,17.417,104.783,148.0,2026-01-04,TAVG,229.0,2026-01,22.9,Average temperature (C)
TH000048501,KHLONG YAI,11.767,102.883,4.0,2026-01-05,TMIN,218.0,2026-01,21.8,Min temperature (C)
TH000048325,MAE SARIANG,18.167,97.933,213.0,2026-01-05,TMIN,143.0,2026-01,14.3,Min temperature (C)
TH000048425,SUPHAN BURI,14.467,100.133,8.0,2026-01-05,TAVG,246.0,2026-01,24.6,Average temperature (C)
TH000048325,MAE SARIANG,18.167,97.933,213.0,2026-01-07,TAVG,198.0,2026-01,19.8,Average temperature (C)
TH000048325,MAE SARIANG,18.167,97.933,213.0,2026-01-08,TMAX,297.0,2026-01,29.7,Max temperature (C)
TH000048450,KANCHANABURI,14.017,99.533,29.0,2026-01-08,TMIN,157.0,2026-01,15.7,Min temperature (C)
TH000048351,UTTARADIT,17.617,100.1,64.0,2026-01-09,TMIN,135.0,2026-01,13.5,Min temperature (C)
TH000048501,KHLONG YAI,11.767,102.883,4.0,2026-01-09,TAVG,243.0,2026-01,24.3,Average temperature (C)
TH000048564,PHUKET,7.883,98.4,3.0,2026-01-10,TAVG,279.0,2026-01,27.9,Average temperature (C)
TH000048325,MAE SARIANG,18.167,97.933,213.0,2026-01-10,TMIN,125.0,2026-01,12.5,Min temperature (C)
TH000048351,UTTARADIT,17.617,100.1,64.0,2026-01-10,TMIN,137.0,2026-01,13.7,Min temperature (C)
THM00048453,BANG NA AGROMET,13.667,100.617,6.0,2026-01-11,TMAX,290.0,2026-01,29.0,Max temperature (C)
TH000048357,NAKHON PHANOM,17.417,104.783,148.0,2026-01-12,TAVG,204.0,2026-01,20.4,Average temperature (C)
TH000048455,BANGKOK METROPOLIS,13.733,100.567,4.0,2026-01-12,TMIN,202.0,2026-01,20.2,Min temperature (C)
TH000048462,ARANYAPRATHET,13.7,102.583,49.0,2026-01-12,TAVG,232.0,2026-01,23.2,Average temperature (C)
TH000048432,SURIN,14.883,103.5,147.0,2026-01-13,TMAX,300.0,2026-01,30.0,Max temperature (C)
TH000048425,SUPHAN BURI,14.467,100.133,8.0,2026-01-14,TMAX,315.0,2026-01,31.5,Max temperature (C)
TH000048383,MUKDAHAN,16.533,104.717,139.0,2026-01-14,TMAX,288.0,2026-01,28.8,Max temperature (C)
TH000048432,SURIN,14.883,103.5,147.0,2026-01-14,TMIN,178.0,2026-01,17.8,Min temperature (C)
TH000048325,MAE SARIANG,18.167,97.933,213.0,2026-01-16,TMAX,306.0,2026-01,30.6,Max temperature (C)
TH000048432,SURIN,14.883,103.5,147.0,2026-01-16,TMAX,334.0,2026-01,33.4,Max temperature (C)
TH000048501,KHLONG YAI,11.767,102.883,4.0,2026-01-17,TMAX,301.0,2026-01,30.1,Max temperature (C)
TH000048455,BANGKOK METROPOLIS,13.733,100.567,4.0,2026-01-17,TMIN,248.0,2026-01,24.8,Min temperature (C)
TH000048450,KANCHANABURI,14.017,99.533,29.0,2026-01-18,TMAX,353.0,2026-01,35.3,Max temperature (C)
TH000048325,MAE SARIANG,18.167,97.933,213.0,2026-01-18,TAVG,215.0,2026-01,21.5,Average temperature (C)
TH000048432,SURIN,14.883,103.5,147.0,2026-01-19,TMIN,208.0,2026-01,20.8,Min temperature (C)
TH000048462,ARANYAPRATHET,13.7,102.583,49.0,2026-01-20,TMAX,342.0,2026-01,34.2,Max temperature (C)
TH000048501,KHLONG YAI,11.767,102.883,4.0,2026-01-20,TAVG,266.0,2026-01,26.6,Average temperature (C)
TH000048450,KANCHANABURI,14.017,99.533,29.0,2026-01-21,TAVG,272.0,2026-01,27.2,Average temperature (C)
TH000048501,KHLONG YAI,11.767,102.883,4.0,2026-01-21,TAVG,250.0,2026-01,25.0,Average temperature (C)
TH000048357,NAKHON PHANOM,17.417,104.783,148.0,2026-01-23,TMAX,285.0,2026-01,28.5,Max temperature (C)
TH000048455,BANGKOK METROPOLIS,13.733,100.567,4.0,2026-01-23,TAVG,273.0,2026-01,27.3,Average temperature (C)
TH000048357,NAKHON PHANOM,17.417,104.783,148.0,2026-01-24,TMAX,281.0,2026-01,28.1,Max temperature (C)
TH000048357,NAKHON PHANOM,17.417,104.783,148.0,2026-01-24,TAVG,221.0,2026-01,22.1,Average temperature (C)
TH000048425,SUPHAN BURI,14.467,100.133,8.0,2026-01-24,TMIN,195.0,2026-01,19.5,Min temperature (C)
TH000048501,KHLONG YAI,11.767,102.883,4.0,2026-01-24,TAVG,255.0,2026-01,25.5,Average temperature (C)
TH000048462,ARANYAPRATHET,13.7,102.583,49.0,2026-01-24,TMIN,186.0,2026-01,18.6,Min temperature (C)
TH000048432,SURIN,14.883,103.5,147.0,2026-01-26,TMIN,179.0,2026-01,17.9,Min temperature (C)
TH000048450,KANCHANABURI,14.017,99.533,29.0,2026-01-26,TMAX,332.0,2026-01,33.2,Max temperature (C)
TH000048425,SUPHAN BURI,14.467,100.133,8.0,2026-01-27,TMAX,323.0,2026-01,32.3,Max temperature (C)
THM00048453,BANG NA AGROMET,13.667,100.617,6.0,2026-01-28,TMIN,230.0,2026-01,23.0,Min temperature (C)
TH000048357,NAKHON PHANOM,17.417,104.783,148.0,2026-01-28,TMAX,293.0,2026-01,29.3,Max temperature (C)
THM00048453,BANG NA AGROMET,13.667,100.617,6.0,2026-01-30,TMIN,235.0,2026-01,23.5,Min temperature (C)
TH000048462,ARANYAPRATHET,13.7,102.583,49.0,2026-01-30,TMIN,206.0,2026-01,20.6,Min temperature (C)
THM00048453,BANG NA AGROMET,13.667,100.617,6.0,2026-01-31,TAVG,288.0,2026-01,28.8,Average temperature (C)
TH000048564,PHUKET,7.883,98.4,3.0,2026-02-01,TAVG,299.0,2026-02,29.9,Average temperature (C)
THM00048453,BANG NA AGROMET,13.667,100.617,6.0,2026-02-03,TAVG,281.0,2026-02,28.1,Average temperature (C)
TH000048432,SURIN,14.883,103.5,147.0,2026-02-04,TMAX,325.0,2026-02,32.5,Max temperature (C)
TH000048501,KHLONG YAI,11.767,102.883,4.0,2026-02-04,TMAX,313.0,2026-02,31.3,Max temperature (C)
TH000048425,SUPHAN BURI,14.467,100.133,8.0,2026-02-04,TMIN,218.0,2026-02,21.8,Min temperature (C)
TH000048455,BANGKOK METROPOLIS,13.733,100.567,4.0,2026-02-05,TMIN,250.0,2026-02,25.0,Min temperature (C)
TH000048462,ARANYAPRATHET,13.7,102.583,49.0,2026-02-05,TMIN,222.0,2026-02,22.2,Min temperature (C)
TH000048425,SUPHAN BURI,14.467,100.133,8.0,2026-02-05,TAVG,285.0,2026-02,28.5,Average temperature (C)
TH000048501,KHLONG YAI,11.767,102.883,4.0,2026-02-06,TAVG,271.0,2026-02,27.1,Average temperature (C)
TH000048462,ARANYAPRATHET,13.7,102.583,49.0,2026-02-06,TAVG,293.0,2026-02,29.3,Average temperature (C)
TH000048325,MAE SARIANG,18.167,97.933,213.0,2026-02-07,TMAX,342.0,2026-02,34.2,Max temperature (C)
TH000048325,MAE SARIANG,18.167,97.933,213.0,2026-02-08,TMAX,354.0,2026-02,35.4,Max temperature (C)
TH000048357,NAKHON PHANOM,17.417,104.783,148.0,2026-02-08,TAVG,255.0,2026-02,25.5,Average temperature (C)
TH000048501,KHLONG YAI,11.767,102.883,4.0,2026-02-08,TAVG,257.0,2026-02,25.7,Average temperature (C)
TH000048564,PHUKET,7.883,98.4,3.0,2026-02-09,TMAX,345.0,2026-02,34.5,Max temperature (C)
TH000048426,LOP BURI,14.8,100.617,11.0,2026-02-10,TMAX,350.0,2026-02,35.0,Max temperature (C)
TH000048425,SUPHAN BURI,14.467,100.133,8.0,2026-02-11,TAVG,283.0,2026-02,28.3,Average temperature (C)
TH000048351,UTTARADIT,17.617,100.1,64.0,2026-02-11,TMAX,350.0,2026-02,35.0,Max temperature (C)
TH000048501,KHLONG YAI,11.767,102.883,4.0,2026-02-11,TMIN,248.0,2026-02,24.8,Min temperature (C)
TH000048455,BANGKOK METROPOLIS,13.733,100.567,4.0,2026-02-11,TAVG,311.0,2026-02,31.1,Average temperature (C)
TH000048426,LOP BURI,14.8,100.617,11.0,2026-02-11,TMIN,237.0,2026-02,23.7,Min temperature (C)
TH000048325,MAE SARIANG,18.167,97.933,213.0,2026-02-12,TAVG,249.0,2026-02,24.9,Average temperature (C)
TH000048501,KHLONG YAI,11.767,102.883,4.0,2026-02-13,TAVG,274.0,2026-02,27.4,Average temperature (C)
TH000048564,PHUKET,7.883,98.4,3.0,2026-02-14,TMAX,312.0,2026-02,31.2,Max temperature (C)
TH000048501,KHLONG YAI,11.767,102.883,4.0,2026-02-14,TAVG,267.0,2026-02,26.7,Average temperature (C)
THM00048453,BANG NA AGROMET,13.667,100.617,6.0,2026-02-15,TMAX,327.0,2026-02,32.7,Max temperature (C)
TH000048383,MUKDAHAN,16.533,104.717,139.0,2026-02-17,TMIN,231.0,2026-02,23.1,Min temperature (C)
TH000048455,BANGKOK METROPOLIS,13.733,100.567,4.0,2026-02-17,TAVG,294.0,2026-02,29.4,Average temperature (C)
TH000048325,MAE SARIANG,18.167,97.933,213.0,2026-02-17,TMAX,325.0,2026-02,32.5,Max temperature (C)
TH000048351,UTTARADIT,17.617,100.1,64.0,2026-02-18,TMIN,240.0,2026-02,24.0,Min temperature (C)
TH000048432,SURIN,14.883,103.5,147.0,2026-02-19,TMAX,313.0,2026-02,31.3,Max temperature (C)
TH000048450,KANCHANABURI,14.017,99.533,29.0,2026-02-19,TMAX,331.0,2026-02,33.1,Max temperature (C)
TH000048432,SURIN,14.883,103.5,147.0,2026-02-20,TMAX,330.0,2026-02,33.0,Max temperature (C)
TH000048426,LOP BURI,14.8,100.617,11.0,2026-02-21,TMAX,334.0,2026-02,33.4,Max temperature (C)
TH000048432,SURIN,14.883,103.5,147.0,2026-02-22,TAVG,301.0,2026-02,30.1,Average temperature (C)
TH000048357,NAKHON PHANOM,17.417,104.783,148.0,2026-02-23,TMAX,341.0,2026-02,34.1,Max temperature (C)
TH000048357,NAKHON PHANOM,17.417,104.783,148.0,2026-02-25,TMIN,232.0,2026-02,23.2,Min temperature (C)
TH000048351,UTTARADIT,17.617,100.1,64.0,2026-02-25,TMAX,320.0,2026-02,32.0,Max temperature (C)
TH000048564,PHUKET,7.883,98.4,3.0,2026-02-26,TAVG,299.0,2026-02,29.9,Average temperature (C)
TH000048383,MUKDAHAN,16.533,104.717,139.0,2026-02-26,TMAX,313.0,2026-02,31.3,Max temperature (C)
TH000048325,MAE SARIANG,18.167,97.933,213.0,2026-02-27,TMAX,325.0,2026-02,32.5,Max temperature (C)
TH000048455,BANGKOK METROPOLIS,13.733,100.567,4.0,2026-02-27,TMIN,286.0,2026-02,28.6,Min temperature (C)
TH000048432,SURIN,14.883,103.5,147.0,2026-02-28,TMIN,249.0,2026-02,24.9,Min temperature (C)
TH000048564,PHUKET,7.883,98.4,3.0,2026-03-01,TMIN,276.0,2026-03,27.6,Min temperature (C)
TH000048383,MUKDAHAN,16.533,104.717,139.0,2026-03-01,TAVG,301.0,2026-03,30.1,Average temperature (C)
TH000048383,MUKDAHAN,16.533,104.717,139.0,2026-03-02,TMAX,355.0,2026-03,35.5,Max temperature (C)
TH000048383,MUKDAHAN,16.533,104.717,139.0,2026-03-02,TAVG,309.0,2026-03,30.9,Average temperature (C)
TH000048426,LOP BURI,14.8,100.617,11.0,2026-03-03,TMIN,247.0,2026-03,24.7,Min temperature (C)
TH000048351,UTTARADIT,17.617,100.1,64.0,2026-03-03,TAVG,265.0,2026-03,26.5,Average temperature (C)
TH000048426,LOP BURI,14.8,100.617,11.0,2026-03-04,TAVG,299.0,2026-03,29.9,Average temperature (C)
TH000048501,KHLONG YAI,11.767,102.883,4.0,2026-03-05,TMAX,318.0,2026-03,31.8,Max temperature (C)
TH000048432,SURIN,14.883,103.5,147.0,2026-03-06,TMIN,222.0,2026-03,22.2,Min temperature (C)
TH000048432,SURIN,14.883,103.5,147.0,2026-03-06,TAVG,263.0,2026-03,26.3,Average temperature (C)
THM00048453,BANG NA AGROMET,13.667,100.617,6.0,2026-03-07,TMAX,340.0,2026-03,34.0,Max temperature (C)
TH000048450,KANCHANABURI,14.017,99.533,29.0,2026-03-07,TMAX,325.0,2026-03,32.5,Max temperature (C)
TH000048351,UTTARADIT,17.617,100.1,64.0,2026-03-07,TMIN,235.0,2026-03,23.5,Min temperature (C)
TH000048426,LOP BURI,14.8,100.617,11.0,2026-03-07,TMAX,335.0,2026-03,33.5,Max temperature (C)
TH000048564,PHUKET,7.883,98.4,3.0,2026-03-09,TMIN,270.0,2026-03,27.0,Min temperature (C)
TH000048501,KHLONG YAI,11.767,102.883,4.0,2026-03-09,TMIN,245.0,2026-03,24.5,Min temperature (C)
TH000048351,UTTARADIT,17.617,100.1,64.0,2026-03-09,TMIN,240.0,2026-03,24.0,Min temperature (C)
TH000048455,BANGKOK METROPOLIS,13.733,100.567,4.0,2026-03-11,TMIN,226.0,2026-03,22.6,Min temperature (C)
TH000048383,MUKDAHAN,16.533,104.717,139.0,2026-03-12,TAVG,245.0,2026-03,24.5,Average temperature (C)
TH000048432,SURIN,14.883,103.5,147.0,2026-03-13,TMAX,308.0,2026-03,30.8,Max temperature (C)
TH000048564,PHUKET,7.883,98.4,3.0,2026-03-13,TMAX,347.0,2026-03,34.7,Max temperature (C)
TH000048351,UTTARADIT,17.617,100.1,64.0,2026-03-15,TAVG,280.0,2026-03,28.0,Average temperature (C)
TH000048357,NAKHON PHANOM,17.417,104.783,148.0,2026-03-15,TMIN,205.0,2026-03,20.5,Min temperature (C)
TH000048432,SURIN,14.883,103.5,147.0,2026-03-16,TAVG,277.0,2026-03,27.7,Average temperature (C)
THM00048453,BANG NA AGROMET,13.667,100.617,6.0,2026-03-17,TMIN,246.0,2026-03,24.6,Min temperature (C)
TH000048432,SURIN,14.883,103.5,147.0,2026-03-17,TAVG,296.0,2026-03,29.6,Average temperature (C)
TH000048383,MUKDAHAN,16.533,104.717,139.0,2026-03-17,TAVG,285.0,2026-03,28.5,Average temperature (C)
TH000048325,MAE SARIANG,18.167,97.933,213.0,2026-03-17,TMIN,190.0,2026-03,19.0,Min temperature (C)
TH000048564,PHUKET,7.883,98.4,3.0,2026-03-19,TAVG,306.0,2026-03,30.6,Average temperature (C)
THM00048453,BANG NA AGROMET,13.667,100.617,6.0,2026-03-19,TMIN,285.0,2026-03,28.5,Min temperature (C)
TH000048426,LOP BURI,14.8,100.617,11.0,2026-03-20,TAVG,302.0,2026-03,30.2,Average temperature (C)
THM00048453,BANG NA AGROMET,13.667,100.617,6.0,2026-03-20,TMAX,324.0,2026-03,32.4,Max temperature (C)
TH000048357,NAKHON PHANOM,17.417,104.783,148.0,2026-03-20,TAVG,305.0,2026-03,30.5,Average temperature (C)
TH000048351,UTTARADIT,17.617,100.1,64.0,2026-03-21,TAVG,300.0,2026-03,30.0,Average temperature (C)
TH000048325,MAE SARIANG,18.167,97.933,213.0,2026-03-21,TAVG,259.0,2026-03,25.9,Average temperature (C)
TH000048450,KANCHANABURI,14.017,99.533,29.0,2026-03-21,TAVG,301.0,2026-03,30.1,Average temperature (C)
TH000048564,PHUKET,7.883,98.4,3.0,2026-03-22,TAVG,306.0,2026-03,30.6,Average temperature (C)
TH000048432,SURIN,14.883,103.5,147.0,2026-03-22,TMIN,255.0,2026-03,25.5,Min temperature (C)
TH000048462,ARANYAPRATHET,13.7,102.583,49.0,2026-03-23,TAVG,316.0,2026-03,31.6,Average temperature (C)
THM00048453,BANG NA AGROMET,13.667,100.617,6.0,2026-03-23,TAVG,312.0,2026-03,31.2,Average temperature (C)
TH000048425,SUPHAN BURI,14.467,100.133,8.0,2026-03-23,TAVG,315.0,2026-03,31.5,Average temperature (C)
TH000048462,ARANYAPRATHET,13.7,102.583,49.0,2026-03-24,TAVG,314.0,2026-03,31.4,Average temperature (C)
TH000048455,BANGKOK METROPOLIS,13.733,100.567,4.0,2026-03-25,TMAX,332.0,2026-03,33.2,Max temperature (C)
TH000048455,BANGKOK METROPOLIS,13.733,100.567,4.0,2026-04-02,TMAX,356.0,2026-04,35.6,Max temperature (C)
TH000048383,MUKDAHAN,16.533,104.717,139.0,2026-04-02,TAVG,331.0,2026-04,33.1,Average temperature (C)
TH000048462,ARANYAPRATHET,13.7,102.583,49.0,2026-04-03,TMAX,390.0,2026-04,39.0,Max temperature (C)
THM00048453,BANG NA AGROMET,13.667,100.617,6.0,2026-04-04,TAVG,315.0,2026-04,31.5,Average temperature (C)
TH000048501,KHLONG YAI,11.767,102.883,4.0,2026-04-04,TAVG,294.0,2026-04,29.4,Average temperature (C)
TH000048357,NAKHON PHANOM,17.417,104.783,148.0,2026-04-05,TAVG,334.0,2026-04,33.4,Average temperature (C)
TH000048564,PHUKET,7.883,98.4,3.0,2026-04-06,TAVG,305.0,2026-04,30.5,Average temperature (C)
TH000048351,UTTARADIT,17.617,100.1,64.0,2026-04-06,TMIN,255.0,2026-04,25.5,Min temperature (C)
TH000048425,SUPHAN BURI,14.467,100.133,8.0,2026-04-06,TAVG,310.0,2026-04,31.0,Average temperature (C)
TH000048426,LOP BURI,14.8,100.617,11.0,2026-04-07,TMIN,266.0,2026-04,26.6,Min temperature (C)
TH000048455,BANGKOK METROPOLIS,13.733,100.567,4.0,2026-04-07,TMAX,381.0,2026-04,38.1,Max temperature (C)
TH000048432,SURIN,14.883,103.5,147.0,2026-04-08,TMAX,400.0,2026-04,40.0,Max temperature (C)
TH000048455,BANGKOK METROPOLIS,13.733,100.567,4.0,2026-04-08,TMAX,370.0,2026-04,37.0,Max temperature (C)
TH000048351,UTTARADIT,17.617,100.1,64.0,2026-04-09,TMAX,407.0,2026-04,40.7,Max temperature (C)
TH000048455,BANGKOK METROPOLIS,13.733,100.567,4.0,2026-04-10,TMAX,362.0,2026-04,36.2,Max temperature (C)
TH000048455,BANGKOK METROPOLIS,13.733,100.567,4.0,2026-04-10,TMIN,290.0,2026-04,29.0,Min temperature (C)
TH000048450,KANCHANABURI,14.017,99.533,29.0,2026-04-12,TMIN,262.0,2026-04,26.2,Min temperature (C)
TH000048564,PHUKET,7.883,98.4,3.0,2026-04-13,TMAX,354.0,2026-04,35.4,Max temperature (C)
TH000048351,UTTARADIT,17.617,100.1,64.0,2026-04-13,TMIN,255.0,2026-04,25.5,Min temperature (C)
TH000048425,SUPHAN BURI,14.467,100.133,8.0,2026-04-14,TAVG,314.0,2026-04,31.4,Average temperature (C)
THM00048453,BANG NA AGROMET,13.667,100.617,6.0,2026-04-14,TMIN,291.0,2026-04,29.1,Min temperature (C)
TH000048351,UTTARADIT,17.617,100.1,64.0,2026-04-15,TAVG,320.0,2026-04,32.0,Average temperature (C)
TH000048432,SURIN,14.883,103.5,147.0,2026-04-16,TMAX,400.0,2026-04,40.0,Max temperature (C)
TH000048450,KANCHANABURI,14.017,99.533,29.0,2026-04-16,TMIN,278.0,2026-04,27.8,Min temperature (C)
TH000048425,SUPHAN BURI,14.467,100.133,8.0,2026-04-17,TMAX,394.0,2026-04,39.4,Max temperature (C)
THM00048453,BANG NA AGROMET,13.667,100.617,6.0,2026-04-17,TMIN,288.0,2026-04,28.8,Min temperature (C)
TH000048432,SURIN,14.883,103.5,147.0,2026-04-17,TMAX,396.0,2026-04,39.6,Max temperature (C)
TH000048357,NAKHON PHANOM,17.417,104.783,148.0,2026-04-17,TMAX,390.0,2026-04,39.0,Max temperature (C)
TH000048564,PHUKET,7.883,98.4,3.0,2026-04-17,TMAX,357.0,2026-04,35.7,Max temperature (C)
TH000048357,NAKHON PHANOM,17.417,104.783,148.0,2026-04-18,TMIN,256.0,2026-04,25.6,Min temperature (C)
TH000048383,MUKDAHAN,16.533,104.717,139.0,2026-04-19,TMAX,301.0,2026-04,30.1,Max temperature (C)
TH000048325,MAE SARIANG,18.167,97.933,213.0,2026-04-19,TAVG,302.0,2026-04,30.2,Average temperature (C)
TH000048426,LOP BURI,14.8,100.617,11.0,2026-04-20,TMIN,274.0,2026-04,27.4,Min temperature (C)
TH000048383,MUKDAHAN,16.533,104.717,139.0,2026-04-20,TAVG,303.0,2026-04,30.3,Average temperature (C)
TH000048462,ARANYAPRATHET,13.7,102.583,49.0,2026-04-21,TMAX,371.0,2026-04,37.1,Max temperature (C)
TH000048357,NAKHON PHANOM,17.417,104.783,148.0,2026-04-22,TAVG,297.0,2026-04,29.7,Average temperature (C)
THM00048453,BANG NA AGROMET,13.667,100.617,6.0,2026-04-22,TMAX,362.0,2026-04,36.2,Max temperature (C)
TH000048450,KANCHANABURI,14.017,99.533,29.0,2026-04-23,TMIN,267.0,2026-04,26.7,Min temperature (C)
THM00048453,BANG NA AGROMET,13.667,100.617,6.0,2026-04-23,TMAX,355.0,2026-04,35.5,Max temperature (C)
TH000048351,UTTARADIT,17.617,100.1,64.0,2026-04-25,TMIN,257.0,2026-04,25.7,Min temperature (C)
TH000048425,SUPHAN BURI,14.467,100.133,8.0,2026-04-25,TMAX,345.0,2026-04,34.5,Max temperature (C)
THM00048453,BANG NA AGROMET,13.667,100.617,6.0,2026-04-26,TMAX,365.0,2026-04,36.5,Max temperature (C)
TH000048564,PHUKET,7.883,98.4,3.0,2026-04-26,TAVG,312.0,2026-04,31.2,Average temperature (C)
TH000048432,SURIN,14.883,103.5,147.0,2026-04-26,TMAX,357.0,2026-04,35.7,Max temperature (C)
TH000048450,KANCHANABURI,14.017,99.533,29.0,2026-04-28,TAVG,321.0,2026-04,32.1,Average temperature (C)
TH000048425,SUPHAN BURI,14.467,100.133,8.0,2026-04-28,TMAX,385.0,2026-04,38.5,Max temperature (C)
TH000048432,SURIN,14.883,103.5,147.0,2026-04-28,TAVG,291.0,2026-04,29.1,Average temperature (C)
TH000048432,SURIN,14.883,103.5,147.0,2026-04-29,TMIN,250.0,2026-04,25.0,Min temperature (C)
TH000048501,KHLONG YAI,11.767,102.883,4.0,2026-05-01,TAVG,285.0,2026-05,28.5,Average temperature (C)
TH000048455,BANGKOK METROPOLIS,13.733,100.567,4.0,2026-05-02,TAVG,323.0,2026-05,32.3,Average temperature (C)
TH000048501,KHLONG YAI,11.767,102.883,4.0,2026-05-02,TMIN,262.0,2026-05,26.2,Min temperature (C)
TH000048564,PHUKET,7.883,98.4,3.0,2026-05-04,TAVG,294.0,2026-05,29.4,Average temperature (C)
TH000048501,KHLONG YAI,11.767,102.883,4.0,2026-05-05,TMAX,335.0,2026-05,33.5,Max temperature (C)
TH000048432,SURIN,14.883,103.5,147.0,2026-05-05,TMIN,245.0,2026-05,24.5,Min temperature (C)
TH000048564,PHUKET,7.883,98.4,3.0,2026-05-05,TMIN,247.0,2026-05,24.7,Min temperature (C)
TH000048450,KANCHANABURI,14.017,99.533,29.0,2026-05-06,TMIN,280.0,2026-05,28.0,Min temperature (C)
TH000048426,LOP BURI,14.8,100.617,11.0,2026-05-06,TAVG,317.0,2026-05,31.7,Average temperature (C)
TH000048564,PHUKET,7.883,98.4,3.0,2026-05-07,TMAX,349.0,2026-05,34.9,Max temperature (C)
TH000048462,ARANYAPRATHET,13.7,102.583,49.0,2026-05-07,TAVG,280.0,2026-05,28.0,Average temperature (C)
TH000048426,LOP BURI,14.8,100.617,11.0,2026-05-08,TAVG,280.0,2026-05,28.0,Average temperature (C)
TH000048432,SURIN,14.883,103.5,147.0,2026-05-08,TAVG,295.0,2026-05,29.5,Average temperature (C)
TH000048357,NAKHON PHANOM,17.417,104.783,148.0,2026-05-09,TMIN,251.0,2026-05,25.1,Min temperature (C)
THM00048453,BANG NA AGROMET,13.667,100.617,6.0,2026-05-10,TAVG,309.0,2026-05,30.9,Average temperature (C)
TH000048462,ARANYAPRATHET,13.7,102.583,49.0,2026-05-11,TAVG,303.0,2026-05,30.3,Average temperature (C)
TH000048450,KANCHANABURI,14.017,99.533,29.0,2026-05-11,TAVG,302.0,2026-05,30.2,Average temperature (C)
TH000048426,LOP BURI,14.8,100.617,11.0,2026-05-12,TMIN,267.0,2026-05,26.7,Min temperature (C)
TH000048425,SUPHAN BURI,14.467,100.133,8.0,2026-05-12,TMAX,318.0,2026-05,31.8,Max temperature (C)
TH000048450,KANCHANABURI,14.017,99.533,29.0,2026-05-12,TMAX,328.0,2026-05,32.8,Max temperature (C)
TH000048564,PHUKET,7.883,98.4,3.0,2026-05-13,TAVG,285.0,2026-05,28.5,Average temperature (C)
TH000048450,KANCHANABURI,14.017,99.533,29.0,2026-05-14,TMIN,272.0,2026-05,27.2,Min temperature (C)
TH000048564,PHUKET,7.883,98.4,3.0,2026-05-15,TAVG,301.0,2026-05,30.1,Average temperature (C)
TH000048357,NAKHON PHANOM,17.417,104.783,148.0,2026-05-16,TMIN,244.0,2026-05,24.4,Min temperature (C)
TH000048432,SURIN,14.883,103.5,147.0,2026-05-16,TMAX,368.0,2026-05,36.8,Max temperature (C)
TH000048462,ARANYAPRATHET,13.7,102.583,49.0,2026-05-17,TMAX,345.0,2026-05,34.5,Max temperature (C)
TH000048432,SURIN,14.883,103.5,147.0,2026-05-18,TMIN,262.0,2026-05,26.2,Min temperature (C)
TH000048357,NAKHON PHANOM,17.417,104.783,148.0,2026-05-19,TMAX,327.0,2026-05,32.7,Max temperature (C)
TH000048351,UTTARADIT,17.617,100.1,64.0,2026-05-19,TAVG,288.0,2026-05,28.8,Average temperature (C)
TH000048462,ARANYAPRATHET,13.7,102.583,49.0,2026-05-19,TMAX,323.0,2026-05,32.3,Max temperature (C)
TH000048450,KANCHANABURI,14.017,99.533,29.0,2026-05-19,TAVG,288.0,2026-05,28.8,Average temperature (C)
TH000048357,NAKHON PHANOM,17.417,104.783,148.0,2026-05-19,TAVG,275.0,2026-05,27.5,Average temperature (C)
TH000048455,BANGKOK METROPOLIS,13.733,100.567,4.0,2026-05-21,TMIN,278.0,2026-05,27.8,Min temperature (C)
TH000048432,SURIN,14.883,103.5,147.0,2026-01-02,TAVG,243.0,2026-01,24.3,Average temperature (C)
TH000048462,ARANYAPRATHET,13.7,102.583,49.0,2026-01-02,TAVG,258.0,2026-01,25.8,Average temperature (C)
TH000048383,MUKDAHAN,16.533,104.717,139.0,2026-01-03,TMIN,171.0,2026-01,17.1,Min temperature (C)
TH000048450,KANCHANABURI,14.017,99.533,29.0,2026-01-04,TMIN,184.0,2026-01,18.4,Min temperature (C)
TH000048432,SURIN,14.883,103.5,147.0,2026-01-04,TAVG,224.0,2026-01,22.4,Average temperature (C)
TH000048564,PHUKET,7.883,98.4,3.0,2026-01-06,TMAX,335.0,2026-01,33.5,Max temperature (C)
TH000048426,LOP BURI,14.8,100.617,11.0,2026-01-06,TMAX,312.0,2026-01,31.2,Max temperature (C)
TH000048455,BANGKOK METROPOLIS,13.733,100.567,4.0,2026-01-07,TMAX,308.0,2026-01,30.8,Max temperature (C)
TH000048351,UTTARADIT,17.617,100.1,64.0,2026-01-08,TMAX,272.0,2026-01,27.2,Max temperature (C)
TH000048450,KANCHANABURI,14.017,99.533,29.0,2026-01-08,TMAX,289.0,2026-01,28.9,Max temperature (C)
TH000048383,MUKDAHAN,16.533,104.717,139.0,2026-01-09,TMIN,131.0,2026-01,13.1,Min temperature (C)
TH000048357,NAKHON PHANOM,17.417,104.783,148.0,2026-01-09,TMIN,110.0,2026-01,11.0,Min temperature (C)
TH000048501,KHLONG YAI,11.767,102.883,4.0,2026-01-09,TMIN,202.0,2026-01,20.2,Min temperature (C)
TH000048383,MUKDAHAN,16.533,104.717,139.0,2026-01-10,TMIN,127.0,2026-01,12.7,Min temperature (C)
TH000048432,SURIN,14.883,103.5,147.0,2026-01-11,TAVG,214.0,2026-01,21.4,Average temperature (C)
TH000048383,MUKDAHAN,16.533,104.717,139.0,2026-01-11,TMAX,258.0,2026-01,25.8,Max temperature (C)
TH000048426,LOP BURI,14.8,100.617,11.0,2026-01-12,TAVG,223.0,2026-01,22.3,Average temperature (C)
TH000048432,SURIN,14.883,103.5,147.0,2026-01-12,TMAX,287.0,2026-01,28.7,Max temperature (C)
TH000048357,NAKHON PHANOM,17.417,104.783,148.0,2026-01-12,TMIN,125.0,2026-01,12.5,Min temperature (C)
TH000048450,KANCHANABURI,14.017,99.533,29.0,2026-01-12,TAVG,221.0,2026-01,22.1,Average temperature (C)
TH000048425,SUPHAN BURI,14.467,100.133,8.0,2026-01-13,TAVG,233.0,2026-01,23.3,Average temperature (C)
TH000048426,LOP BURI,14.8,100.617,11.0,2026-01-13,TMIN,160.0,2026-01,16.0,Min temperature (C)
TH000048383,MUKDAHAN,16.533,104.717,139.0,2026-01-14,TAVG,223.0,2026-01,22.3,Average temperature (C)
TH000048425,SUPHAN BURI,14.467,100.133,8.0,2026-01-15,TMAX,325.0,2026-01,32.5,Max temperature (C)
THM00048453,BANG NA AGROMET,13.667,100.617,6.0,2026-01-15,TAVG,276.0,2026-01,27.6,Average temperature (C)
THM00048453,BANG NA AGROMET,13.667,100.617,6.0,2026-01-16,TAVG,275.0,2026-01,27.5,Average temperature (C)
TH000048351,UTTARADIT,17.617,100.1,64.0,2026-01-16,TMIN,190.0,2026-01,19.0,Min temperature (C)
TH000048426,LOP BURI,14.8,100.617,11.0,2026-01-16,TMAX,327.0,2026-01,32.7,Max temperature (C)
TH000048462,ARANYAPRATHET,13.7,102.583,49.0,2026-01-16,TMAX,343.0,2026-01,34.3,Max temperature (C)
TH000048501,KHLONG YAI,11.767,102.883,4.0,2026-01-16,TMIN,223.0,2026-01,22.3,Min temperature (C)
TH000048450,KANCHANABURI,14.017,99.533,29.0,2026-01-16,TMIN,210.0,2026-01,21.0,Min temperature (C)
TH000048501,KHLONG YAI,11.767,102.883,4.0,2026-01-16,TMAX,294.0,2026-01,29.4,Max temperature (C)
TH000048351,UTTARADIT,17.617,100.1,64.0,2026-01-17,TMIN,182.0,2026-01,18.2,Min temperature (C)
TH000048325,MAE SARIANG,18.167,97.933,213.0,2026-01-18,TMIN,136.0,2026-01,13.6,Min temperature (C)
TH000048462,ARANYAPRATHET,13.7,102.583,49.0,2026-01-19,TMAX,340.0,2026-01,34.0,Max temperature (C)
TH000048357,NAKHON PHANOM,17.417,104.783,148.0,2026-01-20,TMAX,323.0,2026-01,32.3,Max temperature (C)
THM00048453,BANG NA AGROMET,13.667,100.617,6.0,2026-01-20,TAVG,287.0,2026-01,28.7,Average temperature (C)
TH000048383,MUKDAHAN,16.533,104.717,139.0,2026-01-21,TMAX,305.0,2026-01,30.5,Max temperature (C)
TH000048564,PHUKET,7.883,98.4,3.0,2026-01-21,TMAX,334.0,2026-01,33.4,Max temperature (C)
TH000048426,LOP BURI,14.8,100.617,11.0,2026-01-22,TMAX,330.0,2026-01,33.0,Max temperature (C)
TH000048455,BANGKOK METROPOLIS,13.733,100.567,4.0,2026-01-23,TMAX,335.0,2026-01,33.5,Max temperature (C)
TH000048450,KANCHANABURI,14.017,99.533,29.0,2026-01-23,TMIN,192.0,2026-01,19.2,Min temperature (C)
TH000048455,BANGKOK METROPOLIS,13.733,100.567,4.0,2026-01-25,TMAX,341.0,2026-01,34.1,Max temperature (C)
TH000048450,KANCHANABURI,14.017,99.533,29.0,2026-01-25,TMAX,333.0,2026-01,33.3,Max temperature (C)
TH000048455,BANGKOK METROPOLIS,13.733,100.567,4.0,2026-01-26,TMAX,318.0,2026-01,31.8,Max temperature (C)
TH000048564,PHUKET,7.883,98.4,3.0,2026-01-26,TAVG,286.0,2026-01,28.6,Average temperature (C)
TH000048325,MAE SARIANG,18.167,97.933,213.0,2026-01-27,TMAX,322.0,2026-01,32.2,Max temperature (C)
TH000048450,KANCHANABURI,14.017,99.533,29.0,2026-01-27,TMAX,338.0,2026-01,33.8,Max temperature (C)
TH000048383,MUKDAHAN,16.533,104.717,139.0,2026-01-27,TAVG,244.0,2026-01,24.4,Average temperature (C)
TH000048357,NAKHON PHANOM,17.417,104.783,148.0,2026-01-27,TAVG,251.0,2026-01,25.1,Average temperature (C)
TH000048383,MUKDAHAN,16.533,104.717,139.0,2026-01-29,TMIN,166.0,2026-01,16.6,Min temperature (C)
TH000048432,SURIN,14.883,103.5,147.0,2026-01-29,TMAX,320.0,2026-01,32.0,Max temperature (C)
TH000048325,MAE SARIANG,18.167,97.933,213.0,2026-01-30,TMIN,143.0,2026-01,14.3,Min temperature (C)
TH000048357,NAKHON PHANOM,17.417,104.783,148.0,2026-01-30,TMAX,319.0,2026-01,31.9,Max temperature (C)
TH000048455,BANGKOK METROPOLIS,13.733,100.567,4.0,2026-01-30,TMAX,332.0,2026-01,33.2,Max temperature (C)
TH000048450,KANCHANABURI,14.017,99.533,29.0,2026-01-30,TMIN,208.0,2026-01,20.8,Min temperature (C)
TH000048455,BANGKOK METROPOLIS,13.733,100.567,4.0,2026-01-31,TMIN,255.0,2026-01,25.5,Min temperature (C)
TH000048351,UTTARADIT,17.617,100.1,64.0,2026-02-01,TMAX,330.0,2026-02,33.0,Max temperature (C)
TH000048325,MAE SARIANG,18.167,97.933,213.0,2026-02-01,TMAX,340.0,2026-02,34.0,Max temperature (C)
TH000048564,PHUKET,7.883,98.4,3.0,2026-02-02,TMAX,345.0,2026-02,34.5,Max temperature (C)
TH000048426,LOP BURI,14.8,100.617,11.0,2026-02-03,TMIN,231.0,2026-02,23.1,Min temperature (C)
TH000048383,MUKDAHAN,16.533,104.717,139.0,2026-02-04,TMIN,180.0,2026-02,18.0,Min temperature (C)
TH000048325,MAE SARIANG,18.167,97.933,213.0,2026-02-04,TMAX,334.0,2026-02,33.4,Max temperature (C)
TH000048351,UTTARADIT,17.617,100.1,64.0,2026-02-04,TMIN,182.0,2026-02,18.2,Min temperature (C)
TH000048383,MUKDAHAN,16.533,104.717,139.0,2026-02-05,TMIN,190.0,2026-02,19.0,Min temperature (C)
TH000048462,ARANYAPRATHET,13.7,102.583,49.0,2026-02-07,TMIN,250.0,2026-02,25.0,Min temperature (C)
TH000048383,MUKDAHAN,16.533,104.717,139.0,2026-02-07,TMIN,217.0,2026-02,21.7,Min temperature (C)
TH000048383,MUKDAHAN,16.533,104.717,139.0,2026-02-08,TMAX,322.0,2026-02,32.2,Max temperature (C)
TH000048501,KHLONG YAI,11.767,102.883,4.0,2026-02-08,TMIN,226.0,2026-02,22.6,Min temperature (C)
TH000048564,PHUKET,7.883,98.4,3.0,2026-02-10,TMAX,347.0,2026-02,34.7,Max temperature (C)
TH000048432,SURIN,14.883,103.5,147.0,2026-02-10,TMIN,204.0,2026-02,20.4,Min temperature (C)
TH000048450,KANCHANABURI,14.017,99.533,29.0,2026-02-11,TMAX,360.0,2026-02,36.0,Max temperature (C)
TH000048432,SURIN,14.883,103.5,147.0,2026-02-11,TMAX,315.0,2026-02,31.5,Max temperature (C)
TH000048383,MUKDAHAN,16.533,104.717,139.0,2026-02-11,TMAX,332.0,2026-02,33.2,Max temperature (C)
TH000048357,NAKHON PHANOM,17.417,104.783,148.0,2026-02-12,TAVG,271.0,2026-02,27.1,Average temperature (C)
TH000048564,PHUKET,7.883,98.4,3.0,2026-02-12,TMIN,262.0,2026-02,26.2,Min temperature (C)
TH000048351,UTTARADIT,17.617,100.1,64.0,2026-02-13,TMIN,228.0,2026-02,22.8,Min temperature (C)
TH000048501,KHLONG YAI,11.767,102.883,4.0,2026-02-13,TMIN,252.0,2026-02,25.2,Min temperature (C)
TH000048462,ARANYAPRATHET,13.7,102.583,49.0,2026-02-13,TMIN,254.0,2026-02,25.4,Min temperature (C)
TH000048462,ARANYAPRATHET,13.7,102.583,49.0,2026-02-14,TMAX,325.0,2026-02,32.5,Max temperature (C)
TH000048432,SURIN,14.883,103.5,147.0,2026-02-14,TMIN,233.0,2026-02,23.3,Min temperature (C)
TH000048455,BANGKOK METROPOLIS,13.733,100.567,4.0,2026-02-14,TAVG,290.0,2026-02,29.0,Average temperature (C)
TH000048357,NAKHON PHANOM,17.417,104.783,148.0,2026-02-17,TAVG,272.0,2026-02,27.2,Average temperature (C)
TH000048351,UTTARADIT,17.617,100.1,64.0,2026-02-17,TAVG,285.0,2026-02,28.5,Average temperature (C)
TH000048462,ARANYAPRATHET,13.7,102.583,49.0,2026-02-17,TMAX,331.0,2026-02,33.1,Max temperature (C)
TH000048462,ARANYAPRATHET,13.7,102.583,49.0,2026-02-17,TAVG,306.0,2026-02,30.6,Average temperature (C)
TH000048325,MAE SARIANG,18.167,97.933,213.0,2026-02-18,TMAX,268.0,2026-02,26.8,Max temperature (C)
TH000048325,MAE SARIANG,18.167,97.933,213.0,2026-02-20,TAVG,275.0,2026-02,27.5,Average temperature (C)
TH000048432,SURIN,14.883,103.5,147.0,2026-02-20,TAVG,279.0,2026-02,27.9,Average temperature (C)
TH000048325,MAE SARIANG,18.167,97.933,213.0,2026-02-20,TMAX,368.0,2026-02,36.8,Max temperature (C)
TH000048501,KHLONG YAI,11.767,102.883,4.0,2026-02-21,TMAX,305.0,2026-02,30.5,Max temperature (C)
TH000048462,ARANYAPRATHET,13.7,102.583,49.0,2026-02-21,TMIN,250.0,2026-02,25.0,Min temperature (C)
TH000048426,LOP BURI,14.8,100.617,11.0,2026-02-22,TAVG,292.0,2026-02,29.2,Average temperature (C)
TH000048462,ARANYAPRATHET,13.7,102.583,49.0,2026-02-22,TAVG,309.0,2026-02,30.9,Average temperature (C)
TH000048462,ARANYAPRATHET,13.7,102.583,49.0,2026-02-23,TAVG,302.0,2026-02,30.2,Average temperature (C)
TH000048383,MUKDAHAN,16.533,104.717,139.0,2026-02-23,TAVG,291.0,2026-02,29.1,Average temperature (C)
THM00048453,BANG NA AGROMET,13.667,100.617,6.0,2026-02-24,TAVG,295.0,2026-02,29.5,Average temperature (C)
TH000048383,MUKDAHAN,16.533,104.717,139.0,2026-02-24,TMAX,318.0,2026-02,31.8,Max temperature (C)
TH000048426,LOP BURI,14.8,100.617,11.0,2026-02-24,TMIN,255.0,2026-02,25.5,Min temperature (C)
TH000048455,BANGKOK METROPOLIS,13.733,100.567,4.0,2026-02-25,TAVG,301.0,2026-02,30.1,Average temperature (C)
THM00048453,BANG NA AGROMET,13.667,100.617,6.0,2026-02-25,TMIN,265.0,2026-02,26.5,Min temperature (C)
TH000048564,PHUKET,7.883,98.4,3.0,2026-02-25,TMIN,257.0,2026-02,25.7,Min temperature (C)
TH000048425,SUPHAN BURI,14.467,100.133,8.0,2026-02-26,TAVG,275.0,2026-02,27.5,Average temperature (C)
TH000048325,MAE SARIANG,18.167,97.933,213.0,2026-02-26,TMIN,212.0,2026-02,21.2,Min temperature (C)
TH000048432,SURIN,14.883,103.5,147.0,2026-02-26,TMAX,338.0,2026-02,33.8,Max temperature (C)
TH000048357,NAKHON PHANOM,17.417,104.783,148.0,2026-02-26,TAVG,276.0,2026-02,27.6,Average temperature (C)
TH000048455,BANGKOK METROPOLIS,13.733,100.567,4.0,2026-02-26,TMIN,266.0,2026-02,26.6,Min temperature (C)
TH000048455,BANGKOK METROPOLIS,13.733,100.567,4.0,2026-02-27,TAVG,317.0,2026-02,31.7,Average temperature (C)
TH000048426,LOP BURI,14.8,100.617,11.0,2026-02-28,TMAX,354.0,2026-02,35.4,Max temperature (C)
TH000048501,KHLONG YAI,11.767,102.883,4.0,2026-03-01,TAVG,283.0,2026-03,28.3,Average temperature (C)
TH000048357,NAKHON PHANOM,17.417,104.783,148.0,2026-03-02,TMAX,362.0,2026-03,36.2,Max temperature (C)
TH000048357,NAKHON PHANOM,17.417,104.783,148.0,2026-03-02,TMIN,252.0,2026-03,25.2,Min temperature (C)
TH000048425,SUPHAN BURI,14.467,100.133,8.0,2026-03-02,TAVG,300.0,2026-03,30.0,Average temperature (C)
THM00048453,BANG NA AGROMET,13.667,100.617,6.0,2026-03-02,TMIN,271.0,2026-03,27.1,Min temperature (C)
THM00048453,BANG NA AGROMET,13.667,100.617,6.0,2026-03-03,TMIN,272.0,2026-03,27.2,Min temperature (C)
TH000048501,KHLONG YAI,11.767,102.883,4.0,2026-03-03,TMIN,252.0,2026-03,25.2,Min temperature (C)
TH000048462,ARANYAPRATHET,13.7,102.583,49.0,2026-03-03,TMAX,385.0,2026-03,38.5,Max temperature (C)
TH000048383,MUKDAHAN,16.533,104.717,139.0,2026-03-04,TMIN,215.0,2026-03,21.5,Min temperature (C)
TH000048383,MUKDAHAN,16.533,104.717,139.0,2026-03-04,TAVG,280.0,2026-03,28.0,Average temperature (C)
TH000048383,MUKDAHAN,16.533,104.717,139.0,2026-03-05,TMAX,278.0,2026-03,27.8,Max temperature (C)
TH000048432,SURIN,14.883,103.5,147.0,2026-03-07,TMIN,235.0,2026-03,23.5,Min temperature (C)
TH000048426,LOP BURI,14.8,100.617,11.0,2026-03-07,TMIN,264.0,2026-03,26.4,Min temperature (C)
TH000048432,SURIN,14.883,103.5,147.0,2026-03-08,TMAX,340.0,2026-03,34.0,Max temperature (C)
TH000048325,MAE SARIANG,18.167,97.933,213.0,2026-03-08,TMAX,369.0,2026-03,36.9,Max temperature (C)
TH000048564,PHUKET,7.883,98.4,3.0,2026-03-08,TMIN,265.0,2026-03,26.5,Min temperature (C)
TH000048501,KHLONG YAI,11.767,102.883,4.0,2026-03-10,TMAX,324.0,2026-03,32.4,Max temperature (C)
THM00048453,BANG NA AGROMET,13.667,100.617,6.0,2026-03-10,TMAX,360.0,2026-03,36.0,Max temperature (C)
TH000048325,MAE SARIANG,18.167,97.933,213.0,2026-03-11,TMAX,305.0,2026-03,30.5,Max temperature (C)
TH000048564,PHUKET,7.883,98.4,3.0,2026-03-11,TMIN,262.0,2026-03,26.2,Min temperature (C)
TH000048432,SURIN,14.883,103.5,147.0,2026-03-12,TAVG,258.0,2026-03,25.8,Average temperature (C)
TH000048432,SURIN,14.883,103.5,147.0,2026-03-14,TMAX,327.0,2026-03,32.7,Max temperature (C)
TH000048425,SUPHAN BURI,14.467,100.133,8.0,2026-03-15,TMIN,241.0,2026-03,24.1,Min temperature (C)
TH000048564,PHUKET,7.883,98.4,3.0,2026-03-15,TAVG,288.0,2026-03,28.8,Average temperature (C)
TH000048351,UTTARADIT,17.617,100.1,64.0,2026-03-15,TMIN,227.0,2026-03,22.7,Min temperature (C)
TH000048564,PHUKET,7.883,98.4,3.0,2026-03-16,TAVG,291.0,2026-03,29.1,Average temperature (C)
TH000048455,BANGKOK METROPOLIS,13.733,100.567,4.0,2026-03-17,TMAX,342.0,2026-03,34.2,Max temperature (C)
TH000048501,KHLONG YAI,11.767,102.883,4.0,2026-03-18,TAVG,272.0,2026-03,27.2,Average temperature (C)
THM00048453,BANG NA AGROMET,13.667,100.617,6.0,2026-03-19,TAVG,303.0,2026-03,30.3,Average temperature (C)
TH000048455,BANGKOK METROPOLIS,13.733,100.567,4.0,2026-03-20,TMAX,327.0,2026-03,32.7,Max temperature (C)
TH000048426,LOP BURI,14.8,100.617,11.0,2026-03-21,TMIN,255.0,2026-03,25.5,Min temperature (C)
TH000048351,UTTARADIT,17.617,100.1,64.0,2026-03-21,TMIN,251.0,2026-03,25.1,Min temperature (C)
TH000048501,KHLONG YAI,11.767,102.883,4.0,2026-03-22,TAVG,287.0,2026-03,28.7,Average temperature (C)
TH000048357,NAKHON PHANOM,17.417,104.783,148.0,2026-03-22,TMIN,238.0,2026-03,23.8,Min temperature (C)
TH000048357,NAKHON PHANOM,17.417,104.783,148.0,2026-03-24,TMAX,365.0,2026-03,36.5,Max temperature (C)
TH000048455,BANGKOK METROPOLIS,13.733,100.567,4.0,2026-03-25,TAVG,310.0,2026-03,31.0,Average temperature (C)
TH000048432,SURIN,14.883,103.5,147.0,2026-03-25,TAVG,320.0,2026-03,32.0,Average temperature (C)
TH000048450,KANCHANABURI,14.017,99.533,29.0,2026-04-02,TMAX,390.0,2026-04,39.0,Max temperature (C)
TH000048450,KANCHANABURI,14.017,99.533,29.0,2026-04-02,TMIN,254.0,2026-04,25.4,Min temperature (C)
TH000048357,NAKHON PHANOM,17.417,104.783,148.0,2026-04-02,TMAX,385.0,2026-04,38.5,Max temperature (C)
TH000048325,MAE SARIANG,18.167,97.933,213.0,2026-04-03,TMIN,200.0,2026-04,20.0,Min temperature (C)
TH000048425,SUPHAN BURI,14.467,100.133,8.0,2026-04-04,TMAX,381.0,2026-04,38.1,Max temperature (C)
TH000048351,UTTARADIT,17.617,100.1,64.0,2026-04-04,TMAX,374.0,2026-04,37.4,Max temperature (C)
TH000048325,MAE SARIANG,18.167,97.933,213.0,2026-04-05,TAVG,297.0,2026-04,29.7,Average temperature (C)
TH000048357,NAKHON PHANOM,17.417,104.783,148.0,2026-04-05,TMIN,287.0,2026-04,28.7,Min temperature (C)
TH000048351,UTTARADIT,17.617,100.1,64.0,2026-04-05,TMIN,245.0,2026-04,24.5,Min temperature (C)
TH000048325,MAE SARIANG,18.167,97.933,213.0,2026-04-05,TMIN,230.0,2026-04,23.0,Min temperature (C)
TH000048564,PHUKET,7.883,98.4,3.0,2026-04-05,TMAX,342.0,2026-04,34.2,Max temperature (C)
THM00048453,BANG NA AGROMET,13.667,100.617,6.0,2026-04-05,TMIN,285.0,2026-04,28.5,Min temperature (C)
TH000048325,MAE SARIANG,18.167,97.933,213.0,2026-04-06,TAVG,299.0,2026-04,29.9,Average temperature (C)
TH000048325,MAE SARIANG,18.167,97.933,213.0,2026-04-08,TMAX,392.0,2026-04,39.2,Max temperature (C)
TH000048383,MUKDAHAN,16.533,104.717,139.0,2026-04-09,TMIN,276.0,2026-04,27.6,Min temperature (C)
TH000048325,MAE SARIANG,18.167,97.933,213.0,2026-04-10,TMAX,380.0,2026-04,38.0,Max temperature (C)
TH000048351,UTTARADIT,17.617,100.1,64.0,2026-04-11,TAVG,324.0,2026-04,32.4,Average temperature (C)
TH000048450,KANCHANABURI,14.017,99.533,29.0,2026-04-11,TMAX,401.0,2026-04,40.1,Max temperature (C)
THM00048453,BANG NA AGROMET,13.667,100.617,6.0,2026-04-12,TMIN,290.0,2026-04,29.0,Min temperature (C)
TH000048357,NAKHON PHANOM,17.417,104.783,148.0,2026-04-12,TMAX,406.0,2026-04,40.6,Max temperature (C)
TH000048351,UTTARADIT,17.617,100.1,64.0,2026-04-14,TMIN,255.0,2026-04,25.5,Min temperature (C)
TH000048357,NAKHON PHANOM,17.417,104.783,148.0,2026-04-15,TMAX,404.0,2026-04,40.4,Max temperature (C)
TH000048383,MUKDAHAN,16.533,104.717,139.0,2026-04-15,TAVG,345.0,2026-04,34.5,Average temperature (C)
TH000048432,SURIN,14.883,103.5,147.0,2026-04-17,TAVG,328.0,2026-04,32.8,Average temperature (C)
TH000048425,SUPHAN BURI,14.467,100.133,8.0,2026-04-19,TAVG,319.0,2026-04,31.9,Average temperature (C)
TH000048462,ARANYAPRATHET,13.7,102.583,49.0,2026-04-19,TAVG,298.0,2026-04,29.8,Average temperature (C)
TH000048351,UTTARADIT,17.617,100.1,64.0,2026-04-19,TMAX,384.0,2026-04,38.4,Max temperature (C)
TH000048432,SURIN,14.883,103.5,147.0,2026-04-19,TAVG,298.0,2026-04,29.8,Average temperature (C)
TH000048383,MUKDAHAN,16.533,104.717,139.0,2026-04-20,TMIN,251.0,2026-04,25.1,Min temperature (C)
TH000048455,BANGKOK METROPOLIS,13.733,100.567,4.0,2026-04-20,TAVG,321.0,2026-04,32.1,Average temperature (C)
TH000048351,UTTARADIT,17.617,100.1,64.0,2026-04-22,TMIN,281.0,2026-04,28.1,Min temperature (C)
TH000048501,KHLONG YAI,11.767,102.883,4.0,2026-04-23,TMAX,346.0,2026-04,34.6,Max temperature (C)
TH000048501,KHLONG YAI,11.767,102.883,4.0,2026-04-24,TMIN,249.0,2026-04,24.9,Min temperature (C)
TH000048425,SUPHAN BURI,14.467,100.133,8.0,2026-04-24,TMAX,381.0,2026-04,38.1,Max temperature (C)
TH000048425,SUPHAN BURI,14.467,100.133,8.0,2026-04-25,TAVG,291.0,2026-04,29.1,Average temperature (C)
TH000048501,KHLONG YAI,11.767,102.883,4.0,2026-04-26,TMAX,334.0,2026-04,33.4,Max temperature (C)
TH000048455,BANGKOK METROPOLIS,13.733,100.567,4.0,2026-04-26,TAVG,317.0,2026-04,31.7,Average temperature (C)
TH000048564,PHUKET,7.883,98.4,3.0,2026-04-26,TMAX,362.0,2026-04,36.2,Max temperature (C)
TH000048450,KANCHANABURI,14.017,99.533,29.0,2026-04-27,TAVG,324.0,2026-04,32.4,Average temperature (C)
TH000048450,KANCHANABURI,14.017,99.533,29.0,2026-04-28,TMAX,397.0,2026-04,39.7,Max temperature (C)
TH000048351,UTTARADIT,17.617,100.1,64.0,2026-04-28,TMIN,262.0,2026-04,26.2,Min temperature (C)
TH000048564,PHUKET,7.883,98.4,3.0,2026-04-29,TMIN,277.0,2026-04,27.7,Min temperature (C)
THM00048453,BANG NA AGROMET,13.667,100.617,6.0,2026-04-29,TMIN,296.0,2026-04,29.6,Min temperature (C)
TH000048351,UTTARADIT,17.617,100.1,64.0,2026-05-01,TMAX,370.0,2026-05,37.0,Max temperature (C)
TH000048455,BANGKOK METROPOLIS,13.733,100.567,4.0,2026-05-01,TMIN,258.0,2026-05,25.8,Min temperature (C)
TH000048425,SUPHAN BURI,14.467,100.133,8.0,2026-05-02,TAVG,318.0,2026-05,31.8,Average temperature (C)
TH000048455,BANGKOK METROPOLIS,13.733,100.567,4.0,2026-05-03,TMIN,293.0,2026-05,29.3,Min temperature (C)
TH000048357,NAKHON PHANOM,17.417,104.783,148.0,2026-05-05,TMIN,250.0,2026-05,25.0,Min temperature (C)
TH000048455,BANGKOK METROPOLIS,13.733,100.567,4.0,2026-05-05,TMIN,260.0,2026-05,26.0,Min temperature (C)
TH000048425,SUPHAN BURI,14.467,100.133,8.0,2026-05-05,TMIN,260.0,2026-05,26.0,Min temperature (C)
TH000048462,ARANYAPRATHET,13.7,102.583,49.0,2026-05-06,TAVG,305.0,2026-05,30.5,Average temperature (C)
TH000048383,MUKDAHAN,16.533,104.717,139.0,2026-05-06,TMAX,346.0,2026-05,34.6,Max temperature (C)
TH000048455,BANGKOK METROPOLIS,13.733,100.567,4.0,2026-05-07,TAVG,304.0,2026-05,30.4,Average temperature (C)
TH000048357,NAKHON PHANOM,17.417,104.783,148.0,2026-05-08,TMAX,313.0,2026-05,31.3,Max temperature (C)
TH000048383,MUKDAHAN,16.533,104.717,139.0,2026-05-09,TAVG,305.0,2026-05,30.5,Average temperature (C)
TH000048426,LOP BURI,14.8,100.617,11.0,2026-05-09,TAVG,286.0,2026-05,28.6,Average temperature (C)
TH000048426,LOP BURI,14.8,100.617,11.0,2026-05-10,TMAX,348.0,2026-05,34.8,Max temperature (C)
TH000048351,UTTARADIT,17.617,100.1,64.0,2026-05-11,TAVG,318.0,2026-05,31.8,Average temperature (C)
TH000048383,MUKDAHAN,16.533,104.717,139.0,2026-05-12,TMIN,266.0,2026-05,26.6,Min temperature (C)
TH000048383,MUKDAHAN,16.533,104.717,139.0,2026-05-14,TMAX,370.0,2026-05,37.0,Max temperature (C)
TH000048501,KHLONG YAI,11.767,102.883,4.0,2026-05-14,TMAX,339.0,2026-05,33.9,Max temperature (C)
TH000048455,BANGKOK METROPOLIS,13.733,100.567,4.0,2026-05-15,TAVG,314.0,2026-05,31.4,Average temperature (C)
TH000048450,KANCHANABURI,14.017,99.533,29.0,2026-05-16,TAVG,309.0,2026-05,30.9,Average temperature (C)
TH000048425,SUPHAN BURI,14.467,100.133,8.0,2026-05-17,TMIN,265.0,2026-05,26.5,Min temperature (C)
TH000048432,SURIN,14.883,103.5,147.0,2026-05-17,TAVG,311.0,2026-05,31.1,Average temperature (C)
TH000048450,KANCHANABURI,14.017,99.533,29.0,2026-05-18,TAVG,302.0,2026-05,30.2,Average temperature (C)
TH000048383,MUKDAHAN,16.533,104.717,139.0,2026-05-18,TMIN,247.0,2026-05,24.7,Min temperature (C)
TH000048357,NAKHON PHANOM,17.417,104.783,148.0,2026-05-18,TMAX,318.0,2026-05,31.8,Max temperature (C)
TH000048426,LOP BURI,14.8,100.617,11.0,2026-05-19,TMAX,342.0,2026-05,34.2,Max temperature (C)
TH000048425,SUPHAN BURI,14.467,100.133,8.0,2026-05-19,TAVG,281.0,2026-05,28.1,Average temperature (C)
TH000048351,UTTARADIT,17.617,100.1,64.0,2026-05-20,TAVG,281.0,2026-05,28.1,Average temperature (C)
TH000048462,ARANYAPRATHET,13.7,102.583,49.0,2026-05-21,TAVG,291.0,2026-05,29.1,Average temperature (C)
TH000048425,SUPHAN BURI,14.467,100.133,8.0,2026-05-21,TAVG,303.0,2026-05,30.3,Average temperature (C)
TH000048383,MUKDAHAN,16.533,104.717,139.0,2026-05-21,TAVG,300.0,2026-05,30.0,Average temperature (C)
TH000048383,MUKDAHAN,16.533,104.717,139.0,2026-01-01,TMAX,303.0,2026-01,30.3,Max temperature (C)
TH000048325,MAE SARIANG,18.167,97.933,213.0,2026-01-01,TMAX,305.0,2026-01,30.5,Max temperature (C)
TH000048425,SUPHAN BURI,14.467,100.133,8.0,2026-01-01,TMAX,325.0,2026-01,32.5,Max temperature (C)
TH000048325,MAE SARIANG,18.167,97.933,213.0,2026-01-01,TAVG,200.0,2026-01,20.0,Average temperature (C)
TH000048501,KHLONG YAI,11.767,102.883,4.0,2026-01-02,TMIN,200.0,2026-01,20.0,Min temperature (C)
TH000048501,KHLONG YAI,11.767,102.883,4.0,2026-01-02,TAVG,250.0,2026-01,25.0,Average temperature (C)
TH000048462,ARANYAPRATHET,13.7,102.583,49.0,2026-01-03,TMAX,296.0,2026-01,29.6,Max temperature (C)
TH000048425,SUPHAN BURI,14.467,100.133,8.0,2026-01-04,TAVG,246.0,2026-01,24.6,Average temperature (C)
TH000048455,BANGKOK METROPOLIS,13.733,100.567,4.0,2026-01-04,TMIN,231.0,2026-01,23.1,Min temperature (C)
TH000048426,LOP BURI,14.8,100.617,11.0,2026-01-04,TMAX,308.0,2026-01,30.8,Max temperature (C)
TH000048357,NAKHON PHANOM,17.417,104.783,148.0,2026-01-04,TMAX,285.0,2026-01,28.5,Max temperature (C)
TH000048432,SURIN,14.883,103.5,147.0,2026-01-04,TMIN,177.0,2026-01,17.7,Min temperature (C)
TH000048425,SUPHAN BURI,14.467,100.133,8.0,2026-01-04,TMAX,300.0,2026-01,30.0,Max temperature (C)
TH000048432,SURIN,14.883,103.5,147.0,2026-01-05,TMAX,310.0,2026-01,31.0,Max temperature (C)
TH000048425,SUPHAN BURI,14.467,100.133,8.0,2026-01-05,TMAX,307.0,2026-01,30.7,Max temperature (C)
TH000048357,NAKHON PHANOM,17.417,104.783,148.0,2026-01-06,TAVG,213.0,2026-01,21.3,Average temperature (C)
TH000048325,MAE SARIANG,18.167,97.933,213.0,2026-01-06,TMAX,308.0,2026-01,30.8,Max temperature (C)
TH000048357,NAKHON PHANOM,17.417,104.783,148.0,2026-01-07,TMAX,247.0,2026-01,24.7,Max temperature (C)
TH000048357,NAKHON PHANOM,17.417,104.783,148.0,2026-01-08,TAVG,185.0,2026-01,18.5,Average temperature (C)
TH000048325,MAE SARIANG,18.167,97.933,213.0,2026-01-09,TAVG,188.0,2026-01,18.8,Average temperature (C)
TH000048432,SURIN,14.883,103.5,147.0,2026-01-09,TMAX,262.0,2026-01,26.2,Max temperature (C)
TH000048455,BANGKOK METROPOLIS,13.733,100.567,4.0,2026-01-09,TAVG,241.0,2026-01,24.1,Average temperature (C)
TH000048383,MUKDAHAN,16.533,104.717,139.0,2026-01-11,TAVG,206.0,2026-01,20.6,Average temperature (C)
TH000048351,UTTARADIT,17.617,100.1,64.0,2026-01-12,TMAX,288.0,2026-01,28.8,Max temperature (C)
TH000048501,KHLONG YAI,11.767,102.883,4.0,2026-01-13,TAVG,247.0,2026-01,24.7,Average temperature (C)
TH000048462,ARANYAPRATHET,13.7,102.583,49.0,2026-01-13,TAVG,251.0,2026-01,25.1,Average temperature (C)
TH000048351,UTTARADIT,17.617,100.1,64.0,2026-01-13,TAVG,218.0,2026-01,21.8,Average temperature (C)
TH000048325,MAE SARIANG,18.167,97.933,213.0,2026-01-14,TAVG,207.0,2026-01,20.7,Average temperature (C)
TH000048462,ARANYAPRATHET,13.7,102.583,49.0,2026-01-14,TMIN,201.0,2026-01,20.1,Min temperature (C)
TH000048455,BANGKOK METROPOLIS,13.733,100.567,4.0,2026-01-14,TMIN,220.0,2026-01,22.0,Min temperature (C)
TH000048450,KANCHANABURI,14.017,99.533,29.0,2026-01-14,TMAX,325.0,2026-01,32.5,Max temperature (C)
TH000048351,UTTARADIT,17.617,100.1,64.0,2026-01-15,TAVG,243.0,2026-01,24.3,Average temperature (C)
TH000048426,LOP BURI,14.8,100.617,11.0,2026-01-16,TMIN,217.0,2026-01,21.7,Min temperature (C)
TH000048325,MAE SARIANG,18.167,97.933,213.0,2026-01-16,TMIN,158.0,2026-01,15.8,Min temperature (C)
TH000048455,BANGKOK METROPOLIS,13.733,100.567,4.0,2026-01-18,TMIN,252.0,2026-01,25.2,Min temperature (C)
TH000048426,LOP BURI,14.8,100.617,11.0,2026-01-18,TMIN,210.0,2026-01,21.0,Min temperature (C)
TH000048425,SUPHAN BURI,14.467,100.133,8.0,2026-01-20,TAVG,273.0,2026-01,27.3,Average temperature (C)
TH000048383,MUKDAHAN,16.533,104.717,139.0,2026-01-20,TMAX,325.0,2026-01,32.5,Max temperature (C)
TH000048426,LOP BURI,14.8,100.617,11.0,2026-01-20,TAVG,273.0,2026-01,27.3,Average temperature (C)
TH000048426,LOP BURI,14.8,100.617,11.0,2026-01-20,TMAX,317.0,2026-01,31.7,Max temperature (C)
TH000048425,SUPHAN BURI,14.467,100.133,8.0,2026-01-21,TMIN,225.0,2026-01,22.5,Min temperature (C)
TH000048425,SUPHAN BURI,14.467,100.133,8.0,2026-01-22,TMIN,203.0,2026-01,20.3,Min temperature (C)
TH000048462,ARANYAPRATHET,13.7,102.583,49.0,2026-01-23,TMIN,204.0,2026-01,20.4,Min temperature (C)
TH000048325,MAE SARIANG,18.167,97.933,213.0,2026-01-23,TMAX,310.0,2026-01,31.0,Max temperature (C)
TH000048501,KHLONG YAI,11.767,102.883,4.0,2026-01-23,TMIN,205.0,2026-01,20.5,Min temperature (C)
TH000048351,UTTARADIT,17.617,100.1,64.0,2026-01-23,TMIN,175.0,2026-01,17.5,Min temperature (C)
TH000048455,BANGKOK METROPOLIS,13.733,100.567,4.0,2026-01-25,TAVG,278.0,2026-01,27.8,Average temperature (C)
TH000048462,ARANYAPRATHET,13.7,102.583,49.0,2026-01-25,TMAX,318.0,2026-01,31.8,Max temperature (C)
TH000048357,NAKHON PHANOM,17.417,104.783,148.0,2026-01-25,TMAX,296.0,2026-01,29.6,Max temperature (C)
TH000048501,KHLONG YAI,11.767,102.883,4.0,2026-01-25,TMAX,303.0,2026-01,30.3,Max temperature (C)
TH000048325,MAE SARIANG,18.167,97.933,213.0,2026-01-25,TAVG,202.0,2026-01,20.2,Average temperature (C)
TH000048462,ARANYAPRATHET,13.7,102.583,49.0,2026-01-26,TAVG,263.0,2026-01,26.3,Average temperature (C)
TH000048426,LOP BURI,14.8,100.617,11.0,2026-01-26,TAVG,245.0,2026-01,24.5,Average temperature (C)
TH000048425,SUPHAN BURI,14.467,100.133,8.0,2026-01-28,TMAX,319.0,2026-01,31.9,Max temperature (C)
TH000048501,KHLONG YAI,11.767,102.883,4.0,2026-01-28,TAVG,260.0,2026-01,26.0,Average temperature (C)
TH000048426,LOP BURI,14.8,100.617,11.0,2026-01-29,TMIN,202.0,2026-01,20.2,Min temperature (C)
TH000048383,MUKDAHAN,16.533,104.717,139.0,2026-01-29,TAVG,240.0,2026-01,24.0,Average temperature (C)
TH000048351,UTTARADIT,17.617,100.1,64.0,2026-01-30,TMAX,335.0,2026-01,33.5,Max temperature (C)
TH000048450,KANCHANABURI,14.017,99.533,29.0,2026-01-30,TMAX,339.0,2026-01,33.9,Max temperature (C)
TH000048426,LOP BURI,14.8,100.617,11.0,2026-01-30,TMAX,340.0,2026-01,34.0,Max temperature (C)
TH000048501,KHLONG YAI,11.767,102.883,4.0,2026-01-30,TMIN,236.0,2026-01,23.6,Min temperature (C)
TH000048564,PHUKET,7.883,98.4,3.0,2026-01-30,TMAX,347.0,2026-01,34.7,Max temperature (C)
TH000048564,PHUKET,7.883,98.4,3.0,2026-01-30,TAVG,290.0,2026-01,29.0,Average temperature (C)
TH000048501,KHLONG YAI,11.767,102.883,4.0,2026-01-30,TMAX,304.0,2026-01,30.4,Max temperature (C)
TH000048425,SUPHAN BURI,14.467,100.133,8.0,2026-01-31,TMAX,332.0,2026-01,33.2,Max temperature (C)
TH000048426,LOP BURI,14.8,100.617,11.0,2026-02-01,TAVG,284.0,2026-02,28.4,Average temperature (C)
TH000048564,PHUKET,7.883,98.4,3.0,2026-02-01,TMIN,258.0,2026-02,25.8,Min temperature (C)
TH000048501,KHLONG YAI,11.767,102.883,4.0,2026-02-02,TMAX,330.0,2026-02,33.0,Max temperature (C)
THM00048453,BANG NA AGROMET,13.667,100.617,6.0,2026-02-02,TAVG,281.0,2026-02,28.1,Average temperature (C)
TH000048432,SURIN,14.883,103.5,147.0,2026-02-03,TAVG,254.0,2026-02,25.4,Average temperature (C)
TH000048450,KANCHANABURI,14.017,99.533,29.0,2026-02-03,TMIN,219.0,2026-02,21.9,Min temperature (C)
TH000048564,PHUKET,7.883,98.4,3.0,2026-02-04,TAVG,292.0,2026-02,29.2,Average temperature (C)
THM00048453,BANG NA AGROMET,13.667,100.617,6.0,2026-02-05,TMIN,235.0,2026-02,23.5,Min temperature (C)
TH000048425,SUPHAN BURI,14.467,100.133,8.0,2026-02-05,TMAX,345.0,2026-02,34.5,Max temperature (C)
TH000048462,ARANYAPRATHET,13.7,102.583,49.0,2026-02-05,TAVG,291.0,2026-02,29.1,Average temperature (C)
TH000048426,LOP BURI,14.8,100.617,11.0,2026-02-07,TAVG,292.0,2026-02,29.2,Average temperature (C)
TH000048383,MUKDAHAN,16.533,104.717,139.0,2026-02-07,TMAX,335.0,2026-02,33.5,Max temperature (C)
TH000048426,LOP BURI,14.8,100.617,11.0,2026-02-07,TMAX,344.0,2026-02,34.4,Max temperature (C)
TH000048564,PHUKET,7.883,98.4,3.0,2026-02-08,TMIN,257.0,2026-02,25.7,Min temperature (C)
TH000048383,MUKDAHAN,16.533,104.717,139.0,2026-02-08,TAVG,259.0,2026-02,25.9,Average temperature (C)
TH000048462,ARANYAPRATHET,13.7,102.583,49.0,2026-02-09,TMIN,221.0,2026-02,22.1,Min temperature (C)
TH000048325,MAE SARIANG,18.167,97.933,213.0,2026-02-09,TMIN,182.0,2026-02,18.2,Min temperature (C)
TH000048426,LOP BURI,14.8,100.617,11.0,2026-02-10,TMIN,209.0,2026-02,20.9,Min temperature (C)
TH000048462,ARANYAPRATHET,13.7,102.583,49.0,2026-02-11,TMIN,256.0,2026-02,25.6,Min temperature (C)
TH000048455,BANGKOK METROPOLIS,13.733,100.567,4.0,2026-02-12,TMIN,270.0,2026-02,27.0,Min temperature (C)
TH000048450,KANCHANABURI,14.017,99.533,29.0,2026-02-12,TMAX,357.0,2026-02,35.7,Max temperature (C)
TH000048455,BANGKOK METROPOLIS,13.733,100.567,4.0,2026-02-13,TMIN,272.0,2026-02,27.2,Min temperature (C)
TH000048450,KANCHANABURI,14.017,99.533,29.0,2026-02-13,TMAX,360.0,2026-02,36.0,Max temperature (C)
TH000048325,MAE SARIANG,18.167,97.933,213.0,2026-02-14,TMAX,316.0,2026-02,31.6,Max temperature (C)
TH000048564,PHUKET,7.883,98.4,3.0,2026-02-14,TAVG,290.0,2026-02,29.0,Average temperature (C)
TH000048501,KHLONG YAI,11.767,102.883,4.0,2026-02-16,TAVG,284.0,2026-02,28.4,Average temperature (C)
TH000048501,KHLONG YAI,11.767,102.883,4.0,2026-02-20,TMAX,322.0,2026-02,32.2,Max temperature (C)
TH000048455,BANGKOK METROPOLIS,13.733,100.567,4.0,2026-02-20,TMIN,276.0,2026-02,27.6,Min temperature (C)
TH000048455,BANGKOK METROPOLIS,13.733,100.567,4.0,2026-02-20,TMAX,348.0,2026-02,34.8,Max temperature (C)
TH000048462,ARANYAPRATHET,13.7,102.583,49.0,2026-02-21,TAVG,301.0,2026-02,30.1,Average temperature (C)
TH000048564,PHUKET,7.883,98.4,3.0,2026-02-22,TMIN,277.0,2026-02,27.7,Min temperature (C)
TH000048432,SURIN,14.883,103.5,147.0,2026-02-22,TMAX,344.0,2026-02,34.4,Max temperature (C)
TH000048432,SURIN,14.883,103.5,147.0,2026-02-22,TMIN,253.0,2026-02,25.3,Min temperature (C)
TH000048383,MUKDAHAN,16.533,104.717,139.0,2026-02-22,TMAX,352.0,2026-02,35.2,Max temperature (C)
TH000048425,SUPHAN BURI,14.467,100.133,8.0,2026-02-23,TMIN,270.0,2026-02,27.0,Min temperature (C)
THM00048453,BANG NA AGROMET,13.667,100.617,6.0,2026-02-24,TMAX,330.0,2026-02,33.0,Max temperature (C)
TH000048357,NAKHON PHANOM,17.417,104.783,148.0,2026-02-24,TAVG,294.0,2026-02,29.4,Average temperature (C)
TH000048426,LOP BURI,14.8,100.617,11.0,2026-02-25,TAVG,298.0,2026-02,29.8,Average temperature (C)
TH000048501,KHLONG YAI,11.767,102.883,4.0,2026-02-25,TMIN,249.0,2026-02,24.9,Min temperature (C)
TH000048325,MAE SARIANG,18.167,97.933,213.0,2026-02-27,TMIN,182.0,2026-02,18.2,Min temperature (C)
THM00048453,BANG NA AGROMET,13.667,100.617,6.0,2026-02-28,TAVG,312.0,2026-02,31.2,Average temperature (C)
TH000048462,ARANYAPRATHET,13.7,102.583,49.0,2026-02-28,TMAX,355.0,2026-02,35.5,Max temperature (C)
TH000048450,KANCHANABURI,14.017,99.533,29.0,2026-03-01,TAVG,314.0,2026-03,31.4,Average temperature (C)
TH000048325,MAE SARIANG,18.167,97.933,213.0,2026-03-01,TAVG,226.0,2026-03,22.6,Average temperature (C)
TH000048501,KHLONG YAI,11.767,102.883,4.0,2026-03-01,TMIN,248.0,2026-03,24.8,Min temperature (C)
TH000048432,SURIN,14.883,103.5,147.0,2026-03-02,TAVG,311.0,2026-03,31.1,Average temperature (C)
TH000048383,MUKDAHAN,16.533,104.717,139.0,2026-03-02,TMIN,266.0,2026-03,26.6,Min temperature (C)
TH000048357,NAKHON PHANOM,17.417,104.783,148.0,2026-03-05,TAVG,230.0,2026-03,23.0,Average temperature (C)
THM00048453,BANG NA AGROMET,13.667,100.617,6.0,2026-03-05,TMAX,345.0,2026-03,34.5,Max temperature (C)
TH000048351,UTTARADIT,17.617,100.1,64.0,2026-03-06,TMAX,340.0,2026-03,34.0,Max temperature (C)
TH000048455,BANGKOK METROPOLIS,13.733,100.567,4.0,2026-03-07,TMAX,325.0,2026-03,32.5,Max temperature (C)
TH000048501,KHLONG YAI,11.767,102.883,4.0,2026-03-08,TMAX,322.0,2026-03,32.2,Max temperature (C)
TH000048325,MAE SARIANG,18.167,97.933,213.0,2026-03-09,TMAX,372.0,2026-03,37.2,Max temperature (C)
TH000048501,KHLONG YAI,11.767,102.883,4.0,2026-03-11,TMIN,238.0,2026-03,23.8,Min temperature (C)
TH000048351,UTTARADIT,17.617,100.1,64.0,2026-03-11,TMIN,212.0,2026-03,21.2,Min temperature (C)
TH000048426,LOP BURI,14.8,100.617,11.0,2026-03-12,TAVG,299.0,2026-03,29.9,Average temperature (C)
TH000048455,BANGKOK METROPOLIS,13.733,100.567,4.0,2026-03-12,TMIN,263.0,2026-03,26.3,Min temperature (C)
TH000048383,MUKDAHAN,16.533,104.717,139.0,2026-03-12,TMIN,208.0,2026-03,20.8,Min temperature (C)
TH000048426,LOP BURI,14.8,100.617,11.0,2026-03-12,TMAX,342.0,2026-03,34.2,Max temperature (C)
THM00048453,BANG NA AGROMET,13.667,100.617,6.0,2026-03-13,TAVG,293.0,2026-03,29.3,Average temperature (C)
TH000048450,KANCHANABURI,14.017,99.533,29.0,2026-03-14,TMAX,330.0,2026-03,33.0,Max temperature (C)
TH000048564,PHUKET,7.883,98.4,3.0,2026-03-14,TAVG,305.0,2026-03,30.5,Average temperature (C)
TH000048450,KANCHANABURI,14.017,99.533,29.0,2026-03-14,TAVG,284.0,2026-03,28.4,Average temperature (C)
TH000048351,UTTARADIT,17.617,100.1,64.0,2026-03-16,TMIN,245.0,2026-03,24.5,Min temperature (C)
TH000048450,KANCHANABURI,14.017,99.533,29.0,2026-03-16,TMIN,258.0,2026-03,25.8,Min temperature (C)
TH000048501,KHLONG YAI,11.767,102.883,4.0,2026-03-17,TMAX,323.0,2026-03,32.3,Max temperature (C)
TH000048455,BANGKOK METROPOLIS,13.733,100.567,4.0,2026-03-17,TMIN,255.0,2026-03,25.5,Min temperature (C)
TH000048432,SURIN,14.883,103.5,147.0,2026-03-17,TMIN,230.0,2026-03,23.0,Min temperature (C)
TH000048462,ARANYAPRATHET,13.7,102.583,49.0,2026-03-18,TAVG,302.0,2026-03,30.2,Average temperature (C)
TH000048432,SURIN,14.883,103.5,147.0,2026-03-18,TMAX,357.0,2026-03,35.7,Max temperature (C)
TH000048325,MAE SARIANG,18.167,97.933,213.0,2026-03-18,TAVG,256.0,2026-03,25.6,Average temperature (C)
TH000048426,LOP BURI,14.8,100.617,11.0,2026-03-20,TMIN,256.0,2026-03,25.6,Min temperature (C)
TH000048432,SURIN,14.883,103.5,147.0,2026-03-20,TMAX,345.0,2026-03,34.5,Max temperature (C)
TH000048564,PHUKET,7.883,98.4,3.0,2026-03-20,TMIN,276.0,2026-03,27.6,Min temperature (C)
TH000048501,KHLONG YAI,11.767,102.883,4.0,2026-03-21,TMIN,253.0,2026-03,25.3,Min temperature (C)
TH000048501,KHLONG YAI,11.767,102.883,4.0,2026-03-21,TMAX,325.0,2026-03,32.5,Max temperature (C)
TH000048325,MAE SARIANG,18.167,97.933,213.0,2026-03-21,TMAX,335.0,2026-03,33.5,Max temperature (C)
THM00048453,BANG NA AGROMET,13.667,100.617,6.0,2026-03-22,TMAX,352.0,2026-03,35.2,Max temperature (C)
TH000048425,SUPHAN BURI,14.467,100.133,8.0,2026-03-22,TMAX,364.0,2026-03,36.4,Max temperature (C)
TH000048383,MUKDAHAN,16.533,104.717,139.0,2026-03-23,TMIN,260.0,2026-03,26.0,Min temperature (C)
TH000048450,KANCHANABURI,14.017,99.533,29.0,2026-03-23,TMAX,382.0,2026-03,38.2,Max temperature (C)
TH000048462,ARANYAPRATHET,13.7,102.583,49.0,2026-03-24,TMIN,258.0,2026-03,25.8,Min temperature (C)
TH000048383,MUKDAHAN,16.533,104.717,139.0,2026-04-02,TMIN,272.0,2026-04,27.2,Min temperature (C)
THM00048453,BANG NA AGROMET,13.667,100.617,6.0,2026-04-02,TMAX,354.0,2026-04,35.4,Max temperature (C)
TH000048351,UTTARADIT,17.617,100.1,64.0,2026-04-05,TAVG,313.0,2026-04,31.3,Average temperature (C)
TH000048357,NAKHON PHANOM,17.417,104.783,148.0,2026-04-05,TMAX,386.0,2026-04,38.6,Max temperature (C)
TH000048564,PHUKET,7.883,98.4,3.0,2026-04-05,TAVG,302.0,2026-04,30.2,Average temperature (C)
TH000048325,MAE SARIANG,18.167,97.933,213.0,2026-04-06,TMIN,240.0,2026-04,24.0,Min temperature (C)
TH000048432,SURIN,14.883,103.5,147.0,2026-04-07,TMIN,267.0,2026-04,26.7,Min temperature (C)
TH000048462,ARANYAPRATHET,13.7,102.583,49.0,2026-04-09,TMAX,400.0,2026-04,40.0,Max temperature (C)
THM00048453,BANG NA AGROMET,13.667,100.617,6.0,2026-04-09,TMIN,288.0,2026-04,28.8,Min temperature (C)
TH000048426,LOP BURI,14.8,100.617,11.0,2026-04-10,TMIN,267.0,2026-04,26.7,Min temperature (C)
TH000048501,KHLONG YAI,11.767,102.883,4.0,2026-04-10,TMAX,336.0,2026-04,33.6,Max temperature (C)
TH000048351,UTTARADIT,17.617,100.1,64.0,2026-04-10,TMIN,232.0,2026-04,23.2,Min temperature (C)
TH000048357,NAKHON PHANOM,17.417,104.783,148.0,2026-04-11,TMAX,407.0,2026-04,40.7,Max temperature (C)
TH000048501,KHLONG YAI,11.767,102.883,4.0,2026-04-11,TMIN,220.0,2026-04,22.0,Min temperature (C)
TH000048426,LOP BURI,14.8,100.617,11.0,2026-04-12,TMAX,385.0,2026-04,38.5,Max temperature (C)
TH000048462,ARANYAPRATHET,13.7,102.583,49.0,2026-04-12,TMAX,404.0,2026-04,40.4,Max temperature (C)
TH000048426,LOP BURI,14.8,100.617,11.0,2026-04-12,TMIN,268.0,2026-04,26.8,Min temperature (C)
TH000048325,MAE SARIANG,18.167,97.933,213.0,2026-04-12,TMAX,380.0,2026-04,38.0,Max temperature (C)
TH000048383,MUKDAHAN,16.533,104.717,139.0,2026-04-13,TMAX,402.0,2026-04,40.2,Max temperature (C)
TH000048455,BANGKOK METROPOLIS,13.733,100.567,4.0,2026-04-13,TMIN,298.0,2026-04,29.8,Min temperature (C)
TH000048351,UTTARADIT,17.617,100.1,64.0,2026-04-13,TMAX,397.0,2026-04,39.7,Max temperature (C)
TH000048426,LOP BURI,14.8,100.617,11.0,2026-04-14,TAVG,314.0,2026-04,31.4,Average temperature (C)
TH000048426,LOP BURI,14.8,100.617,11.0,2026-04-14,TMIN,273.0,2026-04,27.3,Min temperature (C)
TH000048501,KHLONG YAI,11.767,102.883,4.0,2026-04-14,TMAX,339.0,2026-04,33.9,Max temperature (C)
TH000048432,SURIN,14.883,103.5,147.0,2026-04-14,TMAX,403.0,2026-04,40.3,Max temperature (C)
TH000048564,PHUKET,7.883,98.4,3.0,2026-04-15,TMIN,272.0,2026-04,27.2,Min temperature (C)
TH000048455,BANGKOK METROPOLIS,13.733,100.567,4.0,2026-04-15,TAVG,322.0,2026-04,32.2,Average temperature (C)
TH000048383,MUKDAHAN,16.533,104.717,139.0,2026-04-16,TMAX,400.0,2026-04,40.0,Max temperature (C)
TH000048462,ARANYAPRATHET,13.7,102.583,49.0,2026-04-17,TMIN,241.0,2026-04,24.1,Min temperature (C)
TH000048383,MUKDAHAN,16.533,104.717,139.0,2026-04-17,TAVG,318.0,2026-04,31.8,Average temperature (C)
TH000048450,KANCHANABURI,14.017,99.533,29.0,2026-04-18,TMIN,278.0,2026-04,27.8,Min temperature (C)
TH000048383,MUKDAHAN,16.533,104.717,139.0,2026-04-18,TMIN,225.0,2026-04,22.5,Min temperature (C)
TH000048357,NAKHON PHANOM,17.417,104.783,148.0,2026-04-20,TMAX,345.0,2026-04,34.5,Max temperature (C)
TH000048455,BANGKOK METROPOLIS,13.733,100.567,4.0,2026-04-21,TMAX,352.0,2026-04,35.2,Max temperature (C)
TH000048325,MAE SARIANG,18.167,97.933,213.0,2026-04-22,TMIN,247.0,2026-04,24.7,Min temperature (C)
TH000048357,NAKHON PHANOM,17.417,104.783,148.0,2026-04-24,TMIN,228.0,2026-04,22.8,Min temperature (C)
TH000048450,KANCHANABURI,14.017,99.533,29.0,2026-04-25,TMIN,258.0,2026-04,25.8,Min temperature (C)
THM00048453,BANG NA AGROMET,13.667,100.617,6.0,2026-04-26,TMIN,290.0,2026-04,29.0,Min temperature (C)
TH000048455,BANGKOK METROPOLIS,13.733,100.567,4.0,2026-04-26,TMAX,362.0,2026-04,36.2,Max temperature (C)
TH000048462,ARANYAPRATHET,13.7,102.583,49.0,2026-04-26,TAVG,305.0,2026-04,30.5,Average temperature (C)
TH000048450,KANCHANABURI,14.017,99.533,29.0,2026-04-26,TAVG,319.0,2026-04,31.9,Average temperature (C)
TH000048462,ARANYAPRATHET,13.7,102.583,49.0,2026-04-27,TAVG,311.0,2026-04,31.1,Average temperature (C)
TH000048450,KANCHANABURI,14.017,99.533,29.0,2026-04-27,TMAX,387.0,2026-04,38.7,Max temperature (C)
TH000048432,SURIN,14.883,103.5,147.0,2026-04-28,TMIN,246.0,2026-04,24.6,Min temperature (C)
TH000048432,SURIN,14.883,103.5,147.0,2026-04-28,TMAX,367.0,2026-04,36.7,Max temperature (C)
TH000048325,MAE SARIANG,18.167,97.933,213.0,2026-04-29,TMAX,374.0,2026-04,37.4,Max temperature (C)
TH000048426,LOP BURI,14.8,100.617,11.0,2026-04-30,TMIN,241.0,2026-04,24.1,Min temperature (C)
TH000048501,KHLONG YAI,11.767,102.883,4.0,2026-04-30,TMIN,253.0,2026-04,25.3,Min temperature (C)
TH000048501,KHLONG YAI,11.767,102.883,4.0,2026-04-30,TAVG,300.0,2026-04,30.0,Average temperature (C)
TH000048432,SURIN,14.883,103.5,147.0,2026-04-30,TMIN,240.0,2026-04,24.0,Min temperature (C)
TH000048351,UTTARADIT,17.617,100.1,64.0,2026-04-30,TAVG,296.0,2026-04,29.6,Average temperature (C)
TH000048425,SUPHAN BURI,14.467,100.133,8.0,2026-05-01,TMAX,370.0,2026-05,37.0,Max temperature (C)
TH000048351,UTTARADIT,17.617,100.1,64.0,2026-05-02,TMAX,382.0,2026-05,38.2,Max temperature (C)
TH000048450,KANCHANABURI,14.017,99.533,29.0,2026-05-02,TMIN,263.0,2026-05,26.3,Min temperature (C)
TH000048351,UTTARADIT,17.617,100.1,64.0,2026-05-03,TMIN,267.0,2026-05,26.7,Min temperature (C)
TH000048383,MUKDAHAN,16.533,104.717,139.0,2026-05-04,TAVG,290.0,2026-05,29.0,Average temperature (C)
TH000048426,LOP BURI,14.8,100.617,11.0,2026-05-04,TMIN,256.0,2026-05,25.6,Min temperature (C)
TH000048325,MAE SARIANG,18.167,97.933,213.0,2026-05-04,TMAX,405.0,2026-05,40.5,Max temperature (C)
TH000048357,NAKHON PHANOM,17.417,104.783,148.0,2026-05-06,TMIN,268.0,2026-05,26.8,Min temperature (C)
TH000048462,ARANYAPRATHET,13.7,102.583,49.0,2026-05-06,TMIN,262.0,2026-05,26.2,Min temperature (C)
TH000048564,PHUKET,7.883,98.4,3.0,2026-05-06,TMIN,270.0,2026-05,27.0,Min temperature (C)
TH000048501,KHLONG YAI,11.767,102.883,4.0,2026-05-06,TAVG,282.0,2026-05,28.2,Average temperature (C)
TH000048501,KHLONG YAI,11.767,102.883,4.0,2026-05-07,TAVG,276.0,2026-05,27.6,Average temperature (C)
TH000048501,KHLONG YAI,11.767,102.883,4.0,2026-05-07,TMIN,243.0,2026-05,24.3,Min temperature (C)
TH000048357,NAKHON PHANOM,17.417,104.783,148.0,2026-05-07,TMIN,250.0,2026-05,25.0,Min temperature (C)
TH000048426,LOP BURI,14.8,100.617,11.0,2026-05-08,TMAX,352.0,2026-05,35.2,Max temperature (C)
TH000048325,MAE SARIANG,18.167,97.933,213.0,2026-05-08,TAVG,286.0,2026-05,28.6,Average temperature (C)
TH000048426,LOP BURI,14.8,100.617,11.0,2026-05-09,TMIN,250.0,2026-05,25.0,Min temperature (C)
TH000048425,SUPHAN BURI,14.467,100.133,8.0,2026-05-10,TMIN,265.0,2026-05,26.5,Min temperature (C)
TH000048432,SURIN,14.883,103.5,147.0,2026-05-11,TMIN,271.0,2026-05,27.1,Min temperature (C)
TH000048450,KANCHANABURI,14.017,99.533,29.0,2026-05-11,TMIN,263.0,2026-05,26.3,Min temperature (C)
TH000048425,SUPHAN BURI,14.467,100.133,8.0,2026-05-12,TAVG,285.0,2026-05,28.5,Average temperature (C)
TH000048462,ARANYAPRATHET,13.7,102.583,49.0,2026-05-14,TMAX,356.0,2026-05,35.6,Max temperature (C)
TH000048426,LOP BURI,14.8,100.617,11.0,2026-05-15,TMAX,363.0,2026-05,36.3,Max temperature (C)
TH000048432,SURIN,14.883,103.5,147.0,2026-05-15,TMIN,266.0,2026-05,26.6,Min temperature (C)
TH000048564,PHUKET,7.883,98.4,3.0,2026-05-15,TMIN,257.0,2026-05,25.7,Min temperature (C)
TH000048383,MUKDAHAN,16.533,104.717,139.0,2026-05-15,TMIN,253.0,2026-05,25.3,Min temperature (C)
TH000048426,LOP BURI,14.8,100.617,11.0,2026-05-16,TAVG,302.0,2026-05,30.2,Average temperature (C)
TH000048432,SURIN,14.883,103.5,147.0,2026-05-16,TAVG,297.0,2026-05,29.7,Average temperature (C)
TH000048501,KHLONG YAI,11.767,102.883,4.0,2026-05-16,TMAX,329.0,2026-05,32.9,Max temperature (C)
TH000048426,LOP BURI,14.8,100.617,11.0,2026-05-16,TMAX,361.0,2026-05,36.1,Max temperature (C)
TH000048564,PHUKET,7.883,98.4,3.0,2026-05-17,TMAX,332.0,2026-05,33.2,Max temperature (C)
TH000048450,KANCHANABURI,14.017,99.533,29.0,2026-05-17,TMAX,364.0,2026-05,36.4,Max temperature (C)
TH000048450,KANCHANABURI,14.017,99.533,29.0,2026-05-17,TAVG,304.0,2026-05,30.4,Average temperature (C)
THM00048453,BANG NA AGROMET,13.667,100.617,6.0,2026-05-18,TMAX,355.0,2026-05,35.5,Max temperature (C)
TH000048357,NAKHON PHANOM,17.417,104.783,148.0,2026-05-19,TMIN,234.0,2026-05,23.4,Min temperature (C)
TH000048383,MUKDAHAN,16.533,104.717,139.0,2026-05-20,TMIN,255.0,2026-05,25.5,Min temperature (C)
TH000048425,SUPHAN BURI,14.467,100.133,8.0,2026-05-20,TAVG,286.0,2026-05,28.6,Average temperature (C)
TH000048462,ARANYAPRATHET,13.7,102.583,49.0,2026-05-20,TAVG,282.0,2026-05,28.2,Average temperature (C)
TH000048462,ARANYAPRATHET,13.7,102.583,49.0,2026-05-21,TMIN,259.0,2026-05,25.9,Min temperature (C)
TH000048450,KANCHANABURI,14.017,99.533,29.0,2026-01-01,TMIN,198.0,2026-01,19.8,Min temperature (C)
TH000048357,NAKHON PHANOM,17.417,104.783,148.0,2026-01-01,TMAX,300.0,2026-01,30.0,Max temperature (C)
TH000048325,MAE SARIANG,18.167,97.933,213.0,2026-01-01,TMIN,156.0,2026-01,15.6,Min temperature (C)
TH000048357,NAKHON PHANOM,17.417,104.783,148.0,2026-01-01,TAVG,243.0,2026-01,24.3,Average temperature (C)
TH000048325,MAE SARIANG,18.167,97.933,213.0,2026-01-02,TMIN,146.0,2026-01,14.6,Min temperature (C)
TH000048325,MAE SARIANG,18.167,97.933,213.0,2026-01-03,TAVG,212.0,2026-01,21.2,Average temperature (C)
TH000048432,SURIN,14.883,103.5,147.0,2026-01-05,TMIN,177.0,2026-01,17.7,Min temperature (C)
TH000048450,KANCHANABURI,14.017,99.533,29.0,2026-01-06,TMAX,322.0,2026-01,32.2,Max temperature (C)
TH000048351,UTTARADIT,17.617,100.1,64.0,2026-01-06,TMAX,290.0,2026-01,29.0,Max temperature (C)
TH000048432,SURIN,14.883,103.5,147.0,2026-01-07,TMAX,275.0,2026-01,27.5,Max temperature (C)
TH000048501,KHLONG YAI,11.767,102.883,4.0,2026-01-08,TAVG,253.0,2026-01,25.3,Average temperature (C)
TH000048325,MAE SARIANG,18.167,97.933,213.0,2026-01-08,TAVG,206.0,2026-01,20.6,Average temperature (C)
TH000048462,ARANYAPRATHET,13.7,102.583,49.0,2026-01-08,TMIN,156.0,2026-01,15.6,Min temperature (C)
TH000048462,ARANYAPRATHET,13.7,102.583,49.0,2026-01-08,TMAX,277.0,2026-01,27.7,Max temperature (C)
TH000048351,UTTARADIT,17.617,100.1,64.0,2026-01-08,TAVG,212.0,2026-01,21.2,Average temperature (C)
TH000048425,SUPHAN BURI,14.467,100.133,8.0,2026-01-10,TAVG,217.0,2026-01,21.7,Average temperature (C)
TH000048450,KANCHANABURI,14.017,99.533,29.0,2026-01-11,TMAX,289.0,2026-01,28.9,Max temperature (C)
TH000048455,BANGKOK METROPOLIS,13.733,100.567,4.0,2026-01-12,TMAX,313.0,2026-01,31.3,Max temperature (C)
TH000048564,PHUKET,7.883,98.4,3.0,2026-01-12,TAVG,272.0,2026-01,27.2,Average temperature (C)
TH000048450,KANCHANABURI,14.017,99.533,29.0,2026-01-13,TMAX,314.0,2026-01,31.4,Max temperature (C)
TH000048450,KANCHANABURI,14.017,99.533,29.0,2026-01-14,TAVG,252.0,2026-01,25.2,Average temperature (C)
TH000048351,UTTARADIT,17.617,100.1,64.0,2026-01-15,TMIN,175.0,2026-01,17.5,Min temperature (C)
TH000048325,MAE SARIANG,18.167,97.933,213.0,2026-01-17,TAVG,215.0,2026-01,21.5,Average temperature (C)
TH000048426,LOP BURI,14.8,100.617,11.0,2026-01-17,TMAX,337.0,2026-01,33.7,Max temperature (C)
TH000048462,ARANYAPRATHET,13.7,102.583,49.0,2026-01-17,TMIN,233.0,2026-01,23.3,Min temperature (C)
TH000048351,UTTARADIT,17.617,100.1,64.0,2026-01-17,TAVG,248.0,2026-01,24.8,Average temperature (C)
TH000048357,NAKHON PHANOM,17.417,104.783,148.0,2026-01-17,TAVG,249.0,2026-01,24.9,Average temperature (C)
TH000048564,PHUKET,7.883,98.4,3.0,2026-01-18,TAVG,290.0,2026-01,29.0,Average temperature (C)
TH000048564,PHUKET,7.883,98.4,3.0,2026-01-18,TMAX,330.0,2026-01,33.0,Max temperature (C)
TH000048455,BANGKOK METROPOLIS,13.733,100.567,4.0,2026-01-18,TAVG,290.0,2026-01,29.0,Average temperature (C)
TH000048357,NAKHON PHANOM,17.417,104.783,148.0,2026-01-19,TMAX,321.0,2026-01,32.1,Max temperature (C)
TH000048425,SUPHAN BURI,14.467,100.133,8.0,2026-01-19,TMAX,335.0,2026-01,33.5,Max temperature (C)
TH000048383,MUKDAHAN,16.533,104.717,139.0,2026-01-19,TMIN,200.0,2026-01,20.0,Min temperature (C)
THM00048453,BANG NA AGROMET,13.667,100.617,6.0,2026-01-19,TMAX,347.0,2026-01,34.7,Max temperature (C)
TH000048325,MAE SARIANG,18.167,97.933,213.0,2026-01-21,TMIN,125.0,2026-01,12.5,Min temperature (C)
TH000048426,LOP BURI,14.8,100.617,11.0,2026-01-21,TMAX,330.0,2026-01,33.0,Max temperature (C)
TH000048383,MUKDAHAN,16.533,104.717,139.0,2026-01-22,TAVG,222.0,2026-01,22.2,Average temperature (C)
TH000048357,NAKHON PHANOM,17.417,104.783,148.0,2026-01-23,TMIN,152.0,2026-01,15.2,Min temperature (C)
TH000048425,SUPHAN BURI,14.467,100.133,8.0,2026-01-24,TAVG,253.0,2026-01,25.3,Average temperature (C)
TH000048383,MUKDAHAN,16.533,104.717,139.0,2026-01-24,TAVG,231.0,2026-01,23.1,Average temperature (C)
TH000048425,SUPHAN BURI,14.467,100.133,8.0,2026-01-25,TMIN,196.0,2026-01,19.6,Min temperature (C)
TH000048351,UTTARADIT,17.617,100.1,64.0,2026-01-27,TAVG,250.0,2026-01,25.0,Average temperature (C)
TH000048425,SUPHAN BURI,14.467,100.133,8.0,2026-01-27,TMIN,201.0,2026-01,20.1,Min temperature (C)
TH000048432,SURIN,14.883,103.5,147.0,2026-01-28,TMAX,311.0,2026-01,31.1,Max temperature (C)
TH000048357,NAKHON PHANOM,17.417,104.783,148.0,2026-01-28,TAVG,236.0,2026-01,23.6,Average temperature (C)
TH000048450,KANCHANABURI,14.017,99.533,29.0,2026-01-28,TMAX,331.0,2026-01,33.1,Max temperature (C)
TH000048462,ARANYAPRATHET,13.7,102.583,49.0,2026-01-28,TAVG,257.0,2026-01,25.7,Average temperature (C)
TH000048325,MAE SARIANG,18.167,97.933,213.0,2026-01-30,TAVG,215.0,2026-01,21.5,Average temperature (C)
TH000048462,ARANYAPRATHET,13.7,102.583,49.0,2026-01-30,TMAX,348.0,2026-01,34.8,Max temperature (C)
TH000048425,SUPHAN BURI,14.467,100.133,8.0,2026-01-30,TMIN,210.0,2026-01,21.0,Min temperature (C)
TH000048351,UTTARADIT,17.617,100.1,64.0,2026-01-30,TAVG,251.0,2026-01,25.1,Average temperature (C)
TH000048425,SUPHAN BURI,14.467,100.133,8.0,2026-02-03,TAVG,257.0,2026-02,25.7,Average temperature (C)
TH000048325,MAE SARIANG,18.167,97.933,213.0,2026-02-03,TMAX,339.0,2026-02,33.9,Max temperature (C)
TH000048432,SURIN,14.883,103.5,147.0,2026-02-05,TAVG,280.0,2026-02,28.0,Average temperature (C)
TH000048450,KANCHANABURI,14.017,99.533,29.0,2026-02-06,TMAX,367.0,2026-02,36.7,Max temperature (C)
TH000048455,BANGKOK METROPOLIS,13.733,100.567,4.0,2026-02-06,TMAX,344.0,2026-02,34.4,Max temperature (C)
TH000048455,BANGKOK METROPOLIS,13.733,100.567,4.0,2026-02-07,TMAX,347.0,2026-02,34.7,Max temperature (C)
TH000048357,NAKHON PHANOM,17.417,104.783,148.0,2026-02-08,TMAX,319.0,2026-02,31.9,Max temperature (C)
THM00048453,BANG NA AGROMET,13.667,100.617,6.0,2026-02-09,TMIN,240.0,2026-02,24.0,Min temperature (C)
TH000048564,PHUKET,7.883,98.4,3.0,2026-02-09,TMIN,255.0,2026-02,25.5,Min temperature (C)
TH000048455,BANGKOK METROPOLIS,13.733,100.567,4.0,2026-02-10,TMAX,352.0,2026-02,35.2,Max temperature (C)
THM00048453,BANG NA AGROMET,13.667,100.617,6.0,2026-02-11,TAVG,305.0,2026-02,30.5,Average temperature (C)
TH000048564,PHUKET,7.883,98.4,3.0,2026-02-12,TMAX,339.0,2026-02,33.9,Max temperature (C)
TH000048564,PHUKET,7.883,98.4,3.0,2026-02-13,TMIN,278.0,2026-02,27.8,Min temperature (C)
TH000048425,SUPHAN BURI,14.467,100.133,8.0,2026-02-13,TAVG,299.0,2026-02,29.9,Average temperature (C)
TH000048357,NAKHON PHANOM,17.417,104.783,148.0,2026-02-13,TMIN,203.0,2026-02,20.3,Min temperature (C)
TH000048455,BANGKOK METROPOLIS,13.733,100.567,4.0,2026-02-14,TMAX,306.0,2026-02,30.6,Max temperature (C)
TH000048462,ARANYAPRATHET,13.7,102.583,49.0,2026-02-15,TMIN,260.0,2026-02,26.0,Min temperature (C)
TH000048351,UTTARADIT,17.617,100.1,64.0,2026-02-15,TMAX,330.0,2026-02,33.0,Max temperature (C)
TH000048357,NAKHON PHANOM,17.417,104.783,148.0,2026-02-15,TAVG,278.0,2026-02,27.8,Average temperature (C)
TH000048455,BANGKOK METROPOLIS,13.733,100.567,4.0,2026-02-16,TAVG,299.0,2026-02,29.9,Average temperature (C)
TH000048462,ARANYAPRATHET,13.7,102.583,49.0,2026-02-16,TMIN,251.0,2026-02,25.1,Min temperature (C)
TH000048450,KANCHANABURI,14.017,99.533,29.0,2026-02-16,TMIN,259.0,2026-02,25.9,Min temperature (C)
TH000048351,UTTARADIT,17.617,100.1,64.0,2026-02-17,TMAX,329.0,2026-02,32.9,Max temperature (C)
THM00048453,BANG NA AGROMET,13.667,100.617,6.0,2026-02-17,TMAX,310.0,2026-02,31.0,Max temperature (C)
TH000048564,PHUKET,7.883,98.4,3.0,2026-02-18,TMIN,274.0,2026-02,27.4,Min temperature (C)
TH000048426,LOP BURI,14.8,100.617,11.0,2026-02-18,TAVG,295.0,2026-02,29.5,Average temperature (C)
TH000048357,NAKHON PHANOM,17.417,104.783,148.0,2026-02-18,TAVG,265.0,2026-02,26.5,Average temperature (C)
TH000048426,LOP BURI,14.8,100.617,11.0,2026-02-18,TMIN,260.0,2026-02,26.0,Min temperature (C)
TH000048425,SUPHAN BURI,14.467,100.133,8.0,2026-02-19,TAVG,294.0,2026-02,29.4,Average temperature (C)
TH000048383,MUKDAHAN,16.533,104.717,139.0,2026-02-19,TAVG,266.0,2026-02,26.6,Average temperature (C)
TH000048325,MAE SARIANG,18.167,97.933,213.0,2026-02-19,TAVG,264.0,2026-02,26.4,Average temperature (C)
THM00048453,BANG NA AGROMET,13.667,100.617,6.0,2026-02-20,TMIN,252.0,2026-02,25.2,Min temperature (C)
TH000048432,SURIN,14.883,103.5,147.0,2026-02-21,TMIN,230.0,2026-02,23.0,Min temperature (C)
TH000048432,SURIN,14.883,103.5,147.0,2026-02-21,TMAX,335.0,2026-02,33.5,Max temperature (C)
TH000048357,NAKHON PHANOM,17.417,104.783,148.0,2026-02-22,TMIN,252.0,2026-02,25.2,Min temperature (C)
TH000048462,ARANYAPRATHET,13.7,102.583,49.0,2026-02-22,TMIN,270.0,2026-02,27.0,Min temperature (C)
TH000048501,KHLONG YAI,11.767,102.883,4.0,2026-02-23,TAVG,277.0,2026-02,27.7,Average temperature (C)
TH000048501,KHLONG YAI,11.767,102.883,4.0,2026-02-24,TAVG,266.0,2026-02,26.6,Average temperature (C)
TH000048425,SUPHAN BURI,14.467,100.133,8.0,2026-02-24,TMIN,265.0,2026-02,26.5,Min temperature (C)
THM00048453,BANG NA AGROMET,13.667,100.617,6.0,2026-02-26,TMAX,330.0,2026-02,33.0,Max temperature (C)
THM00048453,BANG NA AGROMET,13.667,100.617,6.0,2026-02-26,TMIN,262.0,2026-02,26.2,Min temperature (C)
TH000048564,PHUKET,7.883,98.4,3.0,2026-02-27,TMAX,345.0,2026-02,34.5,Max temperature (C)
TH000048426,LOP BURI,14.8,100.617,11.0,2026-02-27,TMAX,345.0,2026-02,34.5,Max temperature (C)
TH000048426,LOP BURI,14.8,100.617,11.0,2026-02-27,TMIN,262.0,2026-02,26.2,Min temperature (C)
TH000048462,ARANYAPRATHET,13.7,102.583,49.0,2026-02-27,TAVG,276.0,2026-02,27.6,Average temperature (C)
TH000048455,BANGKOK METROPOLIS,13.733,100.567,4.0,2026-02-28,TMIN,283.0,2026-02,28.3,Min temperature (C)
TH000048357,NAKHON PHANOM,17.417,104.783,148.0,2026-03-01,TAVG,290.0,2026-03,29.0,Average temperature (C)
TH000048351,UTTARADIT,17.617,100.1,64.0,2026-03-01,TMAX,332.0,2026-03,33.2,Max temperature (C)
TH000048455,BANGKOK METROPOLIS,13.733,100.567,4.0,2026-03-02,TAVG,320.0,2026-03,32.0,Average temperature (C)
TH000048501,KHLONG YAI,11.767,102.883,4.0,2026-03-02,TMIN,247.0,2026-03,24.7,Min temperature (C)
TH000048432,SURIN,14.883,103.5,147.0,2026-03-02,TMIN,251.0,2026-03,25.1,Min temperature (C)
TH000048325,MAE SARIANG,18.167,97.933,213.0,2026-03-04,TMAX,350.0,2026-03,35.0,Max temperature (C)
THM00048453,BANG NA AGROMET,13.667,100.617,6.0,2026-03-06,TMIN,252.0,2026-03,25.2,Min temperature (C)
TH000048425,SUPHAN BURI,14.467,100.133,8.0,2026-03-06,TMIN,241.0,2026-03,24.1,Min temperature (C)
TH000048462,ARANYAPRATHET,13.7,102.583,49.0,2026-03-06,TMAX,346.0,2026-03,34.6,Max temperature (C)
TH000048357,NAKHON PHANOM,17.417,104.783,148.0,2026-03-06,TMIN,199.0,2026-03,19.9,Min temperature (C)
TH000048462,ARANYAPRATHET,13.7,102.583,49.0,2026-03-07,TMAX,313.0,2026-03,31.3,Max temperature (C)
TH000048432,SURIN,14.883,103.5,147.0,2026-03-08,TMIN,222.0,2026-03,22.2,Min temperature (C)
TH000048357,NAKHON PHANOM,17.417,104.783,148.0,2026-03-08,TMAX,330.0,2026-03,33.0,Max temperature (C)
TH000048357,NAKHON PHANOM,17.417,104.783,148.0,2026-03-09,TMIN,234.0,2026-03,23.4,Min temperature (C)
TH000048325,MAE SARIANG,18.167,97.933,213.0,2026-03-10,TMAX,384.0,2026-03,38.4,Max temperature (C)
TH000048383,MUKDAHAN,16.533,104.717,139.0,2026-03-10,TMAX,303.0,2026-03,30.3,Max temperature (C)
TH000048432,SURIN,14.883,103.5,147.0,2026-03-11,TMIN,202.0,2026-03,20.2,Min temperature (C)
TH000048325,MAE SARIANG,18.167,97.933,213.0,2026-03-12,TAVG,246.0,2026-03,24.6,Average temperature (C)
TH000048351,UTTARADIT,17.617,100.1,64.0,2026-03-12,TMIN,233.0,2026-03,23.3,Min temperature (C)
TH000048455,BANGKOK METROPOLIS,13.733,100.567,4.0,2026-03-12,TAVG,281.0,2026-03,28.1,Average temperature (C)
TH000048450,KANCHANABURI,14.017,99.533,29.0,2026-03-13,TMAX,325.0,2026-03,32.5,Max temperature (C)
TH000048357,NAKHON PHANOM,17.417,104.783,148.0,2026-03-13,TAVG,251.0,2026-03,25.1,Average temperature (C)
TH000048357,NAKHON PHANOM,17.417,104.783,148.0,2026-03-15,TAVG,262.0,2026-03,26.2,Average temperature (C)
TH000048450,KANCHANABURI,14.017,99.533,29.0,2026-03-15,TMAX,347.0,2026-03,34.7,Max temperature (C)
TH000048425,SUPHAN BURI,14.467,100.133,8.0,2026-03-16,TMAX,323.0,2026-03,32.3,Max temperature (C)
THM00048453,BANG NA AGROMET,13.667,100.617,6.0,2026-03-16,TMAX,305.0,2026-03,30.5,Max temperature (C)
TH000048351,UTTARADIT,17.617,100.1,64.0,2026-03-17,TMAX,345.0,2026-03,34.5,Max temperature (C)
TH000048564,PHUKET,7.883,98.4,3.0,2026-03-17,TMIN,270.0,2026-03,27.0,Min temperature (C)
TH000048455,BANGKOK METROPOLIS,13.733,100.567,4.0,2026-03-18,TMAX,343.0,2026-03,34.3,Max temperature (C)
TH000048351,UTTARADIT,17.617,100.1,64.0,2026-03-18,TAVG,295.0,2026-03,29.5,Average temperature (C)
TH000048357,NAKHON PHANOM,17.417,104.783,148.0,2026-03-19,TMAX,332.0,2026-03,33.2,Max temperature (C)
TH000048325,MAE SARIANG,18.167,97.933,213.0,2026-03-19,TAVG,278.0,2026-03,27.8,Average temperature (C)
TH000048432,SURIN,14.883,103.5,147.0,2026-03-20,TAVG,290.0,2026-03,29.0,Average temperature (C)
TH000048426,LOP BURI,14.8,100.617,11.0,2026-03-20,TMAX,352.0,2026-03,35.2,Max temperature (C)
TH000048564,PHUKET,7.883,98.4,3.0,2026-03-21,TMIN,267.0,2026-03,26.7,Min temperature (C)
TH000048455,BANGKOK METROPOLIS,13.733,100.567,4.0,2026-03-21,TAVG,302.0,2026-03,30.2,Average temperature (C)
TH000048425,SUPHAN BURI,14.467,100.133,8.0,2026-03-21,TMAX,358.0,2026-03,35.8,Max temperature (C)
TH000048462,ARANYAPRATHET,13.7,102.583,49.0,2026-03-22,TMAX,363.0,2026-03,36.3,Max temperature (C)
TH000048450,KANCHANABURI,14.017,99.533,29.0,2026-03-23,TAVG,326.0,2026-03,32.6,Average temperature (C)
TH000048325,MAE SARIANG,18.167,97.933,213.0,2026-03-23,TMAX,365.0,2026-03,36.5,Max temperature (C)
THM00048453,BANG NA AGROMET,13.667,100.617,6.0,2026-03-24,TAVG,310.0,2026-03,31.0,Average temperature (C)
TH000048383,MUKDAHAN,16.533,104.717,139.0,2026-03-25,TAVG,324.0,2026-03,32.4,Average temperature (C)
TH000048501,KHLONG YAI,11.767,102.883,4.0,2026-04-02,TMAX,337.0,2026-04,33.7,Max temperature (C)
THM00048453,BANG NA AGROMET,13.667,100.617,6.0,2026-04-02,TMIN,285.0,2026-04,28.5,Min temperature (C)
TH000048357,NAKHON PHANOM,17.417,104.783,148.0,2026-04-03,TAVG,328.0,2026-04,32.8,Average temperature (C)
TH000048351,UTTARADIT,17.617,100.1,64.0,2026-04-03,TMAX,387.0,2026-04,38.7,Max temperature (C)
TH000048351,UTTARADIT,17.617,100.1,64.0,2026-04-03,TAVG,314.0,2026-04,31.4,Average temperature (C)
TH000048425,SUPHAN BURI,14.467,100.133,8.0,2026-04-04,TAVG,308.0,2026-04,30.8,Average temperature (C)
TH000048426,LOP BURI,14.8,100.617,11.0,2026-04-05,TMAX,385.0,2026-04,38.5,Max temperature (C)
TH000048383,MUKDAHAN,16.533,104.717,139.0,2026-04-05,TMAX,389.0,2026-04,38.9,Max temperature (C)
TH000048564,PHUKET,7.883,98.4,3.0,2026-04-05,TMIN,266.0,2026-04,26.6,Min temperature (C)
THM00048453,BANG NA AGROMET,13.667,100.617,6.0,2026-04-06,TAVG,324.0,2026-04,32.4,Average temperature (C)
TH000048383,MUKDAHAN,16.533,104.717,139.0,2026-04-06,TAVG,335.0,2026-04,33.5,Average temperature (C)
TH000048383,MUKDAHAN,16.533,104.717,139.0,2026-04-08,TMAX,399.0,2026-04,39.9,Max temperature (C)
TH000048432,SURIN,14.883,103.5,147.0,2026-04-09,TMAX,395.0,2026-04,39.5,Max temperature (C)
TH000048450,KANCHANABURI,14.017,99.533,29.0,2026-04-10,TMIN,264.0,2026-04,26.4,Min temperature (C)
TH000048564,PHUKET,7.883,98.4,3.0,2026-04-10,TMAX,355.0,2026-04,35.5,Max temperature (C)
TH000048564,PHUKET,7.883,98.4,3.0,2026-04-10,TAVG,304.0,2026-04,30.4,Average temperature (C)
TH000048462,ARANYAPRATHET,13.7,102.583,49.0,2026-04-11,TAVG,322.0,2026-04,32.2,Average temperature (C)
TH000048426,LOP BURI,14.8,100.617,11.0,2026-04-11,TMAX,387.0,2026-04,38.7,Max temperature (C)
TH000048455,BANGKOK METROPOLIS,13.733,100.567,4.0,2026-04-11,TMIN,286.0,2026-04,28.6,Min temperature (C)
THM00048453,BANG NA AGROMET,13.667,100.617,6.0,2026-04-12,TMAX,362.0,2026-04,36.2,Max temperature (C)
TH000048564,PHUKET,7.883,98.4,3.0,2026-04-12,TMIN,268.0,2026-04,26.8,Min temperature (C)
TH000048325,MAE SARIANG,18.167,97.933,213.0,2026-04-12,TAVG,290.0,2026-04,29.0,Average temperature (C)
TH000048450,KANCHANABURI,14.017,99.533,29.0,2026-04-12,TAVG,326.0,2026-04,32.6,Average temperature (C)
TH000048432,SURIN,14.883,103.5,147.0,2026-04-13,TAVG,336.0,2026-04,33.6,Average temperature (C)
TH000048450,KANCHANABURI,14.017,99.533,29.0,2026-04-13,TMIN,262.0,2026-04,26.2,Min temperature (C)
TH000048383,MUKDAHAN,16.533,104.717,139.0,2026-04-14,TMAX,412.0,2026-04,41.2,Max temperature (C)
TH000048425,SUPHAN BURI,14.467,100.133,8.0,2026-04-14,TMIN,261.0,2026-04,26.1,Min temperature (C)
TH000048455,BANGKOK METROPOLIS,13.733,100.567,4.0,2026-04-14,TMAX,377.0,2026-04,37.7,Max temperature (C)
TH000048455,BANGKOK METROPOLIS,13.733,100.567,4.0,2026-04-15,TMAX,364.0,2026-04,36.4,Max temperature (C)
TH000048426,LOP BURI,14.8,100.617,11.0,2026-04-16,TMIN,271.0,2026-04,27.1,Min temperature (C)
THM00048453,BANG NA AGROMET,13.667,100.617,6.0,2026-04-16,TMIN,296.0,2026-04,29.6,Min temperature (C)
TH000048564,PHUKET,7.883,98.4,3.0,2026-04-16,TMAX,346.0,2026-04,34.6,Max temperature (C)
TH000048383,MUKDAHAN,16.533,104.717,139.0,2026-04-17,TMIN,257.0,2026-04,25.7,Min temperature (C)
TH000048564,PHUKET,7.883,98.4,3.0,2026-04-18,TMAX,352.0,2026-04,35.2,Max temperature (C)
THM00048453,BANG NA AGROMET,13.667,100.617,6.0,2026-04-18,TAVG,320.0,2026-04,32.0,Average temperature (C)
TH000048432,SURIN,14.883,103.5,147.0,2026-04-19,TMAX,380.0,2026-04,38.0,Max temperature (C)
THM00048453,BANG NA AGROMET,13.667,100.617,6.0,2026-04-19,TAVG,321.0,2026-04,32.1,Average temperature (C)
TH000048432,SURIN,14.883,103.5,147.0,2026-04-20,TMAX,357.0,2026-04,35.7,Max temperature (C)
TH000048383,MUKDAHAN,16.533,104.717,139.0,2026-04-20,TMAX,355.0,2026-04,35.5,Max temperature (C)
TH000048325,MAE SARIANG,18.167,97.933,213.0,2026-04-21,TAVG,306.0,2026-04,30.6,Average temperature (C)
TH000048425,SUPHAN BURI,14.467,100.133,8.0,2026-04-21,TAVG,309.0,2026-04,30.9,Average temperature (C)
TH000048357,NAKHON PHANOM,17.417,104.783,148.0,2026-04-22,TMAX,356.0,2026-04,35.6,Max temperature (C)
THM00048453,BANG NA AGROMET,13.667,100.617,6.0,2026-04-23,TMIN,297.0,2026-04,29.7,Min temperature (C)
TH000048432,SURIN,14.883,103.5,147.0,2026-04-23,TAVG,318.0,2026-04,31.8,Average temperature (C)
TH000048462,ARANYAPRATHET,13.7,102.583,49.0,2026-04-23,TMAX,384.0,2026-04,38.4,Max temperature (C)
TH000048432,SURIN,14.883,103.5,147.0,2026-04-23,TMIN,267.0,2026-04,26.7,Min temperature (C)
TH000048501,KHLONG YAI,11.767,102.883,4.0,2026-04-24,TMAX,340.0,2026-04,34.0,Max temperature (C)
TH000048455,BANGKOK METROPOLIS,13.733,100.567,4.0,2026-04-25,TMAX,360.0,2026-04,36.0,Max temperature (C)
TH000048425,SUPHAN BURI,14.467,100.133,8.0,2026-04-25,TMIN,265.0,2026-04,26.5,Min temperature (C)
TH000048325,MAE SARIANG,18.167,97.933,213.0,2026-04-27,TMIN,221.0,2026-04,22.1,Min temperature (C)
TH000048425,SUPHAN BURI,14.467,100.133,8.0,2026-04-27,TAVG,316.0,2026-04,31.6,Average temperature (C)
TH000048425,SUPHAN BURI,14.467,100.133,8.0,2026-04-27,TMAX,380.0,2026-04,38.0,Max temperature (C)
TH000048426,LOP BURI,14.8,100.617,11.0,2026-05-01,TAVG,313.0,2026-05,31.3,Average temperature (C)
TH000048426,LOP BURI,14.8,100.617,11.0,2026-05-02,TMAX,364.0,2026-05,36.4,Max temperature (C)
TH000048501,KHLONG YAI,11.767,102.883,4.0,2026-05-03,TAVG,280.0,2026-05,28.0,Average temperature (C)
TH000048432,SURIN,14.883,103.5,147.0,2026-05-03,TMAX,372.0,2026-05,37.2,Max temperature (C)
TH000048432,SURIN,14.883,103.5,147.0,2026-05-03,TMIN,254.0,2026-05,25.4,Min temperature (C)
THM00048453,BANG NA AGROMET,13.667,100.617,6.0,2026-05-03,TMIN,291.0,2026-05,29.1,Min temperature (C)
TH000048425,SUPHAN BURI,14.467,100.133,8.0,2026-05-04,TMAX,369.0,2026-05,36.9,Max temperature (C)
TH000048432,SURIN,14.883,103.5,147.0,2026-05-04,TMIN,255.0,2026-05,25.5,Min temperature (C)
TH000048357,NAKHON PHANOM,17.417,104.783,148.0,2026-05-04,TMIN,238.0,2026-05,23.8,Min temperature (C)
TH000048462,ARANYAPRATHET,13.7,102.583,49.0,2026-05-05,TMIN,252.0,2026-05,25.2,Min temperature (C)
TH000048383,MUKDAHAN,16.533,104.717,139.0,2026-05-05,TMAX,346.0,2026-05,34.6,Max temperature (C)
TH000048462,ARANYAPRATHET,13.7,102.583,49.0,2026-05-05,TAVG,285.0,2026-05,28.5,Average temperature (C)
TH000048426,LOP BURI,14.8,100.617,11.0,2026-05-07,TAVG,299.0,2026-05,29.9,Average temperature (C)
TH000048351,UTTARADIT,17.617,100.1,64.0,2026-05-07,TMAX,385.0,2026-05,38.5,Max temperature (C)
TH000048462,ARANYAPRATHET,13.7,102.583,49.0,2026-05-08,TAVG,281.0,2026-05,28.1,Average temperature (C)
THM00048453,BANG NA AGROMET,13.667,100.617,6.0,2026-05-09,TMIN,246.0,2026-05,24.6,Min temperature (C)
TH000048351,UTTARADIT,17.617,100.1,64.0,2026-05-09,TMAX,369.0,2026-05,36.9,Max temperature (C)
TH000048325,MAE SARIANG,18.167,97.933,213.0,2026-05-09,TAVG,290.0,2026-05,29.0,Average temperature (C)
TH000048357,NAKHON PHANOM,17.417,104.783,148.0,2026-05-10,TMIN,260.0,2026-05,26.0,Min temperature (C)
TH000048351,UTTARADIT,17.617,100.1,64.0,2026-05-10,TMAX,362.0,2026-05,36.2,Max temperature (C)
TH000048383,MUKDAHAN,16.533,104.717,139.0,2026-05-12,TAVG,307.0,2026-05,30.7,Average temperature (C)
TH000048564,PHUKET,7.883,98.4,3.0,2026-05-12,TMIN,258.0,2026-05,25.8,Min temperature (C)
THM00048453,BANG NA AGROMET,13.667,100.617,6.0,2026-05-13,TMAX,345.0,2026-05,34.5,Max temperature (C)
TH000048357,NAKHON PHANOM,17.417,104.783,148.0,2026-05-13,TAVG,287.0,2026-05,28.7,Average temperature (C)
TH000048564,PHUKET,7.883,98.4,3.0,2026-05-14,TMIN,247.0,2026-05,24.7,Min temperature (C)
TH000048325,MAE SARIANG,18.167,97.933,213.0,2026-05-14,TMIN,235.0,2026-05,23.5,Min temperature (C)
TH000048564,PHUKET,7.883,98.4,3.0,2026-05-14,TMAX,327.0,2026-05,32.7,Max temperature (C)
TH000048564,PHUKET,7.883,98.4,3.0,2026-05-14,TAVG,288.0,2026-05,28.8,Average temperature (C)
TH000048462,ARANYAPRATHET,13.7,102.583,49.0,2026-05-17,TAVG,301.0,2026-05,30.1,Average temperature (C)
THM00048453,BANG NA AGROMET,13.667,100.617,6.0,2026-05-17,TMIN,272.0,2026-05,27.2,Min temperature (C)
TH000048357,NAKHON PHANOM,17.417,104.783,148.0,2026-05-18,TMIN,247.0,2026-05,24.7,Min temperature (C)
TH000048351,UTTARADIT,17.617,100.1,64.0,2026-05-18,TMAX,377.0,2026-05,37.7,Max temperature (C)
TH000048426,LOP BURI,14.8,100.617,11.0,2026-05-19,TAVG,287.0,2026-05,28.7,Average temperature (C)
TH000048351,UTTARADIT,17.617,100.1,64.0,2026-05-19,TMAX,347.0,2026-05,34.7,Max temperature (C)
TH000048357,NAKHON PHANOM,17.417,104.783,148.0,2026-05-20,TMAX,319.0,2026-05,31.9,Max temperature (C)
THM00048453,BANG NA AGROMET,13.667,100.617,6.0,2026-05-20,TMIN,243.0,2026-05,24.3,Min temperature (C)
TH000048501,KHLONG YAI,11.767,102.883,4.0,2026-05-20,TAVG,295.0,2026-05,29.5,Average temperature (C)
TH000048455,BANGKOK METROPOLIS,13.733,100.567,4.0,2026-05-21,TAVG,312.0,2026-05,31.2,Average temperature (C)
TH000048357,NAKHON PHANOM,17.417,104.783,148.0,2026-05-21,TMIN,265.0,2026-05,26.5,Min temperature (C)
TH000048462,ARANYAPRATHET,13.7,102.583,49.0,2026-01-01,TMAX,331.0,2026-01,33.1,Max temperature (C)
TH000048455,BANGKOK METROPOLIS,13.733,100.567,4.0,2026-01-01,TMIN,240.0,2026-01,24.0,Min temperature (C)
TH000048450,KANCHANABURI,14.017,99.533,29.0,2026-01-02,TMIN,187.0,2026-01,18.7,Min temperature (C)
TH000048564,PHUKET,7.883,98.4,3.0,2026-01-02,TAVG,283.0,2026-01,28.3,Average temperature (C)
TH000048383,MUKDAHAN,16.533,104.717,139.0,2026-01-02,TAVG,230.0,2026-01,23.0,Average temperature (C)
TH000048501,KHLONG YAI,11.767,102.883,4.0,2026-01-03,TAVG,273.0,2026-01,27.3,Average temperature (C)
TH000048383,MUKDAHAN,16.533,104.717,139.0,2026-01-03,TAVG,224.0,2026-01,22.4,Average temperature (C)
TH000048357,NAKHON PHANOM,17.417,104.783,148.0,2026-01-03,TMIN,164.0,2026-01,16.4,Min temperature (C)
TH000048564,PHUKET,7.883,98.4,3.0,2026-01-04,TMAX,335.0,2026-01,33.5,Max temperature (C)
TH000048383,MUKDAHAN,16.533,104.717,139.0,2026-01-04,TAVG,230.0,2026-01,23.0,Average temperature (C)
TH000048357,NAKHON PHANOM,17.417,104.783,148.0,2026-01-04,TMIN,167.0,2026-01,16.7,Min temperature (C)
TH000048325,MAE SARIANG,18.167,97.933,213.0,2026-01-04,TMIN,158.0,2026-01,15.8,Min temperature (C)
TH000048425,SUPHAN BURI,14.467,100.133,8.0,2026-01-05,TMIN,195.0,2026-01,19.5,Min temperature (C)
TH000048357,NAKHON PHANOM,17.417,104.783,148.0,2026-01-05,TMIN,163.0,2026-01,16.3,Min temperature (C)
THM00048453,BANG NA AGROMET,13.667,100.617,6.0,2026-01-06,TMIN,225.0,2026-01,22.5,Min temperature (C)
TH000048425,SUPHAN BURI,14.467,100.133,8.0,2026-01-08,TMIN,166.0,2026-01,16.6,Min temperature (C)
TH000048462,ARANYAPRATHET,13.7,102.583,49.0,2026-01-10,TAVG,225.0,2026-01,22.5,Average temperature (C)
TH000048425,SUPHAN BURI,14.467,100.133,8.0,2026-01-10,TMAX,275.0,2026-01,27.5,Max temperature (C)
TH000048462,ARANYAPRATHET,13.7,102.583,49.0,2026-01-11,TMAX,283.0,2026-01,28.3,Max temperature (C)
TH000048357,NAKHON PHANOM,17.417,104.783,148.0,2026-01-11,TAVG,198.0,2026-01,19.8,Average temperature (C)
TH000048462,ARANYAPRATHET,13.7,102.583,49.0,2026-01-11,TAVG,228.0,2026-01,22.8,Average temperature (C)
TH000048501,KHLONG YAI,11.767,102.883,4.0,2026-01-12,TMIN,198.0,2026-01,19.8,Min temperature (C)
TH000048325,MAE SARIANG,18.167,97.933,213.0,2026-01-12,TMIN,125.0,2026-01,12.5,Min temperature (C)
TH000048357,NAKHON PHANOM,17.417,104.783,148.0,2026-01-12,TMAX,273.0,2026-01,27.3,Max temperature (C)
TH000048351,UTTARADIT,17.617,100.1,64.0,2026-01-14,TMIN,160.0,2026-01,16.0,Min temperature (C)
THM00048453,BANG NA AGROMET,13.667,100.617,6.0,2026-01-14,TMIN,210.0,2026-01,21.0,Min temperature (C)
TH000048455,BANGKOK METROPOLIS,13.733,100.567,4.0,2026-01-14,TAVG,272.0,2026-01,27.2,Average temperature (C)
TH000048455,BANGKOK METROPOLIS,13.733,100.567,4.0,2026-01-15,TMAX,338.0,2026-01,33.8,Max temperature (C)
TH000048425,SUPHAN BURI,14.467,100.133,8.0,2026-01-15,TMIN,205.0,2026-01,20.5,Min temperature (C)
TH000048425,SUPHAN BURI,14.467,100.133,8.0,2026-01-15,TAVG,262.0,2026-01,26.2,Average temperature (C)
TH000048462,ARANYAPRATHET,13.7,102.583,49.0,2026-01-18,TAVG,290.0,2026-01,29.0,Average temperature (C)
TH000048501,KHLONG YAI,11.767,102.883,4.0,2026-01-18,TMIN,235.0,2026-01,23.5,Min temperature (C)
TH000048564,PHUKET,7.883,98.4,3.0,2026-01-19,TMAX,337.0,2026-01,33.7,Max temperature (C)
TH000048432,SURIN,14.883,103.5,147.0,2026-01-19,TMAX,344.0,2026-01,34.4,Max temperature (C)
THM00048453,BANG NA AGROMET,13.667,100.617,6.0,2026-01-19,TMIN,245.0,2026-01,24.5,Min temperature (C)
TH000048351,UTTARADIT,17.617,100.1,64.0,2026-01-20,TMAX,337.0,2026-01,33.7,Max temperature (C)
TH000048450,KANCHANABURI,14.017,99.533,29.0,2026-01-20,TMIN,217.0,2026-01,21.7,Min temperature (C)
TH000048432,SURIN,14.883,103.5,147.0,2026-01-23,TMAX,302.0,2026-01,30.2,Max temperature (C)
TH000048501,KHLONG YAI,11.767,102.883,4.0,2026-01-23,TAVG,263.0,2026-01,26.3,Average temperature (C)
TH000048432,SURIN,14.883,103.5,147.0,2026-01-23,TAVG,236.0,2026-01,23.6,Average temperature (C)
TH000048564,PHUKET,7.883,98.4,3.0,2026-01-24,TAVG,281.0,2026-01,28.1,Average temperature (C)
TH000048426,LOP BURI,14.8,100.617,11.0,2026-01-24,TMIN,186.0,2026-01,18.6,Min temperature (C)
TH000048325,MAE SARIANG,18.167,97.933,213.0,2026-01-24,TAVG,207.0,2026-01,20.7,Average temperature (C)
TH000048325,MAE SARIANG,18.167,97.933,213.0,2026-01-24,TMAX,308.0,2026-01,30.8,Max temperature (C)
TH000048501,KHLONG YAI,11.767,102.883,4.0,2026-01-25,TMIN,196.0,2026-01,19.6,Min temperature (C)
TH000048351,UTTARADIT,17.617,100.1,64.0,2026-01-25,TMAX,280.0,2026-01,28.0,Max temperature (C)
TH000048450,KANCHANABURI,14.017,99.533,29.0,2026-01-25,TMIN,187.0,2026-01,18.7,Min temperature (C)
TH000048425,SUPHAN BURI,14.467,100.133,8.0,2026-01-26,TAVG,250.0,2026-01,25.0,Average temperature (C)
TH000048426,LOP BURI,14.8,100.617,11.0,2026-01-26,TMAX,323.0,2026-01,32.3,Max temperature (C)
TH000048383,MUKDAHAN,16.533,104.717,139.0,2026-01-27,TMIN,180.0,2026-01,18.0,Min temperature (C)
TH000048462,ARANYAPRATHET,13.7,102.583,49.0,2026-01-27,TMAX,330.0,2026-01,33.0,Max temperature (C)
TH000048462,ARANYAPRATHET,13.7,102.583,49.0,2026-01-27,TMIN,191.0,2026-01,19.1,Min temperature (C)
THM00048453,BANG NA AGROMET,13.667,100.617,6.0,2026-01-27,TMAX,337.0,2026-01,33.7,Max temperature (C)
TH000048357,NAKHON PHANOM,17.417,104.783,148.0,2026-01-27,TMAX,305.0,2026-01,30.5,Max temperature (C)
TH000048383,MUKDAHAN,16.533,104.717,139.0,2026-01-28,TMAX,297.0,2026-01,29.7,Max temperature (C)
TH000048426,LOP BURI,14.8,100.617,11.0,2026-01-29,TAVG,267.0,2026-01,26.7,Average temperature (C)
THM00048453,BANG NA AGROMET,13.667,100.617,6.0,2026-01-29,TAVG,280.0,2026-01,28.0,Average temperature (C)
THM00048453,BANG NA AGROMET,13.667,100.617,6.0,2026-01-30,TAVG,283.0,2026-01,28.3,Average temperature (C)
TH000048383,MUKDAHAN,16.533,104.717,139.0,2026-02-01,TMAX,297.0,2026-02,29.7,Max temperature (C)
TH000048325,MAE SARIANG,18.167,97.933,213.0,2026-02-02,TMAX,342.0,2026-02,34.2,Max temperature (C)
TH000048383,MUKDAHAN,16.533,104.717,139.0,2026-02-02,TAVG,227.0,2026-02,22.7,Average temperature (C)
THM00048453,BANG NA AGROMET,13.667,100.617,6.0,2026-02-03,TMAX,327.0,2026-02,32.7,Max temperature (C)
TH000048351,UTTARADIT,17.617,100.1,64.0,2026-02-03,TAVG,250.0,2026-02,25.0,Average temperature (C)
TH000048501,KHLONG YAI,11.767,102.883,4.0,2026-02-03,TMIN,223.0,2026-02,22.3,Min temperature (C)
TH000048501,KHLONG YAI,11.767,102.883,4.0,2026-02-05,TMAX,315.0,2026-02,31.5,Max temperature (C)
TH000048455,BANGKOK METROPOLIS,13.733,100.567,4.0,2026-02-05,TAVG,298.0,2026-02,29.8,Average temperature (C)
TH000048351,UTTARADIT,17.617,100.1,64.0,2026-02-06,TMAX,347.0,2026-02,34.7,Max temperature (C)
TH000048425,SUPHAN BURI,14.467,100.133,8.0,2026-02-07,TAVG,288.0,2026-02,28.8,Average temperature (C)
TH000048462,ARANYAPRATHET,13.7,102.583,49.0,2026-02-09,TMAX,335.0,2026-02,33.5,Max temperature (C)
TH000048425,SUPHAN BURI,14.467,100.133,8.0,2026-02-09,TAVG,241.0,2026-02,24.1,Average temperature (C)
TH000048383,MUKDAHAN,16.533,104.717,139.0,2026-02-10,TMAX,303.0,2026-02,30.3,Max temperature (C)
TH000048351,UTTARADIT,17.617,100.1,64.0,2026-02-11,TMIN,232.0,2026-02,23.2,Min temperature (C)
TH000048455,BANGKOK METROPOLIS,13.733,100.567,4.0,2026-02-12,TAVG,304.0,2026-02,30.4,Average temperature (C)
TH000048383,MUKDAHAN,16.533,104.717,139.0,2026-02-13,TMIN,217.0,2026-02,21.7,Min temperature (C)
TH000048450,KANCHANABURI,14.017,99.533,29.0,2026-02-13,TAVG,310.0,2026-02,31.0,Average temperature (C)
TH000048426,LOP BURI,14.8,100.617,11.0,2026-02-13,TAVG,302.0,2026-02,30.2,Average temperature (C)
TH000048357,NAKHON PHANOM,17.417,104.783,148.0,2026-02-14,TAVG,264.0,2026-02,26.4,Average temperature (C)
TH000048351,UTTARADIT,17.617,100.1,64.0,2026-02-14,TAVG,264.0,2026-02,26.4,Average temperature (C)
TH000048450,KANCHANABURI,14.017,99.533,29.0,2026-02-15,TAVG,307.0,2026-02,30.7,Average temperature (C)
TH000048357,NAKHON PHANOM,17.417,104.783,148.0,2026-02-16,TMIN,244.0,2026-02,24.4,Min temperature (C)
TH000048351,UTTARADIT,17.617,100.1,64.0,2026-02-16,TAVG,285.0,2026-02,28.5,Average temperature (C)
TH000048564,PHUKET,7.883,98.4,3.0,2026-02-18,TAVG,292.0,2026-02,29.2,Average temperature (C)
TH000048425,SUPHAN BURI,14.467,100.133,8.0,2026-02-18,TMAX,316.0,2026-02,31.6,Max temperature (C)
TH000048357,NAKHON PHANOM,17.417,104.783,148.0,2026-02-20,TMIN,191.0,2026-02,19.1,Min temperature (C)
TH000048564,PHUKET,7.883,98.4,3.0,2026-02-20,TMIN,260.0,2026-02,26.0,Min temperature (C)
TH000048351,UTTARADIT,17.617,100.1,64.0,2026-02-22,TAVG,282.0,2026-02,28.2,Average temperature (C)
TH000048426,LOP BURI,14.8,100.617,11.0,2026-02-22,TMAX,325.0,2026-02,32.5,Max temperature (C)
TH000048325,MAE SARIANG,18.167,97.933,213.0,2026-02-23,TMIN,226.0,2026-02,22.6,Min temperature (C)
TH000048357,NAKHON PHANOM,17.417,104.783,148.0,2026-02-23,TMIN,255.0,2026-02,25.5,Min temperature (C)
TH000048501,KHLONG YAI,11.767,102.883,4.0,2026-02-24,TMIN,242.0,2026-02,24.2,Min temperature (C)
TH000048450,KANCHANABURI,14.017,99.533,29.0,2026-02-25,TMIN,247.0,2026-02,24.7,Min temperature (C)
THM00048453,BANG NA AGROMET,13.667,100.617,6.0,2026-02-25,TAVG,300.0,2026-02,30.0,Average temperature (C)
TH000048432,SURIN,14.883,103.5,147.0,2026-02-27,TMIN,237.0,2026-02,23.7,Min temperature (C)
TH000048383,MUKDAHAN,16.533,104.717,139.0,2026-02-27,TMAX,304.0,2026-02,30.4,Max temperature (C)
TH000048450,KANCHANABURI,14.017,99.533,29.0,2026-02-27,TAVG,286.0,2026-02,28.6,Average temperature (C)
TH000048455,BANGKOK METROPOLIS,13.733,100.567,4.0,2026-02-28,TMAX,342.0,2026-02,34.2,Max temperature (C)
TH000048501,KHLONG YAI,11.767,102.883,4.0,2026-02-28,TMAX,327.0,2026-02,32.7,Max temperature (C)
TH000048351,UTTARADIT,17.617,100.1,64.0,2026-03-01,TMIN,230.0,2026-03,23.0,Min temperature (C)
THM00048453,BANG NA AGROMET,13.667,100.617,6.0,2026-03-01,TAVG,310.0,2026-03,31.0,Average temperature (C)
TH000048501,KHLONG YAI,11.767,102.883,4.0,2026-03-02,TMAX,321.0,2026-03,32.1,Max temperature (C)
TH000048426,LOP BURI,14.8,100.617,11.0,2026-03-02,TAVG,302.0,2026-03,30.2,Average temperature (C)
TH000048564,PHUKET,7.883,98.4,3.0,2026-03-02,TAVG,302.0,2026-03,30.2,Average temperature (C)
TH000048564,PHUKET,7.883,98.4,3.0,2026-03-03,TMAX,355.0,2026-03,35.5,Max temperature (C)
TH000048351,UTTARADIT,17.617,100.1,64.0,2026-03-04,TAVG,287.0,2026-03,28.7,Average temperature (C)
TH000048325,MAE SARIANG,18.167,97.933,213.0,2026-03-05,TAVG,267.0,2026-03,26.7,Average temperature (C)
TH000048383,MUKDAHAN,16.533,104.717,139.0,2026-03-05,TMIN,213.0,2026-03,21.3,Min temperature (C)
TH000048426,LOP BURI,14.8,100.617,11.0,2026-03-06,TMIN,235.0,2026-03,23.5,Min temperature (C)
TH000048501,KHLONG YAI,11.767,102.883,4.0,2026-03-06,TMIN,233.0,2026-03,23.3,Min temperature (C)
TH000048357,NAKHON PHANOM,17.417,104.783,148.0,2026-03-07,TAVG,263.0,2026-03,26.3,Average temperature (C)
TH000048325,MAE SARIANG,18.167,97.933,213.0,2026-03-07,TAVG,254.0,2026-03,25.4,Average temperature (C)
TH000048462,ARANYAPRATHET,13.7,102.583,49.0,2026-03-09,TMIN,250.0,2026-03,25.0,Min temperature (C)
TH000048564,PHUKET,7.883,98.4,3.0,2026-03-10,TMIN,268.0,2026-03,26.8,Min temperature (C)
TH000048357,NAKHON PHANOM,17.417,104.783,148.0,2026-03-10,TMAX,305.0,2026-03,30.5,Max temperature (C)
TH000048501,KHLONG YAI,11.767,102.883,4.0,2026-03-11,TAVG,272.0,2026-03,27.2,Average temperature (C)
TH000048450,KANCHANABURI,14.017,99.533,29.0,2026-03-12,TMAX,341.0,2026-03,34.1,Max temperature (C)
TH000048432,SURIN,14.883,103.5,147.0,2026-03-13,TMIN,215.0,2026-03,21.5,Min temperature (C)
TH000048383,MUKDAHAN,16.533,104.717,139.0,2026-03-14,TMAX,301.0,2026-03,30.1,Max temperature (C)
THM00048453,BANG NA AGROMET,13.667,100.617,6.0,2026-03-14,TMAX,343.0,2026-03,34.3,Max temperature (C)
TH000048462,ARANYAPRATHET,13.7,102.583,49.0,2026-03-14,TMIN,256.0,2026-03,25.6,Min temperature (C)
TH000048501,KHLONG YAI,11.767,102.883,4.0,2026-03-15,TMAX,317.0,2026-03,31.7,Max temperature (C)
TH000048462,ARANYAPRATHET,13.7,102.583,49.0,2026-03-16,TMIN,244.0,2026-03,24.4,Min temperature (C)
TH000048564,PHUKET,7.883,98.4,3.0,2026-03-16,TMIN,267.0,2026-03,26.7,Min temperature (C)
TH000048325,MAE SARIANG,18.167,97.933,213.0,2026-03-16,TAVG,241.0,2026-03,24.1,Average temperature (C)
TH000048564,PHUKET,7.883,98.4,3.0,2026-03-17,TAVG,304.0,2026-03,30.4,Average temperature (C)
TH000048462,ARANYAPRATHET,13.7,102.583,49.0,2026-03-17,TMAX,370.0,2026-03,37.0,Max temperature (C)
TH000048351,UTTARADIT,17.617,100.1,64.0,2026-03-20,TAVG,313.0,2026-03,31.3,Average temperature (C)
TH000048501,KHLONG YAI,11.767,102.883,4.0,2026-03-20,TMIN,254.0,2026-03,25.4,Min temperature (C)
TH000048425,SUPHAN BURI,14.467,100.133,8.0,2026-03-22,TAVG,308.0,2026-03,30.8,Average temperature (C)
TH000048426,LOP BURI,14.8,100.617,11.0,2026-03-23,TMAX,368.0,2026-03,36.8,Max temperature (C)
TH000048357,NAKHON PHANOM,17.417,104.783,148.0,2026-03-25,TAVG,311.0,2026-03,31.1,Average temperature (C)
TH000048425,SUPHAN BURI,14.467,100.133,8.0,2026-03-25,TMAX,355.0,2026-03,35.5,Max temperature (C)
TH000048426,LOP BURI,14.8,100.617,11.0,2026-04-02,TMIN,268.0,2026-04,26.8,Min temperature (C)
TH000048564,PHUKET,7.883,98.4,3.0,2026-04-02,TAVG,303.0,2026-04,30.3,Average temperature (C)
TH000048425,SUPHAN BURI,14.467,100.133,8.0,2026-04-02,TAVG,308.0,2026-04,30.8,Average temperature (C)
TH000048455,BANGKOK METROPOLIS,13.733,100.567,4.0,2026-04-03,TMIN,283.0,2026-04,28.3,Min temperature (C)
TH000048564,PHUKET,7.883,98.4,3.0,2026-04-03,TMAX,352.0,2026-04,35.2,Max temperature (C)
TH000048462,ARANYAPRATHET,13.7,102.583,49.0,2026-04-04,TMIN,260.0,2026-04,26.0,Min temperature (C)
TH000048325,MAE SARIANG,18.167,97.933,213.0,2026-04-04,TMIN,220.0,2026-04,22.0,Min temperature (C)
TH000048455,BANGKOK METROPOLIS,13.733,100.567,4.0,2026-04-04,TAVG,315.0,2026-04,31.5,Average temperature (C)
TH000048455,BANGKOK METROPOLIS,13.733,100.567,4.0,2026-04-05,TMIN,286.0,2026-04,28.6,Min temperature (C)
TH000048426,LOP BURI,14.8,100.617,11.0,2026-04-06,TMIN,266.0,2026-04,26.6,Min temperature (C)
TH000048450,KANCHANABURI,14.017,99.533,29.0,2026-04-06,TAVG,331.0,2026-04,33.1,Average temperature (C)
TH000048432,SURIN,14.883,103.5,147.0,2026-04-07,TAVG,334.0,2026-04,33.4,Average temperature (C)
TH000048383,MUKDAHAN,16.533,104.717,139.0,2026-04-08,TAVG,340.0,2026-04,34.0,Average temperature (C)
TH000048564,PHUKET,7.883,98.4,3.0,2026-04-09,TMAX,322.0,2026-04,32.2,Max temperature (C)
TH000048455,BANGKOK METROPOLIS,13.733,100.567,4.0,2026-04-09,TAVG,317.0,2026-04,31.7,Average temperature (C)
TH000048462,ARANYAPRATHET,13.7,102.583,49.0,2026-04-10,TMIN,256.0,2026-04,25.6,Min temperature (C)
TH000048351,UTTARADIT,17.617,100.1,64.0,2026-04-11,TMIN,240.0,2026-04,24.0,Min temperature (C)
TH000048357,NAKHON PHANOM,17.417,104.783,148.0,2026-04-13,TMAX,400.0,2026-04,40.0,Max temperature (C)
TH000048455,BANGKOK METROPOLIS,13.733,100.567,4.0,2026-04-13,TMAX,375.0,2026-04,37.5,Max temperature (C)
TH000048501,KHLONG YAI,11.767,102.883,4.0,2026-04-13,TAVG,301.0,2026-04,30.1,Average temperature (C)
TH000048564,PHUKET,7.883,98.4,3.0,2026-04-13,TAVG,303.0,2026-04,30.3,Average temperature (C)
TH000048462,ARANYAPRATHET,13.7,102.583,49.0,2026-04-13,TMIN,265.0,2026-04,26.5,Min temperature (C)
TH000048450,KANCHANABURI,14.017,99.533,29.0,2026-04-13,TAVG,327.0,2026-04,32.7,Average temperature (C)
TH000048462,ARANYAPRATHET,13.7,102.583,49.0,2026-04-13,TMAX,395.0,2026-04,39.5,Max temperature (C)
TH000048325,MAE SARIANG,18.167,97.933,213.0,2026-04-14,TAVG,292.0,2026-04,29.2,Average temperature (C)
TH000048325,MAE SARIANG,18.167,97.933,213.0,2026-04-14,TMAX,387.0,2026-04,38.7,Max temperature (C)
TH000048325,MAE SARIANG,18.167,97.933,213.0,2026-04-14,TMIN,202.0,2026-04,20.2,Min temperature (C)
TH000048501,KHLONG YAI,11.767,102.883,4.0,2026-04-14,TMIN,265.0,2026-04,26.5,Min temperature (C)
TH000048462,ARANYAPRATHET,13.7,102.583,49.0,2026-04-15,TMAX,397.0,2026-04,39.7,Max temperature (C)
TH000048455,BANGKOK METROPOLIS,13.733,100.567,4.0,2026-04-15,TMIN,295.0,2026-04,29.5,Min temperature (C)
TH000048501,KHLONG YAI,11.767,102.883,4.0,2026-04-17,TMAX,340.0,2026-04,34.0,Max temperature (C)
TH000048455,BANGKOK METROPOLIS,13.733,100.567,4.0,2026-04-17,TMIN,294.0,2026-04,29.4,Min temperature (C)
TH000048351,UTTARADIT,17.617,100.1,64.0,2026-04-17,TMIN,236.0,2026-04,23.6,Min temperature (C)
TH000048351,UTTARADIT,17.617,100.1,64.0,2026-04-19,TMIN,270.0,2026-04,27.0,Min temperature (C)
TH000048425,SUPHAN BURI,14.467,100.133,8.0,2026-04-20,TMAX,385.0,2026-04,38.5,Max temperature (C)
TH000048501,KHLONG YAI,11.767,102.883,4.0,2026-04-21,TMAX,334.0,2026-04,33.4,Max temperature (C)
TH000048383,MUKDAHAN,16.533,104.717,139.0,2026-04-21,TAVG,322.0,2026-04,32.2,Average temperature (C)
TH000048564,PHUKET,7.883,98.4,3.0,2026-04-22,TAVG,308.0,2026-04,30.8,Average temperature (C)
TH000048450,KANCHANABURI,14.017,99.533,29.0,2026-04-24,TAVG,320.0,2026-04,32.0,Average temperature (C)
TH000048501,KHLONG YAI,11.767,102.883,4.0,2026-04-24,TAVG,296.0,2026-04,29.6,Average temperature (C)
TH000048425,SUPHAN BURI,14.467,100.133,8.0,2026-04-24,TAVG,317.0,2026-04,31.7,Average temperature (C)
TH000048357,NAKHON PHANOM,17.417,104.783,148.0,2026-04-24,TAVG,236.0,2026-04,23.6,Average temperature (C)
TH000048432,SURIN,14.883,103.5,147.0,2026-04-25,TMIN,257.0,2026-04,25.7,Min temperature (C)
TH000048383,MUKDAHAN,16.533,104.717,139.0,2026-04-25,TAVG,276.0,2026-04,27.6,Average temperature (C)
TH000048432,SURIN,14.883,103.5,147.0,2026-04-26,TAVG,294.0,2026-04,29.4,Average temperature (C)
TH000048426,LOP BURI,14.8,100.617,11.0,2026-04-26,TAVG,295.0,2026-04,29.5,Average temperature (C)
TH000048450,KANCHANABURI,14.017,99.533,29.0,2026-04-26,TMAX,379.0,2026-04,37.9,Max temperature (C)
TH000048351,UTTARADIT,17.617,100.1,64.0,2026-04-26,TMIN,260.0,2026-04,26.0,Min temperature (C)
TH000048325,MAE SARIANG,18.167,97.933,213.0,2026-04-28,TMAX,375.0,2026-04,37.5,Max temperature (C)
TH000048357,NAKHON PHANOM,17.417,104.783,148.0,2026-04-28,TMIN,250.0,2026-04,25.0,Min temperature (C)
TH000048462,ARANYAPRATHET,13.7,102.583,49.0,2026-04-29,TAVG,320.0,2026-04,32.0,Average temperature (C)
TH000048325,MAE SARIANG,18.167,97.933,213.0,2026-04-29,TAVG,293.0,2026-04,29.3,Average temperature (C)
TH000048425,SUPHAN BURI,14.467,100.133,8.0,2026-04-29,TMIN,280.0,2026-04,28.0,Min temperature (C)
TH000048564,PHUKET,7.883,98.4,3.0,2026-04-29,TAVG,310.0,2026-04,31.0,Average temperature (C)
TH000048432,SURIN,14.883,103.5,147.0,2026-04-30,TAVG,301.0,2026-04,30.1,Average temperature (C)
TH000048432,SURIN,14.883,103.5,147.0,2026-04-30,TMAX,345.0,2026-04,34.5,Max temperature (C)
TH000048462,ARANYAPRATHET,13.7,102.583,49.0,2026-04-30,TMAX,370.0,2026-04,37.0,Max temperature (C)
TH000048450,KANCHANABURI,14.017,99.533,29.0,2026-04-30,TMAX,378.0,2026-04,37.8,Max temperature (C)
TH000048325,MAE SARIANG,18.167,97.933,213.0,2026-04-30,TAVG,295.0,2026-04,29.5,Average temperature (C)
TH000048432,SURIN,14.883,103.5,147.0,2026-05-01,TMIN,250.0,2026-05,25.0,Min temperature (C)
TH000048357,NAKHON PHANOM,17.417,104.783,148.0,2026-05-02,TMAX,343.0,2026-05,34.3,Max temperature (C)
TH000048425,SUPHAN BURI,14.467,100.133,8.0,2026-05-03,TMIN,278.0,2026-05,27.8,Min temperature (C)
TH000048351,UTTARADIT,17.617,100.1,64.0,2026-05-04,TMIN,243.0,2026-05,24.3,Min temperature (C)
TH000048564,PHUKET,7.883,98.4,3.0,2026-05-04,TMIN,259.0,2026-05,25.9,Min temperature (C)
TH000048501,KHLONG YAI,11.767,102.883,4.0,2026-05-04,TAVG,278.0,2026-05,27.8,Average temperature (C)
TH000048450,KANCHANABURI,14.017,99.533,29.0,2026-05-05,TAVG,321.0,2026-05,32.1,Average temperature (C)
TH000048351,UTTARADIT,17.617,100.1,64.0,2026-05-05,TMAX,362.0,2026-05,36.2,Max temperature (C)
TH000048501,KHLONG YAI,11.767,102.883,4.0,2026-05-05,TAVG,282.0,2026-05,28.2,Average temperature (C)
THM00048453,BANG NA AGROMET,13.667,100.617,6.0,2026-05-05,TMAX,362.0,2026-05,36.2,Max temperature (C)
TH000048383,MUKDAHAN,16.533,104.717,139.0,2026-05-05,TAVG,300.0,2026-05,30.0,Average temperature (C)
TH000048462,ARANYAPRATHET,13.7,102.583,49.0,2026-05-06,TMAX,354.0,2026-05,35.4,Max temperature (C)
TH000048325,MAE SARIANG,18.167,97.933,213.0,2026-05-06,TAVG,311.0,2026-05,31.1,Average temperature (C)
TH000048501,KHLONG YAI,11.767,102.883,4.0,2026-05-07,TMAX,342.0,2026-05,34.2,Max temperature (C)
TH000048325,MAE SARIANG,18.167,97.933,213.0,2026-05-07,TMIN,266.0,2026-05,26.6,Min temperature (C)
TH000048325,MAE SARIANG,18.167,97.933,213.0,2026-05-09,TMAX,352.0,2026-05,35.2,Max temperature (C)
TH000048383,MUKDAHAN,16.533,104.717,139.0,2026-05-09,TMAX,354.0,2026-05,35.4,Max temperature (C)
TH000048351,UTTARADIT,17.617,100.1,64.0,2026-05-09,TMIN,263.0,2026-05,26.3,Min temperature (C)
TH000048432,SURIN,14.883,103.5,147.0,2026-05-09,TAVG,290.0,2026-05,29.0,Average temperature (C)
TH000048357,NAKHON PHANOM,17.417,104.783,148.0,2026-05-11,TMAX,360.0,2026-05,36.0,Max temperature (C)
TH000048432,SURIN,14.883,103.5,147.0,2026-05-12,TMAX,343.0,2026-05,34.3,Max temperature (C)
TH000048325,MAE SARIANG,18.167,97.933,213.0,2026-05-13,TMAX,367.0,2026-05,36.7,Max temperature (C)
TH000048426,LOP BURI,14.8,100.617,11.0,2026-05-13,TMAX,347.0,2026-05,34.7,Max temperature (C)
TH000048426,LOP BURI,14.8,100.617,11.0,2026-05-13,TMIN,268.0,2026-05,26.8,Min temperature (C)
TH000048455,BANGKOK METROPOLIS,13.733,100.567,4.0,2026-05-17,TAVG,311.0,2026-05,31.1,Average temperature (C)
TH000048383,MUKDAHAN,16.533,104.717,139.0,2026-05-17,TMIN,256.0,2026-05,25.6,Min temperature (C)
THM00048453,BANG NA AGROMET,13.667,100.617,6.0,2026-05-18,TMIN,278.0,2026-05,27.8,Min temperature (C)
TH000048426,LOP BURI,14.8,100.617,11.0,2026-05-18,TAVG,291.0,2026-05,29.1,Average temperature (C)
TH000048383,MUKDAHAN,16.533,104.717,139.0,2026-05-19,TMIN,243.0,2026-05,24.3,Min temperature (C)
TH000048450,KANCHANABURI,14.017,99.533,29.0,2026-05-20,TMIN,266.0,2026-05,26.6,Min temperature (C)
TH000048325,MAE SARIANG,18.167,97.933,213.0,2026-01-02,TMAX,303.0,2026-01,30.3,Max temperature (C)
TH000048325,MAE SARIANG,18.167,97.933,213.0,2026-01-02,TAVG,200.0,2026-01,20.0,Average temperature (C)
TH000048432,SURIN,14.883,103.5,147.0,2026-01-03,TMAX,301.0,2026-01,30.1,Max temperature (C)
TH000048357,NAKHON PHANOM,17.417,104.783,148.0,2026-01-03,TAVG,225.0,2026-01,22.5,Average temperature (C)
TH000048325,MAE SARIANG,18.167,97.933,213.0,2026-01-04,TAVG,210.0,2026-01,21.0,Average temperature (C)
TH000048450,KANCHANABURI,14.017,99.533,29.0,2026-01-05,TMIN,192.0,2026-01,19.2,Min temperature (C)
TH000048432,SURIN,14.883,103.5,147.0,2026-01-07,TMIN,138.0,2026-01,13.8,Min temperature (C)
TH000048564,PHUKET,7.883,98.4,3.0,2026-01-07,TAVG,272.0,2026-01,27.2,Average temperature (C)
TH000048450,KANCHANABURI,14.017,99.533,29.0,2026-01-07,TMAX,304.0,2026-01,30.4,Max temperature (C)
TH000048564,PHUKET,7.883,98.4,3.0,2026-01-07,TMAX,303.0,2026-01,30.3,Max temperature (C)
TH000048325,MAE SARIANG,18.167,97.933,213.0,2026-01-09,TMIN,121.0,2026-01,12.1,Min temperature (C)
TH000048432,SURIN,14.883,103.5,147.0,2026-01-10,TMAX,266.0,2026-01,26.6,Max temperature (C)
TH000048351,UTTARADIT,17.617,100.1,64.0,2026-01-11,TAVG,205.0,2026-01,20.5,Average temperature (C)
TH000048383,MUKDAHAN,16.533,104.717,139.0,2026-01-12,TMIN,150.0,2026-01,15.0,Min temperature (C)
TH000048425,SUPHAN BURI,14.467,100.133,8.0,2026-01-12,TMIN,164.0,2026-01,16.4,Min temperature (C)
THM00048453,BANG NA AGROMET,13.667,100.617,6.0,2026-01-12,TMIN,185.0,2026-01,18.5,Min temperature (C)
THM00048453,BANG NA AGROMET,13.667,100.617,6.0,2026-01-14,TAVG,266.0,2026-01,26.6,Average temperature (C)
TH000048450,KANCHANABURI,14.017,99.533,29.0,2026-01-15,TAVG,263.0,2026-01,26.3,Average temperature (C)
TH000048432,SURIN,14.883,103.5,147.0,2026-01-15,TAVG,258.0,2026-01,25.8,Average temperature (C)
TH000048383,MUKDAHAN,16.533,104.717,139.0,2026-01-16,TMIN,178.0,2026-01,17.8,Min temperature (C)
TH000048462,ARANYAPRATHET,13.7,102.583,49.0,2026-01-16,TMIN,225.0,2026-01,22.5,Min temperature (C)
TH000048383,MUKDAHAN,16.533,104.717,139.0,2026-01-18,TMAX,317.0,2026-01,31.7,Max temperature (C)
TH000048450,KANCHANABURI,14.017,99.533,29.0,2026-01-19,TMIN,210.0,2026-01,21.0,Min temperature (C)
TH000048351,UTTARADIT,17.617,100.1,64.0,2026-01-20,TMIN,181.0,2026-01,18.1,Min temperature (C)
THM00048453,BANG NA AGROMET,13.667,100.617,6.0,2026-01-21,TMIN,240.0,2026-01,24.0,Min temperature (C)
TH000048501,KHLONG YAI,11.767,102.883,4.0,2026-01-23,TMAX,328.0,2026-01,32.8,Max temperature (C)
TH000048501,KHLONG YAI,11.767,102.883,4.0,2026-01-24,TMAX,323.0,2026-01,32.3,Max temperature (C)
TH000048425,SUPHAN BURI,14.467,100.133,8.0,2026-01-25,TMAX,320.0,2026-01,32.0,Max temperature (C)
TH000048564,PHUKET,7.883,98.4,3.0,2026-01-25,TMAX,340.0,2026-01,34.0,Max temperature (C)
TH000048325,MAE SARIANG,18.167,97.933,213.0,2026-01-25,TMIN,136.0,2026-01,13.6,Min temperature (C)
TH000048351,UTTARADIT,17.617,100.1,64.0,2026-01-25,TAVG,237.0,2026-01,23.7,Average temperature (C)
TH000048432,SURIN,14.883,103.5,147.0,2026-01-26,TMAX,325.0,2026-01,32.5,Max temperature (C)
TH000048325,MAE SARIANG,18.167,97.933,213.0,2026-01-26,TMAX,316.0,2026-01,31.6,Max temperature (C)
TH000048325,MAE SARIANG,18.167,97.933,213.0,2026-01-28,TMIN,158.0,2026-01,15.8,Min temperature (C)
TH000048425,SUPHAN BURI,14.467,100.133,8.0,2026-01-29,TMIN,200.0,2026-01,20.0,Min temperature (C)
TH000048450,KANCHANABURI,14.017,99.533,29.0,2026-01-29,TMAX,343.0,2026-01,34.3,Max temperature (C)
TH000048564,PHUKET,7.883,98.4,3.0,2026-01-31,TAVG,289.0,2026-01,28.9,Average temperature (C)
TH000048383,MUKDAHAN,16.533,104.717,139.0,2026-01-31,TMAX,306.0,2026-01,30.6,Max temperature (C)
TH000048450,KANCHANABURI,14.017,99.533,29.0,2026-01-31,TAVG,274.0,2026-01,27.4,Average temperature (C)
TH000048432,SURIN,14.883,103.5,147.0,2026-02-01,TMAX,312.0,2026-02,31.2,Max temperature (C)
TH000048450,KANCHANABURI,14.017,99.533,29.0,2026-02-02,TMAX,335.0,2026-02,33.5,Max temperature (C)
TH000048383,MUKDAHAN,16.533,104.717,139.0,2026-02-02,TMAX,280.0,2026-02,28.0,Max temperature (C)
TH000048450,KANCHANABURI,14.017,99.533,29.0,2026-02-02,TMIN,207.0,2026-02,20.7,Min temperature (C)
TH000048357,NAKHON PHANOM,17.417,104.783,148.0,2026-02-03,TMIN,161.0,2026-02,16.1,Min temperature (C)
TH000048351,UTTARADIT,17.617,100.1,64.0,2026-02-04,TAVG,256.0,2026-02,25.6,Average temperature (C)
TH000048432,SURIN,14.883,103.5,147.0,2026-02-05,TMIN,210.0,2026-02,21.0,Min temperature (C)
TH000048432,SURIN,14.883,103.5,147.0,2026-02-06,TMIN,226.0,2026-02,22.6,Min temperature (C)
TH000048325,MAE SARIANG,18.167,97.933,213.0,2026-02-06,TAVG,225.0,2026-02,22.5,Average temperature (C)
TH000048357,NAKHON PHANOM,17.417,104.783,148.0,2026-02-06,TMIN,195.0,2026-02,19.5,Min temperature (C)
TH000048383,MUKDAHAN,16.533,104.717,139.0,2026-02-06,TAVG,279.0,2026-02,27.9,Average temperature (C)
TH000048357,NAKHON PHANOM,17.417,104.783,148.0,2026-02-07,TMIN,220.0,2026-02,22.0,Min temperature (C)
TH000048357,NAKHON PHANOM,17.417,104.783,148.0,2026-02-07,TAVG,274.0,2026-02,27.4,Average temperature (C)
TH000048450,KANCHANABURI,14.017,99.533,29.0,2026-02-08,TMAX,357.0,2026-02,35.7,Max temperature (C)
TH000048432,SURIN,14.883,103.5,147.0,2026-02-08,TMIN,212.0,2026-02,21.2,Min temperature (C)
TH000048383,MUKDAHAN,16.533,104.717,139.0,2026-02-09,TAVG,248.0,2026-02,24.8,Average temperature (C)
TH000048426,LOP BURI,14.8,100.617,11.0,2026-02-09,TMAX,303.0,2026-02,30.3,Max temperature (C)
TH000048455,BANGKOK METROPOLIS,13.733,100.567,4.0,2026-02-09,TAVG,285.0,2026-02,28.5,Average temperature (C)
TH000048426,LOP BURI,14.8,100.617,11.0,2026-02-11,TMAX,359.0,2026-02,35.9,Max temperature (C)
TH000048432,SURIN,14.883,103.5,147.0,2026-02-15,TMAX,344.0,2026-02,34.4,Max temperature (C)
TH000048564,PHUKET,7.883,98.4,3.0,2026-02-15,TMAX,327.0,2026-02,32.7,Max temperature (C)
TH000048564,PHUKET,7.883,98.4,3.0,2026-02-15,TMIN,267.0,2026-02,26.7,Min temperature (C)
TH000048432,SURIN,14.883,103.5,147.0,2026-02-15,TAVG,293.0,2026-02,29.3,Average temperature (C)
TH000048426,LOP BURI,14.8,100.617,11.0,2026-02-15,TMAX,327.0,2026-02,32.7,Max temperature (C)
TH000048426,LOP BURI,14.8,100.617,11.0,2026-02-16,TAVG,302.0,2026-02,30.2,Average temperature (C)
TH000048357,NAKHON PHANOM,17.417,104.783,148.0,2026-02-18,TMIN,234.0,2026-02,23.4,Min temperature (C)
TH000048351,UTTARADIT,17.617,100.1,64.0,2026-02-19,TMAX,332.0,2026-02,33.2,Max temperature (C)
TH000048501,KHLONG YAI,11.767,102.883,4.0,2026-02-19,TAVG,278.0,2026-02,27.8,Average temperature (C)
TH000048564,PHUKET,7.883,98.4,3.0,2026-02-20,TMAX,339.0,2026-02,33.9,Max temperature (C)
TH000048564,PHUKET,7.883,98.4,3.0,2026-02-20,TAVG,300.0,2026-02,30.0,Average temperature (C)
TH000048564,PHUKET,7.883,98.4,3.0,2026-02-21,TMAX,332.0,2026-02,33.2,Max temperature (C)
TH000048455,BANGKOK METROPOLIS,13.733,100.567,4.0,2026-02-21,TAVG,305.0,2026-02,30.5,Average temperature (C)
TH000048426,LOP BURI,14.8,100.617,11.0,2026-02-23,TMIN,275.0,2026-02,27.5,Min temperature (C)
THM00048453,BANG NA AGROMET,13.667,100.617,6.0,2026-02-23,TAVG,301.0,2026-02,30.1,Average temperature (C)
TH000048325,MAE SARIANG,18.167,97.933,213.0,2026-02-24,TAVG,246.0,2026-02,24.6,Average temperature (C)
TH000048426,LOP BURI,14.8,100.617,11.0,2026-02-25,TMAX,337.0,2026-02,33.7,Max temperature (C)
TH000048455,BANGKOK METROPOLIS,13.733,100.567,4.0,2026-02-25,TMAX,322.0,2026-02,32.2,Max temperature (C)
TH000048564,PHUKET,7.883,98.4,3.0,2026-02-25,TAVG,301.0,2026-02,30.1,Average temperature (C)
TH000048351,UTTARADIT,17.617,100.1,64.0,2026-02-26,TMAX,320.0,2026-02,32.0,Max temperature (C)
TH000048501,KHLONG YAI,11.767,102.883,4.0,2026-02-27,TAVG,277.0,2026-02,27.7,Average temperature (C)
TH000048501,KHLONG YAI,11.767,102.883,4.0,2026-02-27,TMAX,303.0,2026-02,30.3,Max temperature (C)
TH000048383,MUKDAHAN,16.533,104.717,139.0,2026-02-28,TAVG,297.0,2026-02,29.7,Average temperature (C)
TH000048351,UTTARADIT,17.617,100.1,64.0,2026-02-28,TMAX,356.0,2026-02,35.6,Max temperature (C)
TH000048501,KHLONG YAI,11.767,102.883,4.0,2026-03-02,TAVG,284.0,2026-03,28.4,Average temperature (C)
TH000048432,SURIN,14.883,103.5,147.0,2026-03-03,TMAX,367.0,2026-03,36.7,Max temperature (C)
TH000048425,SUPHAN BURI,14.467,100.133,8.0,2026-03-04,TMAX,362.0,2026-03,36.2,Max temperature (C)
TH000048426,LOP BURI,14.8,100.617,11.0,2026-03-05,TMAX,335.0,2026-03,33.5,Max temperature (C)
TH000048462,ARANYAPRATHET,13.7,102.583,49.0,2026-03-05,TMAX,319.0,2026-03,31.9,Max temperature (C)
TH000048450,KANCHANABURI,14.017,99.533,29.0,2026-03-05,TAVG,305.0,2026-03,30.5,Average temperature (C)
TH000048450,KANCHANABURI,14.017,99.533,29.0,2026-03-05,TMIN,256.0,2026-03,25.6,Min temperature (C)
TH000048351,UTTARADIT,17.617,100.1,64.0,2026-03-06,TMIN,237.0,2026-03,23.7,Min temperature (C)
TH000048383,MUKDAHAN,16.533,104.717,139.0,2026-03-06,TMAX,311.0,2026-03,31.1,Max temperature (C)
TH000048450,KANCHANABURI,14.017,99.533,29.0,2026-03-07,TAVG,291.0,2026-03,29.1,Average temperature (C)
TH000048351,UTTARADIT,17.617,100.1,64.0,2026-03-08,TMAX,352.0,2026-03,35.2,Max temperature (C)
THM00048453,BANG NA AGROMET,13.667,100.617,6.0,2026-03-08,TMAX,377.0,2026-03,37.7,Max temperature (C)
TH000048351,UTTARADIT,17.617,100.1,64.0,2026-03-09,TAVG,314.0,2026-03,31.4,Average temperature (C)
TH000048426,LOP BURI,14.8,100.617,11.0,2026-03-10,TMAX,356.0,2026-03,35.6,Max temperature (C)
TH000048426,LOP BURI,14.8,100.617,11.0,2026-03-11,TMIN,238.0,2026-03,23.8,Min temperature (C)
TH000048564,PHUKET,7.883,98.4,3.0,2026-03-12,TMAX,330.0,2026-03,33.0,Max temperature (C)
TH000048425,SUPHAN BURI,14.467,100.133,8.0,2026-03-12,TMAX,327.0,2026-03,32.7,Max temperature (C)
THM00048453,BANG NA AGROMET,13.667,100.617,6.0,2026-03-12,TMIN,252.0,2026-03,25.2,Min temperature (C)
TH000048383,MUKDAHAN,16.533,104.717,139.0,2026-03-13,TAVG,248.0,2026-03,24.8,Average temperature (C)
TH000048432,SURIN,14.883,103.5,147.0,2026-03-13,TAVG,259.0,2026-03,25.9,Average temperature (C)
TH000048455,BANGKOK METROPOLIS,13.733,100.567,4.0,2026-03-14,TAVG,304.0,2026-03,30.4,Average temperature (C)
TH000048383,MUKDAHAN,16.533,104.717,139.0,2026-03-14,TAVG,250.0,2026-03,25.0,Average temperature (C)
TH000048325,MAE SARIANG,18.167,97.933,213.0,2026-03-14,TAVG,234.0,2026-03,23.4,Average temperature (C)
TH000048351,UTTARADIT,17.617,100.1,64.0,2026-03-14,TAVG,276.0,2026-03,27.6,Average temperature (C)
TH000048425,SUPHAN BURI,14.467,100.133,8.0,2026-03-15,TAVG,288.0,2026-03,28.8,Average temperature (C)
TH000048501,KHLONG YAI,11.767,102.883,4.0,2026-03-15,TMIN,240.0,2026-03,24.0,Min temperature (C)
TH000048426,LOP BURI,14.8,100.617,11.0,2026-03-15,TAVG,293.0,2026-03,29.3,Average temperature (C)
TH000048383,MUKDAHAN,16.533,104.717,139.0,2026-03-16,TMIN,218.0,2026-03,21.8,Min temperature (C)
TH000048426,LOP BURI,14.8,100.617,11.0,2026-03-16,TMAX,334.0,2026-03,33.4,Max temperature (C)
TH000048450,KANCHANABURI,14.017,99.533,29.0,2026-03-17,TAVG,303.0,2026-03,30.3,Average temperature (C)
TH000048357,NAKHON PHANOM,17.417,104.783,148.0,2026-03-17,TMIN,210.0,2026-03,21.0,Min temperature (C)
TH000048501,KHLONG YAI,11.767,102.883,4.0,2026-03-18,TMAX,318.0,2026-03,31.8,Max temperature (C)
TH000048383,MUKDAHAN,16.533,104.717,139.0,2026-03-18,TMAX,352.0,2026-03,35.2,Max temperature (C)
TH000048426,LOP BURI,14.8,100.617,11.0,2026-03-18,TMIN,259.0,2026-03,25.9,Min temperature (C)
TH000048351,UTTARADIT,17.617,100.1,64.0,2026-03-19,TAVG,304.0,2026-03,30.4,Average temperature (C)
TH000048462,ARANYAPRATHET,13.7,102.583,49.0,2026-03-19,TMAX,345.0,2026-03,34.5,Max temperature (C)
TH000048501,KHLONG YAI,11.767,102.883,4.0,2026-03-19,TMIN,270.0,2026-03,27.0,Min temperature (C)
TH000048425,SUPHAN BURI,14.467,100.133,8.0,2026-03-19,TMAX,331.0,2026-03,33.1,Max temperature (C)
TH000048455,BANGKOK METROPOLIS,13.733,100.567,4.0,2026-03-20,TMIN,275.0,2026-03,27.5,Min temperature (C)
TH000048425,SUPHAN BURI,14.467,100.133,8.0,2026-03-20,TMAX,350.0,2026-03,35.0,Max temperature (C)
TH000048357,NAKHON PHANOM,17.417,104.783,148.0,2026-03-22,TMAX,352.0,2026-03,35.2,Max temperature (C)
THM00048453,BANG NA AGROMET,13.667,100.617,6.0,2026-03-23,TMAX,350.0,2026-03,35.0,Max temperature (C)
TH000048351,UTTARADIT,17.617,100.1,64.0,2026-03-23,TMIN,240.0,2026-03,24.0,Min temperature (C)
TH000048383,MUKDAHAN,16.533,104.717,139.0,2026-03-24,TMIN,270.0,2026-03,27.0,Min temperature (C)
TH000048450,KANCHANABURI,14.017,99.533,29.0,2026-03-24,TMAX,380.0,2026-03,38.0,Max temperature (C)
TH000048564,PHUKET,7.883,98.4,3.0,2026-03-24,TMIN,260.0,2026-03,26.0,Min temperature (C)
TH000048383,MUKDAHAN,16.533,104.717,139.0,2026-03-24,TAVG,324.0,2026-03,32.4,Average temperature (C)
TH000048325,MAE SARIANG,18.167,97.933,213.0,2026-03-25,TMIN,185.0,2026-03,18.5,Min temperature (C)
TH000048425,SUPHAN BURI,14.467,100.133,8.0,2026-03-25,TAVG,312.0,2026-03,31.2,Average temperature (C)
TH000048432,SURIN,14.883,103.5,147.0,2026-03-25,TMIN,266.0,2026-03,26.6,Min temperature (C)
TH000048450,KANCHANABURI,14.017,99.533,29.0,2026-04-02,TAVG,318.0,2026-04,31.8,Average temperature (C)
TH000048325,MAE SARIANG,18.167,97.933,213.0,2026-04-03,TMAX,385.0,2026-04,38.5,Max temperature (C)
TH000048425,SUPHAN BURI,14.467,100.133,8.0,2026-04-03,TMIN,256.0,2026-04,25.6,Min temperature (C)
TH000048450,KANCHANABURI,14.017,99.533,29.0,2026-04-03,TMIN,269.0,2026-04,26.9,Min temperature (C)
TH000048383,MUKDAHAN,16.533,104.717,139.0,2026-04-03,TMAX,380.0,2026-04,38.0,Max temperature (C)
TH000048325,MAE SARIANG,18.167,97.933,213.0,2026-04-03,TAVG,279.0,2026-04,27.9,Average temperature (C)
TH000048564,PHUKET,7.883,98.4,3.0,2026-04-04,TMAX,354.0,2026-04,35.4,Max temperature (C)
TH000048426,LOP BURI,14.8,100.617,11.0,2026-04-04,TAVG,315.0,2026-04,31.5,Average temperature (C)
TH000048425,SUPHAN BURI,14.467,100.133,8.0,2026-04-05,TMIN,258.0,2026-04,25.8,Min temperature (C)
TH000048432,SURIN,14.883,103.5,147.0,2026-04-05,TAVG,329.0,2026-04,32.9,Average temperature (C)
TH000048501,KHLONG YAI,11.767,102.883,4.0,2026-04-05,TAVG,295.0,2026-04,29.5,Average temperature (C)
TH000048432,SURIN,14.883,103.5,147.0,2026-04-06,TMAX,392.0,2026-04,39.2,Max temperature (C)
TH000048462,ARANYAPRATHET,13.7,102.583,49.0,2026-04-07,TMAX,393.0,2026-04,39.3,Max temperature (C)
TH000048325,MAE SARIANG,18.167,97.933,213.0,2026-04-07,TMAX,375.0,2026-04,37.5,Max temperature (C)
TH000048357,NAKHON PHANOM,17.417,104.783,148.0,2026-04-07,TAVG,335.0,2026-04,33.5,Average temperature (C)
TH000048325,MAE SARIANG,18.167,97.933,213.0,2026-04-07,TMIN,238.0,2026-04,23.8,Min temperature (C)
TH000048432,SURIN,14.883,103.5,147.0,2026-04-07,TMAX,398.0,2026-04,39.8,Max temperature (C)
TH000048426,LOP BURI,14.8,100.617,11.0,2026-04-08,TMIN,265.0,2026-04,26.5,Min temperature (C)
TH000048450,KANCHANABURI,14.017,99.533,29.0,2026-04-08,TMAX,412.0,2026-04,41.2,Max temperature (C)
TH000048564,PHUKET,7.883,98.4,3.0,2026-04-09,TAVG,296.0,2026-04,29.6,Average temperature (C)
TH000048462,ARANYAPRATHET,13.7,102.583,49.0,2026-04-10,TMAX,402.0,2026-04,40.2,Max temperature (C)
TH000048351,UTTARADIT,17.617,100.1,64.0,2026-04-10,TAVG,317.0,2026-04,31.7,Average temperature (C)
TH000048383,MUKDAHAN,16.533,104.717,139.0,2026-04-11,TMIN,280.0,2026-04,28.0,Min temperature (C)
TH000048383,MUKDAHAN,16.533,104.717,139.0,2026-04-12,TMIN,282.0,2026-04,28.2,Min temperature (C)
TH000048325,MAE SARIANG,18.167,97.933,213.0,2026-04-13,TAVG,295.0,2026-04,29.5,Average temperature (C)
TH000048450,KANCHANABURI,14.017,99.533,29.0,2026-04-13,TMAX,400.0,2026-04,40.0,Max temperature (C)
TH000048455,BANGKOK METROPOLIS,13.733,100.567,4.0,2026-04-14,TMIN,293.0,2026-04,29.3,Min temperature (C)
TH000048351,UTTARADIT,17.617,100.1,64.0,2026-04-15,TMIN,240.0,2026-04,24.0,Min temperature (C)
TH000048425,SUPHAN BURI,14.467,100.133,8.0,2026-04-15,TAVG,317.0,2026-04,31.7,Average temperature (C)
TH000048425,SUPHAN BURI,14.467,100.133,8.0,2026-04-18,TMIN,271.0,2026-04,27.1,Min temperature (C)
THM00048453,BANG NA AGROMET,13.667,100.617,6.0,2026-04-18,TMIN,295.0,2026-04,29.5,Min temperature (C)
TH000048357,NAKHON PHANOM,17.417,104.783,148.0,2026-04-19,TMIN,246.0,2026-04,24.6,Min temperature (C)
TH000048351,UTTARADIT,17.617,100.1,64.0,2026-04-20,TMIN,272.0,2026-04,27.2,Min temperature (C)
THM00048453,BANG NA AGROMET,13.667,100.617,6.0,2026-04-20,TAVG,319.0,2026-04,31.9,Average temperature (C)
TH000048455,BANGKOK METROPOLIS,13.733,100.567,4.0,2026-04-21,TAVG,319.0,2026-04,31.9,Average temperature (C)
TH000048383,MUKDAHAN,16.533,104.717,139.0,2026-04-21,TMIN,275.0,2026-04,27.5,Min temperature (C)
TH000048357,NAKHON PHANOM,17.417,104.783,148.0,2026-04-21,TAVG,312.0,2026-04,31.2,Average temperature (C)
TH000048351,UTTARADIT,17.617,100.1,64.0,2026-04-23,TMIN,252.0,2026-04,25.2,Min temperature (C)
TH000048501,KHLONG YAI,11.767,102.883,4.0,2026-04-23,TMIN,247.0,2026-04,24.7,Min temperature (C)
TH000048432,SURIN,14.883,103.5,147.0,2026-04-23,TMAX,378.0,2026-04,37.8,Max temperature (C)
TH000048455,BANGKOK METROPOLIS,13.733,100.567,4.0,2026-04-23,TAVG,321.0,2026-04,32.1,Average temperature (C)
TH000048564,PHUKET,7.883,98.4,3.0,2026-04-24,TMIN,257.0,2026-04,25.7,Min temperature (C)
TH000048425,SUPHAN BURI,14.467,100.133,8.0,2026-04-24,TMIN,278.0,2026-04,27.8,Min temperature (C)
TH000048462,ARANYAPRATHET,13.7,102.583,49.0,2026-04-25,TMAX,373.0,2026-04,37.3,Max temperature (C)
TH000048501,KHLONG YAI,11.767,102.883,4.0,2026-04-25,TAVG,297.0,2026-04,29.7,Average temperature (C)
TH000048383,MUKDAHAN,16.533,104.717,139.0,2026-04-27,TAVG,278.0,2026-04,27.8,Average temperature (C)
TH000048425,SUPHAN BURI,14.467,100.133,8.0,2026-04-27,TMIN,275.0,2026-04,27.5,Min temperature (C)
TH000048501,KHLONG YAI,11.767,102.883,4.0,2026-04-28,TMAX,342.0,2026-04,34.2,Max temperature (C)
TH000048462,ARANYAPRATHET,13.7,102.583,49.0,2026-05-01,TMIN,258.0,2026-05,25.8,Min temperature (C)
TH000048564,PHUKET,7.883,98.4,3.0,2026-05-01,TAVG,304.0,2026-05,30.4,Average temperature (C)
TH000048357,NAKHON PHANOM,17.417,104.783,148.0,2026-05-01,TAVG,292.0,2026-05,29.2,Average temperature (C)
TH000048501,KHLONG YAI,11.767,102.883,4.0,2026-05-01,TMIN,254.0,2026-05,25.4,Min temperature (C)
TH000048564,PHUKET,7.883,98.4,3.0,2026-05-02,TMIN,260.0,2026-05,26.0,Min temperature (C)
TH000048325,MAE SARIANG,18.167,97.933,213.0,2026-05-02,TMAX,375.0,2026-05,37.5,Max temperature (C)
TH000048351,UTTARADIT,17.617,100.1,64.0,2026-05-02,TMIN,262.0,2026-05,26.2,Min temperature (C)
TH000048426,LOP BURI,14.8,100.617,11.0,2026-05-02,TAVG,321.0,2026-05,32.1,Average temperature (C)
TH000048426,LOP BURI,14.8,100.617,11.0,2026-05-03,TMIN,284.0,2026-05,28.4,Min temperature (C)
TH000048425,SUPHAN BURI,14.467,100.133,8.0,2026-05-03,TAVG,326.0,2026-05,32.6,Average temperature (C)
THM00048453,BANG NA AGROMET,13.667,100.617,6.0,2026-05-04,TAVG,296.0,2026-05,29.6,Average temperature (C)
TH000048501,KHLONG YAI,11.767,102.883,4.0,2026-05-04,TMAX,340.0,2026-05,34.0,Max temperature (C)
TH000048425,SUPHAN BURI,14.467,100.133,8.0,2026-05-05,TAVG,308.0,2026-05,30.8,Average temperature (C)
TH000048462,ARANYAPRATHET,13.7,102.583,49.0,2026-05-05,TMAX,348.0,2026-05,34.8,Max temperature (C)
TH000048450,KANCHANABURI,14.017,99.533,29.0,2026-05-05,TMIN,265.0,2026-05,26.5,Min temperature (C)
TH000048325,MAE SARIANG,18.167,97.933,213.0,2026-05-05,TMIN,240.0,2026-05,24.0,Min temperature (C)
TH000048425,SUPHAN BURI,14.467,100.133,8.0,2026-05-07,TAVG,318.0,2026-05,31.8,Average temperature (C)
TH000048432,SURIN,14.883,103.5,147.0,2026-05-07,TMIN,266.0,2026-05,26.6,Min temperature (C)
TH000048383,MUKDAHAN,16.533,104.717,139.0,2026-05-08,TAVG,261.0,2026-05,26.1,Average temperature (C)
TH000048462,ARANYAPRATHET,13.7,102.583,49.0,2026-05-09,TMAX,348.0,2026-05,34.8,Max temperature (C)
TH000048564,PHUKET,7.883,98.4,3.0,2026-05-09,TMAX,317.0,2026-05,31.7,Max temperature (C)
TH000048462,ARANYAPRATHET,13.7,102.583,49.0,2026-05-10,TMAX,365.0,2026-05,36.5,Max temperature (C)
THM00048453,BANG NA AGROMET,13.667,100.617,6.0,2026-05-10,TMIN,266.0,2026-05,26.6,Min temperature (C)
TH000048462,ARANYAPRATHET,13.7,102.583,49.0,2026-05-10,TMIN,259.0,2026-05,25.9,Min temperature (C)
TH000048450,KANCHANABURI,14.017,99.533,29.0,2026-05-10,TMAX,361.0,2026-05,36.1,Max temperature (C)
THM00048453,BANG NA AGROMET,13.667,100.617,6.0,2026-05-11,TMIN,278.0,2026-05,27.8,Min temperature (C)
TH000048383,MUKDAHAN,16.533,104.717,139.0,2026-05-12,TMAX,369.0,2026-05,36.9,Max temperature (C)
TH000048351,UTTARADIT,17.617,100.1,64.0,2026-05-13,TMIN,255.0,2026-05,25.5,Min temperature (C)
TH000048426,LOP BURI,14.8,100.617,11.0,2026-05-14,TMAX,361.0,2026-05,36.1,Max temperature (C)
THM00048453,BANG NA AGROMET,13.667,100.617,6.0,2026-05-14,TAVG,307.0,2026-05,30.7,Average temperature (C)
TH000048325,MAE SARIANG,18.167,97.933,213.0,2026-05-15,TMAX,310.0,2026-05,31.0,Max temperature (C)
TH000048351,UTTARADIT,17.617,100.1,64.0,2026-05-16,TAVG,312.0,2026-05,31.2,Average temperature (C)
THM00048453,BANG NA AGROMET,13.667,100.617,6.0,2026-05-16,TMIN,282.0,2026-05,28.2,Min temperature (C)
TH000048325,MAE SARIANG,18.167,97.933,213.0,2026-05-16,TMAX,352.0,2026-05,35.2,Max temperature (C)
TH000048357,NAKHON PHANOM,17.417,104.783,148.0,2026-05-17,TMIN,261.0,2026-05,26.1,Min temperature (C)
TH000048351,UTTARADIT,17.617,100.1,64.0,2026-05-17,TMAX,385.0,2026-05,38.5,Max temperature (C)
TH000048351,UTTARADIT,17.617,100.1,64.0,2026-05-18,TAVG,301.0,2026-05,30.1,Average temperature (C)
TH000048462,ARANYAPRATHET,13.7,102.583,49.0,2026-05-18,TMIN,256.0,2026-05,25.6,Min temperature (C)
THM00048453,BANG NA AGROMET,13.667,100.617,6.0,2026-05-18,TAVG,313.0,2026-05,31.3,Average temperature (C)
TH000048325,MAE SARIANG,18.167,97.933,213.0,2026-05-19,TAVG,271.0,2026-05,27.1,Average temperature (C)
TH000048462,ARANYAPRATHET,13.7,102.583,49.0,2026-05-19,TMIN,249.0,2026-05,24.9,Min temperature (C)
TH000048564,PHUKET,7.883,98.4,3.0,2026-05-19,TAVG,268.0,2026-05,26.8,Average temperature (C)
TH000048426,LOP BURI,14.8,100.617,11.0,2026-05-21,TMIN,256.0,2026-05,25.6,Min temperature (C)
THM00048453,BANG NA AGROMET,13.667,100.617,6.0,2026-01-01,TMAX,335.0,2026-01,33.5,Max temperature (C)
TH000048450,KANCHANABURI,14.017,99.533,29.0,2026-01-01,TMAX,336.0,2026-01,33.6,Max temperature (C)
TH000048462,ARANYAPRATHET,13.7,102.583,49.0,2026-01-01,TMIN,203.0,2026-01,20.3,Min temperature (C)
TH000048425,SUPHAN BURI,14.467,100.133,8.0,2026-01-01,TMIN,208.0,2026-01,20.8,Min temperature (C)
TH000048455,BANGKOK METROPOLIS,13.733,100.567,4.0,2026-01-02,TAVG,283.0,2026-01,28.3,Average temperature (C)
TH000048432,SURIN,14.883,103.5,147.0,2026-01-02,TMAX,306.0,2026-01,30.6,Max temperature (C)
TH000048450,KANCHANABURI,14.017,99.533,29.0,2026-01-03,TMAX,309.0,2026-01,30.9,Max temperature (C)
TH000048501,KHLONG YAI,11.767,102.883,4.0,2026-01-03,TMIN,228.0,2026-01,22.8,Min temperature (C)
TH000048351,UTTARADIT,17.617,100.1,64.0,2026-01-04,TMIN,176.0,2026-01,17.6,Min temperature (C)
TH000048426,LOP BURI,14.8,100.617,11.0,2026-01-05,TMIN,185.0,2026-01,18.5,Min temperature (C)
TH000048351,UTTARADIT,17.617,100.1,64.0,2026-01-05,TMIN,175.0,2026-01,17.5,Min temperature (C)
TH000048425,SUPHAN BURI,14.467,100.133,8.0,2026-01-06,TMIN,205.0,2026-01,20.5,Min temperature (C)
TH000048501,KHLONG YAI,11.767,102.883,4.0,2026-01-07,TMIN,236.0,2026-01,23.6,Min temperature (C)
TH000048325,MAE SARIANG,18.167,97.933,213.0,2026-01-07,TMIN,135.0,2026-01,13.5,Min temperature (C)
THM00048453,BANG NA AGROMET,13.667,100.617,6.0,2026-01-07,TMAX,295.0,2026-01,29.5,Max temperature (C)
TH000048564,PHUKET,7.883,98.4,3.0,2026-01-09,TAVG,276.0,2026-01,27.6,Average temperature (C)
TH000048564,PHUKET,7.883,98.4,3.0,2026-01-09,TMAX,322.0,2026-01,32.2,Max temperature (C)
TH000048455,BANGKOK METROPOLIS,13.733,100.567,4.0,2026-01-10,TAVG,246.0,2026-01,24.6,Average temperature (C)
TH000048450,KANCHANABURI,14.017,99.533,29.0,2026-01-11,TMIN,157.0,2026-01,15.7,Min temperature (C)
TH000048501,KHLONG YAI,11.767,102.883,4.0,2026-01-11,TAVG,248.0,2026-01,24.8,Average temperature (C)
TH000048455,BANGKOK METROPOLIS,13.733,100.567,4.0,2026-01-12,TAVG,252.0,2026-01,25.2,Average temperature (C)
TH000048432,SURIN,14.883,103.5,147.0,2026-01-12,TAVG,211.0,2026-01,21.1,Average temperature (C)
TH000048383,MUKDAHAN,16.533,104.717,139.0,2026-01-13,TMIN,150.0,2026-01,15.0,Min temperature (C)
TH000048351,UTTARADIT,17.617,100.1,64.0,2026-01-14,TAVG,231.0,2026-01,23.1,Average temperature (C)
TH000048564,PHUKET,7.883,98.4,3.0,2026-01-14,TAVG,281.0,2026-01,28.1,Average temperature (C)
TH000048357,NAKHON PHANOM,17.417,104.783,148.0,2026-01-14,TMIN,150.0,2026-01,15.0,Min temperature (C)
TH000048501,KHLONG YAI,11.767,102.883,4.0,2026-01-14,TMIN,213.0,2026-01,21.3,Min temperature (C)
TH000048450,KANCHANABURI,14.017,99.533,29.0,2026-01-16,TMAX,346.0,2026-01,34.6,Max temperature (C)
TH000048351,UTTARADIT,17.617,100.1,64.0,2026-01-16,TMAX,322.0,2026-01,32.2,Max temperature (C)
TH000048564,PHUKET,7.883,98.4,3.0,2026-01-16,TMIN,248.0,2026-01,24.8,Min temperature (C)
TH000048351,UTTARADIT,17.617,100.1,64.0,2026-01-16,TAVG,248.0,2026-01,24.8,Average temperature (C)
TH000048462,ARANYAPRATHET,13.7,102.583,49.0,2026-01-17,TAVG,282.0,2026-01,28.2,Average temperature (C)
TH000048425,SUPHAN BURI,14.467,100.133,8.0,2026-01-17,TMAX,327.0,2026-01,32.7,Max temperature (C)
TH000048564,PHUKET,7.883,98.4,3.0,2026-01-17,TMAX,327.0,2026-01,32.7,Max temperature (C)
TH000048357,NAKHON PHANOM,17.417,104.783,148.0,2026-01-18,TMAX,316.0,2026-01,31.6,Max temperature (C)
TH000048501,KHLONG YAI,11.767,102.883,4.0,2026-01-19,TMAX,294.0,2026-01,29.4,Max temperature (C)
TH000048455,BANGKOK METROPOLIS,13.733,100.567,4.0,2026-01-19,TMIN,250.0,2026-01,25.0,Min temperature (C)
TH000048425,SUPHAN BURI,14.467,100.133,8.0,2026-01-19,TMIN,215.0,2026-01,21.5,Min temperature (C)
TH000048383,MUKDAHAN,16.533,104.717,139.0,2026-01-19,TAVG,252.0,2026-01,25.2,Average temperature (C)
TH000048455,BANGKOK METROPOLIS,13.733,100.567,4.0,2026-01-20,TMAX,336.0,2026-01,33.6,Max temperature (C)
TH000048357,NAKHON PHANOM,17.417,104.783,148.0,2026-01-20,TMIN,180.0,2026-01,18.0,Min temperature (C)
TH000048462,ARANYAPRATHET,13.7,102.583,49.0,2026-01-20,TAVG,288.0,2026-01,28.8,Average temperature (C)
TH000048455,BANGKOK METROPOLIS,13.733,100.567,4.0,2026-01-20,TMIN,257.0,2026-01,25.7,Min temperature (C)
TH000048564,PHUKET,7.883,98.4,3.0,2026-01-21,TMIN,255.0,2026-01,25.5,Min temperature (C)
TH000048462,ARANYAPRATHET,13.7,102.583,49.0,2026-01-22,TMAX,320.0,2026-01,32.0,Max temperature (C)
TH000048351,UTTARADIT,17.617,100.1,64.0,2026-01-22,TMIN,187.0,2026-01,18.7,Min temperature (C)
THM00048453,BANG NA AGROMET,13.667,100.617,6.0,2026-01-22,TMIN,223.0,2026-01,22.3,Min temperature (C)
TH000048501,KHLONG YAI,11.767,102.883,4.0,2026-01-22,TMAX,320.0,2026-01,32.0,Max temperature (C)
TH000048325,MAE SARIANG,18.167,97.933,213.0,2026-01-23,TAVG,202.0,2026-01,20.2,Average temperature (C)
TH000048564,PHUKET,7.883,98.4,3.0,2026-01-24,TMAX,324.0,2026-01,32.4,Max temperature (C)
TH000048432,SURIN,14.883,103.5,147.0,2026-01-24,TMAX,295.0,2026-01,29.5,Max temperature (C)
TH000048501,KHLONG YAI,11.767,102.883,4.0,2026-01-24,TMIN,203.0,2026-01,20.3,Min temperature (C)
TH000048383,MUKDAHAN,16.533,104.717,139.0,2026-01-25,TMAX,300.0,2026-01,30.0,Max temperature (C)
TH000048462,ARANYAPRATHET,13.7,102.583,49.0,2026-01-26,TMIN,195.0,2026-01,19.5,Min temperature (C)
TH000048432,SURIN,14.883,103.5,147.0,2026-01-26,TAVG,250.0,2026-01,25.0,Average temperature (C)
TH000048351,UTTARADIT,17.617,100.1,64.0,2026-01-27,TMIN,185.0,2026-01,18.5,Min temperature (C)
TH000048455,BANGKOK METROPOLIS,13.733,100.567,4.0,2026-01-27,TMIN,230.0,2026-01,23.0,Min temperature (C)
TH000048426,LOP BURI,14.8,100.617,11.0,2026-01-29,TMAX,338.0,2026-01,33.8,Max temperature (C)
TH000048351,UTTARADIT,17.617,100.1,64.0,2026-01-29,TAVG,252.0,2026-01,25.2,Average temperature (C)
TH000048501,KHLONG YAI,11.767,102.883,4.0,2026-01-29,TMIN,224.0,2026-01,22.4,Min temperature (C)
TH000048383,MUKDAHAN,16.533,104.717,139.0,2026-01-30,TMIN,175.0,2026-01,17.5,Min temperature (C)
TH000048425,SUPHAN BURI,14.467,100.133,8.0,2026-01-31,TAVG,270.0,2026-01,27.0,Average temperature (C)
TH000048450,KANCHANABURI,14.017,99.533,29.0,2026-01-31,TMIN,214.0,2026-01,21.4,Min temperature (C)
TH000048325,MAE SARIANG,18.167,97.933,213.0,2026-02-01,TAVG,235.0,2026-02,23.5,Average temperature (C)
TH000048383,MUKDAHAN,16.533,104.717,139.0,2026-02-02,TMIN,182.0,2026-02,18.2,Min temperature (C)
TH000048501,KHLONG YAI,11.767,102.883,4.0,2026-02-02,TMIN,201.0,2026-02,20.1,Min temperature (C)
TH000048357,NAKHON PHANOM,17.417,104.783,148.0,2026-02-02,TMAX,285.0,2026-02,28.5,Max temperature (C)
TH000048325,MAE SARIANG,18.167,97.933,213.0,2026-02-02,TAVG,228.0,2026-02,22.8,Average temperature (C)
TH000048357,NAKHON PHANOM,17.417,104.783,148.0,2026-02-02,TAVG,225.0,2026-02,22.5,Average temperature (C)
TH000048501,KHLONG YAI,11.767,102.883,4.0,2026-02-02,TAVG,270.0,2026-02,27.0,Average temperature (C)
TH000048351,UTTARADIT,17.617,100.1,64.0,2026-02-02,TMIN,192.0,2026-02,19.2,Min temperature (C)
TH000048564,PHUKET,7.883,98.4,3.0,2026-02-03,TMAX,345.0,2026-02,34.5,Max temperature (C)
TH000048432,SURIN,14.883,103.5,147.0,2026-02-03,TMIN,190.0,2026-02,19.0,Min temperature (C)
THM00048453,BANG NA AGROMET,13.667,100.617,6.0,2026-02-04,TAVG,283.0,2026-02,28.3,Average temperature (C)
TH000048462,ARANYAPRATHET,13.7,102.583,49.0,2026-02-04,TMAX,335.0,2026-02,33.5,Max temperature (C)
TH000048425,SUPHAN BURI,14.467,100.133,8.0,2026-02-05,TMIN,223.0,2026-02,22.3,Min temperature (C)
TH000048501,KHLONG YAI,11.767,102.883,4.0,2026-02-05,TAVG,278.0,2026-02,27.8,Average temperature (C)
TH000048450,KANCHANABURI,14.017,99.533,29.0,2026-02-05,TMAX,369.0,2026-02,36.9,Max temperature (C)
TH000048351,UTTARADIT,17.617,100.1,64.0,2026-02-06,TAVG,266.0,2026-02,26.6,Average temperature (C)
TH000048450,KANCHANABURI,14.017,99.533,29.0,2026-02-06,TMIN,235.0,2026-02,23.5,Min temperature (C)
TH000048425,SUPHAN BURI,14.467,100.133,8.0,2026-02-06,TMAX,345.0,2026-02,34.5,Max temperature (C)
TH000048426,LOP BURI,14.8,100.617,11.0,2026-02-07,TMIN,245.0,2026-02,24.5,Min temperature (C)
TH000048383,MUKDAHAN,16.533,104.717,139.0,2026-02-07,TAVG,272.0,2026-02,27.2,Average temperature (C)
TH000048425,SUPHAN BURI,14.467,100.133,8.0,2026-02-10,TMIN,215.0,2026-02,21.5,Min temperature (C)
TH000048450,KANCHANABURI,14.017,99.533,29.0,2026-02-10,TAVG,286.0,2026-02,28.6,Average temperature (C)
TH000048325,MAE SARIANG,18.167,97.933,213.0,2026-02-11,TMIN,165.0,2026-02,16.5,Min temperature (C)
TH000048351,UTTARADIT,17.617,100.1,64.0,2026-02-12,TAVG,292.0,2026-02,29.2,Average temperature (C)
TH000048383,MUKDAHAN,16.533,104.717,139.0,2026-02-12,TMAX,320.0,2026-02,32.0,Max temperature (C)
TH000048564,PHUKET,7.883,98.4,3.0,2026-02-13,TAVG,308.0,2026-02,30.8,Average temperature (C)
TH000048357,NAKHON PHANOM,17.417,104.783,148.0,2026-02-13,TMAX,342.0,2026-02,34.2,Max temperature (C)
TH000048425,SUPHAN BURI,14.467,100.133,8.0,2026-02-13,TMIN,257.0,2026-02,25.7,Min temperature (C)
TH000048501,KHLONG YAI,11.767,102.883,4.0,2026-02-14,TMIN,240.0,2026-02,24.0,Min temperature (C)
THM00048453,BANG NA AGROMET,13.667,100.617,6.0,2026-02-14,TAVG,286.0,2026-02,28.6,Average temperature (C)
THM00048453,BANG NA AGROMET,13.667,100.617,6.0,2026-02-14,TMAX,303.0,2026-02,30.3,Max temperature (C)
TH000048462,ARANYAPRATHET,13.7,102.583,49.0,2026-02-14,TMIN,243.0,2026-02,24.3,Min temperature (C)
TH000048432,SURIN,14.883,103.5,147.0,2026-02-14,TAVG,277.0,2026-02,27.7,Average temperature (C)
TH000048564,PHUKET,7.883,98.4,3.0,2026-02-16,TAVG,268.0,2026-02,26.8,Average temperature (C)
THM00048453,BANG NA AGROMET,13.667,100.617,6.0,2026-02-16,TAVG,295.0,2026-02,29.5,Average temperature (C)
TH000048426,LOP BURI,14.8,100.617,11.0,2026-02-17,TMIN,255.0,2026-02,25.5,Min temperature (C)
TH000048501,KHLONG YAI,11.767,102.883,4.0,2026-02-17,TMIN,257.0,2026-02,25.7,Min temperature (C)
TH000048351,UTTARADIT,17.617,100.1,64.0,2026-02-18,TAVG,289.0,2026-02,28.9,Average temperature (C)
TH000048383,MUKDAHAN,16.533,104.717,139.0,2026-02-18,TMIN,217.0,2026-02,21.7,Min temperature (C)
TH000048455,BANGKOK METROPOLIS,13.733,100.567,4.0,2026-02-19,TMIN,278.0,2026-02,27.8,Min temperature (C)
TH000048357,NAKHON PHANOM,17.417,104.783,148.0,2026-02-19,TMIN,233.0,2026-02,23.3,Min temperature (C)
TH000048450,KANCHANABURI,14.017,99.533,29.0,2026-02-19,TMIN,249.0,2026-02,24.9,Min temperature (C)
TH000048351,UTTARADIT,17.617,100.1,64.0,2026-02-19,TAVG,298.0,2026-02,29.8,Average temperature (C)
TH000048564,PHUKET,7.883,98.4,3.0,2026-02-19,TMIN,263.0,2026-02,26.3,Min temperature (C)
TH000048325,MAE SARIANG,18.167,97.933,213.0,2026-02-21,TMAX,250.0,2026-02,25.0,Max temperature (C)
TH000048351,UTTARADIT,17.617,100.1,64.0,2026-02-21,TMAX,327.0,2026-02,32.7,Max temperature (C)
THM00048453,BANG NA AGROMET,13.667,100.617,6.0,2026-02-22,TMIN,275.0,2026-02,27.5,Min temperature (C)
TH000048455,BANGKOK METROPOLIS,13.733,100.567,4.0,2026-02-22,TMIN,280.0,2026-02,28.0,Min temperature (C)
TH000048325,MAE SARIANG,18.167,97.933,213.0,2026-02-22,TMIN,230.0,2026-02,23.0,Min temperature (C)
THM00048453,BANG NA AGROMET,13.667,100.617,6.0,2026-02-22,TMAX,330.0,2026-02,33.0,Max temperature (C)
TH000048564,PHUKET,7.883,98.4,3.0,2026-02-23,TAVG,299.0,2026-02,29.9,Average temperature (C)
TH000048351,UTTARADIT,17.617,100.1,64.0,2026-02-23,TMIN,255.0,2026-02,25.5,Min temperature (C)
TH000048425,SUPHAN BURI,14.467,100.133,8.0,2026-02-23,TMAX,335.0,2026-02,33.5,Max temperature (C)
TH000048450,KANCHANABURI,14.017,99.533,29.0,2026-02-25,TMAX,348.0,2026-02,34.8,Max temperature (C)
TH000048325,MAE SARIANG,18.167,97.933,213.0,2026-02-25,TMIN,192.0,2026-02,19.2,Min temperature (C)
TH000048462,ARANYAPRATHET,13.7,102.583,49.0,2026-02-26,TMAX,331.0,2026-02,33.1,Max temperature (C)
TH000048501,KHLONG YAI,11.767,102.883,4.0,2026-02-27,TMIN,245.0,2026-02,24.5,Min temperature (C)
TH000048450,KANCHANABURI,14.017,99.533,29.0,2026-03-01,TMIN,271.0,2026-03,27.1,Min temperature (C)
TH000048564,PHUKET,7.883,98.4,3.0,2026-03-02,TMAX,337.0,2026-03,33.7,Max temperature (C)
TH000048462,ARANYAPRATHET,13.7,102.583,49.0,2026-03-04,TMAX,380.0,2026-03,38.0,Max temperature (C)
TH000048462,ARANYAPRATHET,13.7,102.583,49.0,2026-03-04,TMIN,260.0,2026-03,26.0,Min temperature (C)
TH000048425,SUPHAN BURI,14.467,100.133,8.0,2026-03-05,TMIN,255.0,2026-03,25.5,Min temperature (C)
TH000048455,BANGKOK METROPOLIS,13.733,100.567,4.0,2026-03-05,TAVG,308.0,2026-03,30.8,Average temperature (C)
TH000048462,ARANYAPRATHET,13.7,102.583,49.0,2026-03-07,TAVG,287.0,2026-03,28.7,Average temperature (C)
TH000048426,LOP BURI,14.8,100.617,11.0,2026-03-07,TAVG,298.0,2026-03,29.8,Average temperature (C)
TH000048564,PHUKET,7.883,98.4,3.0,2026-03-08,TMAX,352.0,2026-03,35.2,Max temperature (C)
TH000048462,ARANYAPRATHET,13.7,102.583,49.0,2026-03-09,TMAX,365.0,2026-03,36.5,Max temperature (C)
THM00048453,BANG NA AGROMET,13.667,100.617,6.0,2026-03-09,TAVG,325.0,2026-03,32.5,Average temperature (C)
TH000048455,BANGKOK METROPOLIS,13.733,100.567,4.0,2026-03-09,TMIN,283.0,2026-03,28.3,Min temperature (C)
TH000048450,KANCHANABURI,14.017,99.533,29.0,2026-03-10,TAVG,297.0,2026-03,29.7,Average temperature (C)
TH000048351,UTTARADIT,17.617,100.1,64.0,2026-03-11,TAVG,258.0,2026-03,25.8,Average temperature (C)
THM00048453,BANG NA AGROMET,13.667,100.617,6.0,2026-03-11,TAVG,304.0,2026-03,30.4,Average temperature (C)
TH000048432,SURIN,14.883,103.5,147.0,2026-03-11,TAVG,264.0,2026-03,26.4,Average temperature (C)
TH000048325,MAE SARIANG,18.167,97.933,213.0,2026-03-13,TAVG,251.0,2026-03,25.1,Average temperature (C)
TH000048455,BANGKOK METROPOLIS,13.733,100.567,4.0,2026-03-14,TMIN,281.0,2026-03,28.1,Min temperature (C)
TH000048501,KHLONG YAI,11.767,102.883,4.0,2026-03-14,TMIN,242.0,2026-03,24.2,Min temperature (C)
TH000048450,KANCHANABURI,14.017,99.533,29.0,2026-03-15,TAVG,289.0,2026-03,28.9,Average temperature (C)
TH000048357,NAKHON PHANOM,17.417,104.783,148.0,2026-03-16,TMIN,212.0,2026-03,21.2,Min temperature (C)
TH000048462,ARANYAPRATHET,13.7,102.583,49.0,2026-03-17,TAVG,306.0,2026-03,30.6,Average temperature (C)
TH000048450,KANCHANABURI,14.017,99.533,29.0,2026-03-18,TAVG,302.0,2026-03,30.2,Average temperature (C)
TH000048383,MUKDAHAN,16.533,104.717,139.0,2026-03-18,TAVG,300.0,2026-03,30.0,Average temperature (C)
TH000048564,PHUKET,7.883,98.4,3.0,2026-03-18,TAVG,303.0,2026-03,30.3,Average temperature (C)
TH000048351,UTTARADIT,17.617,100.1,64.0,2026-03-18,TMIN,230.0,2026-03,23.0,Min temperature (C)
TH000048432,SURIN,14.883,103.5,147.0,2026-03-18,TMIN,245.0,2026-03,24.5,Min temperature (C)
TH000048455,BANGKOK METROPOLIS,13.733,100.567,4.0,2026-03-19,TMIN,284.0,2026-03,28.4,Min temperature (C)
TH000048462,ARANYAPRATHET,13.7,102.583,49.0,2026-03-19,TAVG,315.0,2026-03,31.5,Average temperature (C)
TH000048462,ARANYAPRATHET,13.7,102.583,49.0,2026-03-20,TMIN,247.0,2026-03,24.7,Min temperature (C)
TH000048357,NAKHON PHANOM,17.417,104.783,148.0,2026-03-22,TAVG,294.0,2026-03,29.4,Average temperature (C)
TH000048351,UTTARADIT,17.617,100.1,64.0,2026-03-22,TMIN,255.0,2026-03,25.5,Min temperature (C)
TH000048432,SURIN,14.883,103.5,147.0,2026-03-23,TAVG,322.0,2026-03,32.2,Average temperature (C)
TH000048351,UTTARADIT,17.617,100.1,64.0,2026-03-23,TMAX,370.0,2026-03,37.0,Max temperature (C)
TH000048357,NAKHON PHANOM,17.417,104.783,148.0,2026-03-23,TMIN,251.0,2026-03,25.1,Min temperature (C)
THM00048453,BANG NA AGROMET,13.667,100.617,6.0,2026-03-24,TMIN,282.0,2026-03,28.2,Min temperature (C)
TH000048425,SUPHAN BURI,14.467,100.133,8.0,2026-03-24,TMAX,370.0,2026-03,37.0,Max temperature (C)
TH000048501,KHLONG YAI,11.767,102.883,4.0,2026-03-25,TAVG,293.0,2026-03,29.3,Average temperature (C)
TH000048432,SURIN,14.883,103.5,147.0,2026-04-02,TMAX,394.0,2026-04,39.4,Max temperature (C)
TH000048325,MAE SARIANG,18.167,97.933,213.0,2026-04-02,TMIN,190.0,2026-04,19.0,Min temperature (C)
TH000048325,MAE SARIANG,18.167,97.933,213.0,2026-04-02,TAVG,279.0,2026-04,27.9,Average temperature (C)
TH000048455,BANGKOK METROPOLIS,13.733,100.567,4.0,2026-04-02,TAVG,313.0,2026-04,31.3,Average temperature (C)
TH000048455,BANGKOK METROPOLIS,13.733,100.567,4.0,2026-04-04,TMAX,353.0,2026-04,35.3,Max temperature (C)
TH000048426,LOP BURI,14.8,100.617,11.0,2026-04-04,TMAX,377.0,2026-04,37.7,Max temperature (C)
THM00048453,BANG NA AGROMET,13.667,100.617,6.0,2026-04-05,TMAX,372.0,2026-04,37.2,Max temperature (C)
TH000048462,ARANYAPRATHET,13.7,102.583,49.0,2026-04-05,TMIN,248.0,2026-04,24.8,Min temperature (C)
TH000048351,UTTARADIT,17.617,100.1,64.0,2026-04-07,TAVG,323.0,2026-04,32.3,Average temperature (C)
TH000048425,SUPHAN BURI,14.467,100.133,8.0,2026-04-07,TAVG,318.0,2026-04,31.8,Average temperature (C)
TH000048325,MAE SARIANG,18.167,97.933,213.0,2026-04-08,TAVG,288.0,2026-04,28.8,Average temperature (C)
TH000048351,UTTARADIT,17.617,100.1,64.0,2026-04-09,TAVG,318.0,2026-04,31.8,Average temperature (C)
TH000048501,KHLONG YAI,11.767,102.883,4.0,2026-04-11,TAVG,284.0,2026-04,28.4,Average temperature (C)
TH000048426,LOP BURI,14.8,100.617,11.0,2026-04-11,TMIN,270.0,2026-04,27.0,Min temperature (C)
TH000048564,PHUKET,7.883,98.4,3.0,2026-04-11,TAVG,308.0,2026-04,30.8,Average temperature (C)
TH000048455,BANGKOK METROPOLIS,13.733,100.567,4.0,2026-04-14,TAVG,325.0,2026-04,32.5,Average temperature (C)
TH000048450,KANCHANABURI,14.017,99.533,29.0,2026-04-14,TAVG,331.0,2026-04,33.1,Average temperature (C)
TH000048425,SUPHAN BURI,14.467,100.133,8.0,2026-04-15,TMIN,271.0,2026-04,27.1,Min temperature (C)
TH000048325,MAE SARIANG,18.167,97.933,213.0,2026-04-18,TMAX,407.0,2026-04,40.7,Max temperature (C)
TH000048501,KHLONG YAI,11.767,102.883,4.0,2026-04-18,TMIN,252.0,2026-04,25.2,Min temperature (C)
TH000048432,SURIN,14.883,103.5,147.0,2026-04-18,TMAX,371.0,2026-04,37.1,Max temperature (C)
TH000048450,KANCHANABURI,14.017,99.533,29.0,2026-04-19,TMAX,407.0,2026-04,40.7,Max temperature (C)
TH000048450,KANCHANABURI,14.017,99.533,29.0,2026-04-21,TAVG,321.0,2026-04,32.1,Average temperature (C)
TH000048383,MUKDAHAN,16.533,104.717,139.0,2026-04-22,TMIN,286.0,2026-04,28.6,Min temperature (C)
TH000048425,SUPHAN BURI,14.467,100.133,8.0,2026-04-22,TMIN,275.0,2026-04,27.5,Min temperature (C)
TH000048425,SUPHAN BURI,14.467,100.133,8.0,2026-04-22,TAVG,316.0,2026-04,31.6,Average temperature (C)
TH000048425,SUPHAN BURI,14.467,100.133,8.0,2026-04-23,TAVG,315.0,2026-04,31.5,Average temperature (C)
TH000048383,MUKDAHAN,16.533,104.717,139.0,2026-04-23,TMIN,261.0,2026-04,26.1,Min temperature (C)
TH000048564,PHUKET,7.883,98.4,3.0,2026-04-25,TAVG,306.0,2026-04,30.6,Average temperature (C)
TH000048501,KHLONG YAI,11.767,102.883,4.0,2026-04-25,TMAX,343.0,2026-04,34.3,Max temperature (C)
TH000048325,MAE SARIANG,18.167,97.933,213.0,2026-04-25,TMAX,387.0,2026-04,38.7,Max temperature (C)
TH000048351,UTTARADIT,17.617,100.1,64.0,2026-04-25,TAVG,273.0,2026-04,27.3,Average temperature (C)
TH000048426,LOP BURI,14.8,100.617,11.0,2026-04-25,TAVG,284.0,2026-04,28.4,Average temperature (C)
TH000048425,SUPHAN BURI,14.467,100.133,8.0,2026-04-26,TAVG,305.0,2026-04,30.5,Average temperature (C)
TH000048325,MAE SARIANG,18.167,97.933,213.0,2026-04-27,TAVG,298.0,2026-04,29.8,Average temperature (C)
TH000048450,KANCHANABURI,14.017,99.533,29.0,2026-04-28,TMIN,274.0,2026-04,27.4,Min temperature (C)
TH000048564,PHUKET,7.883,98.4,3.0,2026-04-28,TAVG,310.0,2026-04,31.0,Average temperature (C)
THM00048453,BANG NA AGROMET,13.667,100.617,6.0,2026-04-28,TAVG,321.0,2026-04,32.1,Average temperature (C)
TH000048351,UTTARADIT,17.617,100.1,64.0,2026-04-29,TMAX,386.0,2026-04,38.6,Max temperature (C)
TH000048455,BANGKOK METROPOLIS,13.733,100.567,4.0,2026-04-30,TMIN,278.0,2026-04,27.8,Min temperature (C)
TH000048383,MUKDAHAN,16.533,104.717,139.0,2026-04-30,TMIN,237.0,2026-04,23.7,Min temperature (C)
TH000048383,MUKDAHAN,16.533,104.717,139.0,2026-05-01,TMIN,243.0,2026-05,24.3,Min temperature (C)
TH000048501,KHLONG YAI,11.767,102.883,4.0,2026-05-02,TAVG,295.0,2026-05,29.5,Average temperature (C)
TH000048462,ARANYAPRATHET,13.7,102.583,49.0,2026-05-02,TMIN,268.0,2026-05,26.8,Min temperature (C)
TH000048564,PHUKET,7.883,98.4,3.0,2026-05-03,TMAX,336.0,2026-05,33.6,Max temperature (C)
TH000048357,NAKHON PHANOM,17.417,104.783,148.0,2026-05-03,TMAX,363.0,2026-05,36.3,Max temperature (C)
TH000048383,MUKDAHAN,16.533,104.717,139.0,2026-05-04,TMIN,242.0,2026-05,24.2,Min temperature (C)
TH000048462,ARANYAPRATHET,13.7,102.583,49.0,2026-05-04,TAVG,286.0,2026-05,28.6,Average temperature (C)
TH000048325,MAE SARIANG,18.167,97.933,213.0,2026-05-04,TAVG,313.0,2026-05,31.3,Average temperature (C)
TH000048450,KANCHANABURI,14.017,99.533,29.0,2026-05-05,TMAX,379.0,2026-05,37.9,Max temperature (C)
TH000048425,SUPHAN BURI,14.467,100.133,8.0,2026-05-06,TMAX,372.0,2026-05,37.2,Max temperature (C)
THM00048453,BANG NA AGROMET,13.667,100.617,6.0,2026-05-09,TMAX,367.0,2026-05,36.7,Max temperature (C)
TH000048564,PHUKET,7.883,98.4,3.0,2026-05-09,TAVG,291.0,2026-05,29.1,Average temperature (C)
TH000048564,PHUKET,7.883,98.4,3.0,2026-05-10,TAVG,283.0,2026-05,28.3,Average temperature (C)
TH000048564,PHUKET,7.883,98.4,3.0,2026-05-11,TMAX,331.0,2026-05,33.1,Max temperature (C)
TH000048351,UTTARADIT,17.617,100.1,64.0,2026-05-13,TMAX,364.0,2026-05,36.4,Max temperature (C)
TH000048357,NAKHON PHANOM,17.417,104.783,148.0,2026-05-14,TMAX,338.0,2026-05,33.8,Max temperature (C)
TH000048462,ARANYAPRATHET,13.7,102.583,49.0,2026-05-16,TAVG,300.0,2026-05,30.0,Average temperature (C)
TH000048432,SURIN,14.883,103.5,147.0,2026-05-17,TMAX,365.0,2026-05,36.5,Max temperature (C)
TH000048432,SURIN,14.883,103.5,147.0,2026-05-18,TAVG,296.0,2026-05,29.6,Average temperature (C)
TH000048383,MUKDAHAN,16.533,104.717,139.0,2026-05-19,TMAX,318.0,2026-05,31.8,Max temperature (C)
TH000048425,SUPHAN BURI,14.467,100.133,8.0,2026-05-19,TMAX,317.0,2026-05,31.7,Max temperature (C)
TH000048325,MAE SARIANG,18.167,97.933,213.0,2026-05-19,TMAX,387.0,2026-05,38.7,Max temperature (C)
TH000048426,LOP BURI,14.8,100.617,11.0,2026-05-21,TAVG,298.0,2026-05,29.8,Average temperature (C)
TH000048432,SURIN,14.883,103.5,147.0,2026-05-21,TMAX,340.0,2026-05,34.0,Max temperature (C)
TH000048432,SURIN,14.883,103.5,147.0,2026-01-01,TMIN,181.0,2026-01,18.1,Min temperature (C)
TH000048450,KANCHANABURI,14.017,99.533,29.0,2026-01-03,TAVG,243.0,2026-01,24.3,Average temperature (C)
TH000048325,MAE SARIANG,18.167,97.933,213.0,2026-01-04,TMAX,302.0,2026-01,30.2,Max temperature (C)
TH000048501,KHLONG YAI,11.767,102.883,4.0,2026-01-04,TMAX,329.0,2026-01,32.9,Max temperature (C)
TH000048564,PHUKET,7.883,98.4,3.0,2026-01-04,TAVG,285.0,2026-01,28.5,Average temperature (C)
TH000048501,KHLONG YAI,11.767,102.883,4.0,2026-01-05,TAVG,271.0,2026-01,27.1,Average temperature (C)
TH000048564,PHUKET,7.883,98.4,3.0,2026-01-05,TAVG,287.0,2026-01,28.7,Average temperature (C)
TH000048426,LOP BURI,14.8,100.617,11.0,2026-01-06,TAVG,271.0,2026-01,27.1,Average temperature (C)
TH000048351,UTTARADIT,17.617,100.1,64.0,2026-01-06,TAVG,243.0,2026-01,24.3,Average temperature (C)
THM00048453,BANG NA AGROMET,13.667,100.617,6.0,2026-01-07,TMIN,207.0,2026-01,20.7,Min temperature (C)
TH000048564,PHUKET,7.883,98.4,3.0,2026-01-08,TMIN,252.0,2026-01,25.2,Min temperature (C)
TH000048426,LOP BURI,14.8,100.617,11.0,2026-01-08,TMAX,275.0,2026-01,27.5,Max temperature (C)
TH000048351,UTTARADIT,17.617,100.1,64.0,2026-01-09,TMAX,280.0,2026-01,28.0,Max temperature (C)
TH000048462,ARANYAPRATHET,13.7,102.583,49.0,2026-01-09,TMIN,148.0,2026-01,14.8,Min temperature (C)
TH000048432,SURIN,14.883,103.5,147.0,2026-01-09,TMIN,135.0,2026-01,13.5,Min temperature (C)
TH000048325,MAE SARIANG,18.167,97.933,213.0,2026-01-10,TAVG,195.0,2026-01,19.5,Average temperature (C)
TH000048432,SURIN,14.883,103.5,147.0,2026-01-11,TMIN,153.0,2026-01,15.3,Min temperature (C)
TH000048501,KHLONG YAI,11.767,102.883,4.0,2026-01-12,TAVG,251.0,2026-01,25.1,Average temperature (C)
TH000048351,UTTARADIT,17.617,100.1,64.0,2026-01-13,TMAX,300.0,2026-01,30.0,Max temperature (C)
THM00048453,BANG NA AGROMET,13.667,100.617,6.0,2026-01-13,TAVG,259.0,2026-01,25.9,Average temperature (C)
TH000048357,NAKHON PHANOM,17.417,104.783,148.0,2026-01-13,TAVG,213.0,2026-01,21.3,Average temperature (C)
TH000048325,MAE SARIANG,18.167,97.933,213.0,2026-01-13,TAVG,207.0,2026-01,20.7,Average temperature (C)
TH000048564,PHUKET,7.883,98.4,3.0,2026-01-15,TMAX,330.0,2026-01,33.0,Max temperature (C)
TH000048564,PHUKET,7.883,98.4,3.0,2026-01-17,TAVG,290.0,2026-01,29.0,Average temperature (C)
TH000048425,SUPHAN BURI,14.467,100.133,8.0,2026-01-17,TMIN,221.0,2026-01,22.1,Min temperature (C)
TH000048462,ARANYAPRATHET,13.7,102.583,49.0,2026-01-17,TMAX,340.0,2026-01,34.0,Max temperature (C)
TH000048450,KANCHANABURI,14.017,99.533,29.0,2026-01-17,TAVG,276.0,2026-01,27.6,Average temperature (C)
TH000048450,KANCHANABURI,14.017,99.533,29.0,2026-01-18,TAVG,281.0,2026-01,28.1,Average temperature (C)
TH000048351,UTTARADIT,17.617,100.1,64.0,2026-01-18,TMAX,334.0,2026-01,33.4,Max temperature (C)
TH000048351,UTTARADIT,17.617,100.1,64.0,2026-01-19,TAVG,244.0,2026-01,24.4,Average temperature (C)
TH000048501,KHLONG YAI,11.767,102.883,4.0,2026-01-20,TMAX,307.0,2026-01,30.7,Max temperature (C)
TH000048426,LOP BURI,14.8,100.617,11.0,2026-01-21,TMIN,217.0,2026-01,21.7,Min temperature (C)
THM00048453,BANG NA AGROMET,13.667,100.617,6.0,2026-01-21,TMAX,327.0,2026-01,32.7,Max temperature (C)
TH000048357,NAKHON PHANOM,17.417,104.783,148.0,2026-01-21,TAVG,241.0,2026-01,24.1,Average temperature (C)
TH000048564,PHUKET,7.883,98.4,3.0,2026-01-21,TAVG,284.0,2026-01,28.4,Average temperature (C)
TH000048462,ARANYAPRATHET,13.7,102.583,49.0,2026-01-21,TMAX,322.0,2026-01,32.2,Max temperature (C)
TH000048426,LOP BURI,14.8,100.617,11.0,2026-01-22,TAVG,281.0,2026-01,28.1,Average temperature (C)
TH000048351,UTTARADIT,17.617,100.1,64.0,2026-01-23,TMAX,307.0,2026-01,30.7,Max temperature (C)
TH000048425,SUPHAN BURI,14.467,100.133,8.0,2026-01-24,TMAX,315.0,2026-01,31.5,Max temperature (C)
TH000048357,NAKHON PHANOM,17.417,104.783,148.0,2026-01-25,TAVG,224.0,2026-01,22.4,Average temperature (C)
TH000048325,MAE SARIANG,18.167,97.933,213.0,2026-01-26,TMIN,138.0,2026-01,13.8,Min temperature (C)
TH000048450,KANCHANABURI,14.017,99.533,29.0,2026-01-26,TAVG,252.0,2026-01,25.2,Average temperature (C)
THM00048453,BANG NA AGROMET,13.667,100.617,6.0,2026-01-26,TMAX,325.0,2026-01,32.5,Max temperature (C)
TH000048455,BANGKOK METROPOLIS,13.733,100.567,4.0,2026-01-26,TAVG,270.0,2026-01,27.0,Average temperature (C)
THM00048453,BANG NA AGROMET,13.667,100.617,6.0,2026-01-27,TMIN,220.0,2026-01,22.0,Min temperature (C)
TH000048325,MAE SARIANG,18.167,97.933,213.0,2026-01-27,TAVG,214.0,2026-01,21.4,Average temperature (C)
TH000048462,ARANYAPRATHET,13.7,102.583,49.0,2026-01-28,TMAX,320.0,2026-01,32.0,Max temperature (C)
TH000048351,UTTARADIT,17.617,100.1,64.0,2026-01-28,TAVG,252.0,2026-01,25.2,Average temperature (C)
TH000048325,MAE SARIANG,18.167,97.933,213.0,2026-01-28,TMAX,330.0,2026-01,33.0,Max temperature (C)
TH000048564,PHUKET,7.883,98.4,3.0,2026-01-28,TMIN,252.0,2026-01,25.2,Min temperature (C)
TH000048325,MAE SARIANG,18.167,97.933,213.0,2026-01-29,TMAX,324.0,2026-01,32.4,Max temperature (C)
TH000048325,MAE SARIANG,18.167,97.933,213.0,2026-01-30,TMAX,325.0,2026-01,32.5,Max temperature (C)
TH000048357,NAKHON PHANOM,17.417,104.783,148.0,2026-01-30,TMIN,175.0,2026-01,17.5,Min temperature (C)
TH000048325,MAE SARIANG,18.167,97.933,213.0,2026-01-31,TMIN,145.0,2026-01,14.5,Min temperature (C)
TH000048462,ARANYAPRATHET,13.7,102.583,49.0,2026-02-01,TMAX,327.0,2026-02,32.7,Max temperature (C)
TH000048426,LOP BURI,14.8,100.617,11.0,2026-02-01,TMAX,335.0,2026-02,33.5,Max temperature (C)
TH000048325,MAE SARIANG,18.167,97.933,213.0,2026-02-02,TMIN,156.0,2026-02,15.6,Min temperature (C)
TH000048432,SURIN,14.883,103.5,147.0,2026-02-02,TAVG,245.0,2026-02,24.5,Average temperature (C)
TH000048351,UTTARADIT,17.617,100.1,64.0,2026-02-03,TMIN,183.0,2026-02,18.3,Min temperature (C)
TH000048450,KANCHANABURI,14.017,99.533,29.0,2026-02-04,TAVG,277.0,2026-02,27.7,Average temperature (C)
TH000048357,NAKHON PHANOM,17.417,104.783,148.0,2026-02-05,TMAX,332.0,2026-02,33.2,Max temperature (C)
THM00048453,BANG NA AGROMET,13.667,100.617,6.0,2026-02-05,TMAX,345.0,2026-02,34.5,Max temperature (C)
TH000048351,UTTARADIT,17.617,100.1,64.0,2026-02-06,TMIN,196.0,2026-02,19.6,Min temperature (C)
TH000048426,LOP BURI,14.8,100.617,11.0,2026-02-08,TMIN,254.0,2026-02,25.4,Min temperature (C)
TH000048432,SURIN,14.883,103.5,147.0,2026-02-09,TAVG,261.0,2026-02,26.1,Average temperature (C)
TH000048351,UTTARADIT,17.617,100.1,64.0,2026-02-09,TMIN,215.0,2026-02,21.5,Min temperature (C)
TH000048462,ARANYAPRATHET,13.7,102.583,49.0,2026-02-10,TMIN,221.0,2026-02,22.1,Min temperature (C)
THM00048453,BANG NA AGROMET,13.667,100.617,6.0,2026-02-10,TMIN,236.0,2026-02,23.6,Min temperature (C)
TH000048432,SURIN,14.883,103.5,147.0,2026-02-11,TMIN,219.0,2026-02,21.9,Min temperature (C)
TH000048425,SUPHAN BURI,14.467,100.133,8.0,2026-02-11,TMIN,228.0,2026-02,22.8,Min temperature (C)
TH000048426,LOP BURI,14.8,100.617,11.0,2026-02-14,TAVG,288.0,2026-02,28.8,Average temperature (C)
TH000048383,MUKDAHAN,16.533,104.717,139.0,2026-02-15,TMAX,322.0,2026-02,32.2,Max temperature (C)
TH000048432,SURIN,14.883,103.5,147.0,2026-02-16,TAVG,298.0,2026-02,29.8,Average temperature (C)
TH000048383,MUKDAHAN,16.533,104.717,139.0,2026-02-16,TMAX,337.0,2026-02,33.7,Max temperature (C)
TH000048432,SURIN,14.883,103.5,147.0,2026-02-17,TMIN,245.0,2026-02,24.5,Min temperature (C)
TH000048564,PHUKET,7.883,98.4,3.0,2026-02-17,TMIN,270.0,2026-02,27.0,Min temperature (C)
TH000048426,LOP BURI,14.8,100.617,11.0,2026-02-17,TMAX,315.0,2026-02,31.5,Max temperature (C)
TH000048450,KANCHANABURI,14.017,99.533,29.0,2026-02-18,TMIN,260.0,2026-02,26.0,Min temperature (C)
TH000048564,PHUKET,7.883,98.4,3.0,2026-02-18,TMAX,307.0,2026-02,30.7,Max temperature (C)
TH000048426,LOP BURI,14.8,100.617,11.0,2026-02-18,TMAX,329.0,2026-02,32.9,Max temperature (C)
TH000048501,KHLONG YAI,11.767,102.883,4.0,2026-02-19,TMIN,236.0,2026-02,23.6,Min temperature (C)
TH000048455,BANGKOK METROPOLIS,13.733,100.567,4.0,2026-02-19,TMAX,341.0,2026-02,34.1,Max temperature (C)
THM00048453,BANG NA AGROMET,13.667,100.617,6.0,2026-02-19,TMIN,252.0,2026-02,25.2,Min temperature (C)
TH000048425,SUPHAN BURI,14.467,100.133,8.0,2026-02-20,TMIN,241.0,2026-02,24.1,Min temperature (C)
TH000048426,LOP BURI,14.8,100.617,11.0,2026-02-20,TMIN,232.0,2026-02,23.2,Min temperature (C)
TH000048564,PHUKET,7.883,98.4,3.0,2026-02-23,TMIN,277.0,2026-02,27.7,Min temperature (C)
TH000048426,LOP BURI,14.8,100.617,11.0,2026-02-23,TAVG,300.0,2026-02,30.0,Average temperature (C)
TH000048455,BANGKOK METROPOLIS,13.733,100.567,4.0,2026-02-24,TMAX,332.0,2026-02,33.2,Max temperature (C)
TH000048450,KANCHANABURI,14.017,99.533,29.0,2026-02-24,TMAX,338.0,2026-02,33.8,Max temperature (C)
TH000048501,KHLONG YAI,11.767,102.883,4.0,2026-02-25,TMAX,318.0,2026-02,31.8,Max temperature (C)
TH000048462,ARANYAPRATHET,13.7,102.583,49.0,2026-02-25,TMIN,248.0,2026-02,24.8,Min temperature (C)
TH000048351,UTTARADIT,17.617,100.1,64.0,2026-02-25,TAVG,272.0,2026-02,27.2,Average temperature (C)
TH000048564,PHUKET,7.883,98.4,3.0,2026-02-26,TMIN,275.0,2026-02,27.5,Min temperature (C)
TH000048564,PHUKET,7.883,98.4,3.0,2026-02-26,TMAX,327.0,2026-02,32.7,Max temperature (C)
TH000048325,MAE SARIANG,18.167,97.933,213.0,2026-02-27,TAVG,246.0,2026-02,24.6,Average temperature (C)
TH000048450,KANCHANABURI,14.017,99.533,29.0,2026-02-27,TMAX,312.0,2026-02,31.2,Max temperature (C)
TH000048501,KHLONG YAI,11.767,102.883,4.0,2026-02-28,TAVG,288.0,2026-02,28.8,Average temperature (C)
TH000048564,PHUKET,7.883,98.4,3.0,2026-02-28,TMAX,338.0,2026-02,33.8,Max temperature (C)
TH000048564,PHUKET,7.883,98.4,3.0,2026-03-02,TMIN,262.0,2026-03,26.2,Min temperature (C)
TH000048325,MAE SARIANG,18.167,97.933,213.0,2026-03-02,TAVG,231.0,2026-03,23.1,Average temperature (C)
TH000048425,SUPHAN BURI,14.467,100.133,8.0,2026-03-02,TMAX,347.0,2026-03,34.7,Max temperature (C)
TH000048501,KHLONG YAI,11.767,102.883,4.0,2026-03-03,TMAX,322.0,2026-03,32.2,Max temperature (C)
THM00048453,BANG NA AGROMET,13.667,100.617,6.0,2026-03-04,TAVG,320.0,2026-03,32.0,Average temperature (C)
TH000048425,SUPHAN BURI,14.467,100.133,8.0,2026-03-05,TAVG,294.0,2026-03,29.4,Average temperature (C)
TH000048501,KHLONG YAI,11.767,102.883,4.0,2026-03-05,TMIN,247.0,2026-03,24.7,Min temperature (C)
TH000048462,ARANYAPRATHET,13.7,102.583,49.0,2026-03-06,TAVG,278.0,2026-03,27.8,Average temperature (C)
TH000048564,PHUKET,7.883,98.4,3.0,2026-03-06,TMAX,349.0,2026-03,34.9,Max temperature (C)
TH000048564,PHUKET,7.883,98.4,3.0,2026-03-07,TAVG,279.0,2026-03,27.9,Average temperature (C)
TH000048357,NAKHON PHANOM,17.417,104.783,148.0,2026-03-07,TMAX,289.0,2026-03,28.9,Max temperature (C)
TH000048432,SURIN,14.883,103.5,147.0,2026-03-07,TMAX,307.0,2026-03,30.7,Max temperature (C)
TH000048383,MUKDAHAN,16.533,104.717,139.0,2026-03-08,TAVG,263.0,2026-03,26.3,Average temperature (C)
TH000048501,KHLONG YAI,11.767,102.883,4.0,2026-03-08,TMIN,239.0,2026-03,23.9,Min temperature (C)
TH000048450,KANCHANABURI,14.017,99.533,29.0,2026-03-08,TMAX,366.0,2026-03,36.6,Max temperature (C)
TH000048425,SUPHAN BURI,14.467,100.133,8.0,2026-03-08,TAVG,296.0,2026-03,29.6,Average temperature (C)
TH000048501,KHLONG YAI,11.767,102.883,4.0,2026-03-09,TMAX,332.0,2026-03,33.2,Max temperature (C)
TH000048357,NAKHON PHANOM,17.417,104.783,148.0,2026-03-09,TMAX,322.0,2026-03,32.2,Max temperature (C)
TH000048425,SUPHAN BURI,14.467,100.133,8.0,2026-03-09,TMIN,257.0,2026-03,25.7,Min temperature (C)
TH000048425,SUPHAN BURI,14.467,100.133,8.0,2026-03-11,TMAX,342.0,2026-03,34.2,Max temperature (C)
TH000048432,SURIN,14.883,103.5,147.0,2026-03-14,TAVG,271.0,2026-03,27.1,Average temperature (C)
TH000048462,ARANYAPRATHET,13.7,102.583,49.0,2026-03-14,TMAX,343.0,2026-03,34.3,Max temperature (C)
TH000048462,ARANYAPRATHET,13.7,102.583,49.0,2026-03-15,TMAX,344.0,2026-03,34.4,Max temperature (C)
TH000048564,PHUKET,7.883,98.4,3.0,2026-03-15,TMAX,350.0,2026-03,35.0,Max temperature (C)
TH000048432,SURIN,14.883,103.5,147.0,2026-03-16,TMIN,231.0,2026-03,23.1,Min temperature (C)
TH000048383,MUKDAHAN,16.533,104.717,139.0,2026-03-18,TMIN,235.0,2026-03,23.5,Min temperature (C)
TH000048357,NAKHON PHANOM,17.417,104.783,148.0,2026-03-18,TAVG,294.0,2026-03,29.4,Average temperature (C)
TH000048426,LOP BURI,14.8,100.617,11.0,2026-03-19,TMIN,279.0,2026-03,27.9,Min temperature (C)
TH000048501,KHLONG YAI,11.767,102.883,4.0,2026-03-19,TMAX,323.0,2026-03,32.3,Max temperature (C)
TH000048426,LOP BURI,14.8,100.617,11.0,2026-03-19,TAVG,307.0,2026-03,30.7,Average temperature (C)
TH000048351,UTTARADIT,17.617,100.1,64.0,2026-03-20,TMIN,254.0,2026-03,25.4,Min temperature (C)
TH000048564,PHUKET,7.883,98.4,3.0,2026-03-20,TAVG,309.0,2026-03,30.9,Average temperature (C)
THM00048453,BANG NA AGROMET,13.667,100.617,6.0,2026-03-21,TMAX,335.0,2026-03,33.5,Max temperature (C)
THM00048453,BANG NA AGROMET,13.667,100.617,6.0,2026-03-22,TAVG,311.0,2026-03,31.1,Average temperature (C)
TH000048351,UTTARADIT,17.617,100.1,64.0,2026-03-23,TAVG,316.0,2026-03,31.6,Average temperature (C)
TH000048426,LOP BURI,14.8,100.617,11.0,2026-03-24,TMIN,271.0,2026-03,27.1,Min temperature (C)
TH000048501,KHLONG YAI,11.767,102.883,4.0,2026-03-24,TAVG,288.0,2026-03,28.8,Average temperature (C)
TH000048425,SUPHAN BURI,14.467,100.133,8.0,2026-03-25,TMIN,275.0,2026-03,27.5,Min temperature (C)
TH000048325,MAE SARIANG,18.167,97.933,213.0,2026-03-25,TAVG,261.0,2026-03,26.1,Average temperature (C)
TH000048426,LOP BURI,14.8,100.617,11.0,2026-04-02,TMAX,380.0,2026-04,38.0,Max temperature (C)
TH000048462,ARANYAPRATHET,13.7,102.583,49.0,2026-04-02,TMAX,395.0,2026-04,39.5,Max temperature (C)
TH000048357,NAKHON PHANOM,17.417,104.783,148.0,2026-04-03,TMIN,292.0,2026-04,29.2,Min temperature (C)
TH000048351,UTTARADIT,17.617,100.1,64.0,2026-04-04,TAVG,306.0,2026-04,30.6,Average temperature (C)
TH000048351,UTTARADIT,17.617,100.1,64.0,2026-04-04,TMIN,248.0,2026-04,24.8,Min temperature (C)
TH000048383,MUKDAHAN,16.533,104.717,139.0,2026-04-05,TAVG,334.0,2026-04,33.4,Average temperature (C)
TH000048432,SURIN,14.883,103.5,147.0,2026-04-05,TMIN,264.0,2026-04,26.4,Min temperature (C)
TH000048455,BANGKOK METROPOLIS,13.733,100.567,4.0,2026-04-06,TMIN,288.0,2026-04,28.8,Min temperature (C)
TH000048462,ARANYAPRATHET,13.7,102.583,49.0,2026-04-06,TMAX,395.0,2026-04,39.5,Max temperature (C)
TH000048455,BANGKOK METROPOLIS,13.733,100.567,4.0,2026-04-06,TAVG,323.0,2026-04,32.3,Average temperature (C)
TH000048425,SUPHAN BURI,14.467,100.133,8.0,2026-04-06,TMIN,261.0,2026-04,26.1,Min temperature (C)
TH000048564,PHUKET,7.883,98.4,3.0,2026-04-07,TMIN,270.0,2026-04,27.0,Min temperature (C)
TH000048450,KANCHANABURI,14.017,99.533,29.0,2026-04-07,TAVG,336.0,2026-04,33.6,Average temperature (C)
TH000048425,SUPHAN BURI,14.467,100.133,8.0,2026-04-07,TMAX,386.0,2026-04,38.6,Max temperature (C)
TH000048450,KANCHANABURI,14.017,99.533,29.0,2026-04-07,TMAX,404.0,2026-04,40.4,Max temperature (C)
TH000048450,KANCHANABURI,14.017,99.533,29.0,2026-04-07,TMIN,269.0,2026-04,26.9,Min temperature (C)
TH000048357,NAKHON PHANOM,17.417,104.783,148.0,2026-04-08,TMIN,279.0,2026-04,27.9,Min temperature (C)
TH000048501,KHLONG YAI,11.767,102.883,4.0,2026-04-09,TMAX,338.0,2026-04,33.8,Max temperature (C)
TH000048351,UTTARADIT,17.617,100.1,64.0,2026-04-09,TMIN,230.0,2026-04,23.0,Min temperature (C)
TH000048425,SUPHAN BURI,14.467,100.133,8.0,2026-04-09,TMIN,266.0,2026-04,26.6,Min temperature (C)
TH000048501,KHLONG YAI,11.767,102.883,4.0,2026-04-09,TAVG,293.0,2026-04,29.3,Average temperature (C)
TH000048501,KHLONG YAI,11.767,102.883,4.0,2026-04-10,TMIN,259.0,2026-04,25.9,Min temperature (C)
TH000048432,SURIN,14.883,103.5,147.0,2026-04-10,TAVG,332.0,2026-04,33.2,Average temperature (C)
TH000048450,KANCHANABURI,14.017,99.533,29.0,2026-04-10,TAVG,326.0,2026-04,32.6,Average temperature (C)
TH000048564,PHUKET,7.883,98.4,3.0,2026-04-10,TMIN,271.0,2026-04,27.1,Min temperature (C)
TH000048426,LOP BURI,14.8,100.617,11.0,2026-04-13,TMIN,273.0,2026-04,27.3,Min temperature (C)
TH000048325,MAE SARIANG,18.167,97.933,213.0,2026-04-13,TMIN,210.0,2026-04,21.0,Min temperature (C)
THM00048453,BANG NA AGROMET,13.667,100.617,6.0,2026-04-14,TMAX,365.0,2026-04,36.5,Max temperature (C)
TH000048450,KANCHANABURI,14.017,99.533,29.0,2026-04-14,TMAX,406.0,2026-04,40.6,Max temperature (C)
TH000048432,SURIN,14.883,103.5,147.0,2026-04-14,TMIN,269.0,2026-04,26.9,Min temperature (C)
THM00048453,BANG NA AGROMET,13.667,100.617,6.0,2026-04-15,TAVG,321.0,2026-04,32.1,Average temperature (C)
TH000048357,NAKHON PHANOM,17.417,104.783,148.0,2026-04-15,TMIN,292.0,2026-04,29.2,Min temperature (C)
TH000048455,BANGKOK METROPOLIS,13.733,100.567,4.0,2026-04-16,TMAX,366.0,2026-04,36.6,Max temperature (C)
TH000048426,LOP BURI,14.8,100.617,11.0,2026-04-16,TMAX,395.0,2026-04,39.5,Max temperature (C)
TH000048425,SUPHAN BURI,14.467,100.133,8.0,2026-04-16,TAVG,319.0,2026-04,31.9,Average temperature (C)
TH000048325,MAE SARIANG,18.167,97.933,213.0,2026-04-17,TMAX,395.0,2026-04,39.5,Max temperature (C)
TH000048462,ARANYAPRATHET,13.7,102.583,49.0,2026-04-17,TAVG,304.0,2026-04,30.4,Average temperature (C)
TH000048351,UTTARADIT,17.617,100.1,64.0,2026-04-18,TMIN,266.0,2026-04,26.6,Min temperature (C)
TH000048462,ARANYAPRATHET,13.7,102.583,49.0,2026-04-18,TMIN,267.0,2026-04,26.7,Min temperature (C)
TH000048325,MAE SARIANG,18.167,97.933,213.0,2026-04-18,TMIN,223.0,2026-04,22.3,Min temperature (C)
TH000048450,KANCHANABURI,14.017,99.533,29.0,2026-04-18,TAVG,330.0,2026-04,33.0,Average temperature (C)
TH000048426,LOP BURI,14.8,100.617,11.0,2026-04-19,TMAX,384.0,2026-04,38.4,Max temperature (C)
TH000048501,KHLONG YAI,11.767,102.883,4.0,2026-04-19,TMAX,340.0,2026-04,34.0,Max temperature (C)
TH000048357,NAKHON PHANOM,17.417,104.783,148.0,2026-04-19,TAVG,270.0,2026-04,27.0,Average temperature (C)
TH000048351,UTTARADIT,17.617,100.1,64.0,2026-04-20,TAVG,330.0,2026-04,33.0,Average temperature (C)
TH000048501,KHLONG YAI,11.767,102.883,4.0,2026-04-20,TMAX,327.0,2026-04,32.7,Max temperature (C)
THM00048453,BANG NA AGROMET,13.667,100.617,6.0,2026-04-20,TMIN,297.0,2026-04,29.7,Min temperature (C)
TH000048325,MAE SARIANG,18.167,97.933,213.0,2026-04-20,TMAX,385.0,2026-04,38.5,Max temperature (C)
TH000048357,NAKHON PHANOM,17.417,104.783,148.0,2026-04-20,TAVG,306.0,2026-04,30.6,Average temperature (C)
TH000048432,SURIN,14.883,103.5,147.0,2026-04-22,TMIN,270.0,2026-04,27.0,Min temperature (C)
THM00048453,BANG NA AGROMET,13.667,100.617,6.0,2026-04-23,TAVG,318.0,2026-04,31.8,Average temperature (C)
TH000048351,UTTARADIT,17.617,100.1,64.0,2026-04-23,TMAX,390.0,2026-04,39.0,Max temperature (C)
TH000048462,ARANYAPRATHET,13.7,102.583,49.0,2026-04-23,TAVG,313.0,2026-04,31.3,Average temperature (C)
TH000048383,MUKDAHAN,16.533,104.717,139.0,2026-04-25,TMAX,306.0,2026-04,30.6,Max temperature (C)
TH000048432,SURIN,14.883,103.5,147.0,2026-04-25,TAVG,281.0,2026-04,28.1,Average temperature (C)
THM00048453,BANG NA AGROMET,13.667,100.617,6.0,2026-04-25,TMAX,360.0,2026-04,36.0,Max temperature (C)
TH000048462,ARANYAPRATHET,13.7,102.583,49.0,2026-04-27,TMIN,268.0,2026-04,26.8,Min temperature (C)
TH000048383,MUKDAHAN,16.533,104.717,139.0,2026-04-28,TMIN,240.0,2026-04,24.0,Min temperature (C)
TH000048383,MUKDAHAN,16.533,104.717,139.0,2026-04-28,TAVG,272.0,2026-04,27.2,Average temperature (C)
TH000048383,MUKDAHAN,16.533,104.717,139.0,2026-04-28,TMAX,320.0,2026-04,32.0,Max temperature (C)
TH000048455,BANGKOK METROPOLIS,13.733,100.567,4.0,2026-04-29,TMIN,298.0,2026-04,29.8,Min temperature (C)
TH000048450,KANCHANABURI,14.017,99.533,29.0,2026-04-29,TAVG,332.0,2026-04,33.2,Average temperature (C)
TH000048432,SURIN,14.883,103.5,147.0,2026-04-29,TMAX,346.0,2026-04,34.6,Max temperature (C)
TH000048564,PHUKET,7.883,98.4,3.0,2026-04-30,TMIN,275.0,2026-04,27.5,Min temperature (C)
TH000048462,ARANYAPRATHET,13.7,102.583,49.0,2026-04-30,TMIN,251.0,2026-04,25.1,Min temperature (C)
TH000048462,ARANYAPRATHET,13.7,102.583,49.0,2026-05-01,TMAX,353.0,2026-05,35.3,Max temperature (C)
TH000048383,MUKDAHAN,16.533,104.717,139.0,2026-05-01,TMAX,336.0,2026-05,33.6,Max temperature (C)
TH000048450,KANCHANABURI,14.017,99.533,29.0,2026-05-01,TAVG,304.0,2026-05,30.4,Average temperature (C)
TH000048462,ARANYAPRATHET,13.7,102.583,49.0,2026-05-02,TMAX,375.0,2026-05,37.5,Max temperature (C)
TH000048383,MUKDAHAN,16.533,104.717,139.0,2026-05-02,TAVG,307.0,2026-05,30.7,Average temperature (C)
TH000048432,SURIN,14.883,103.5,147.0,2026-05-02,TMIN,261.0,2026-05,26.1,Min temperature (C)
TH000048351,UTTARADIT,17.617,100.1,64.0,2026-05-02,TAVG,323.0,2026-05,32.3,Average temperature (C)
TH000048325,MAE SARIANG,18.167,97.933,213.0,2026-05-03,TMAX,389.0,2026-05,38.9,Max temperature (C)
TH000048426,LOP BURI,14.8,100.617,11.0,2026-05-03,TAVG,328.0,2026-05,32.8,Average temperature (C)
TH000048425,SUPHAN BURI,14.467,100.133,8.0,2026-05-04,TMIN,248.0,2026-05,24.8,Min temperature (C)
TH000048425,SUPHAN BURI,14.467,100.133,8.0,2026-05-04,TAVG,293.0,2026-05,29.3,Average temperature (C)
TH000048351,UTTARADIT,17.617,100.1,64.0,2026-05-05,TMIN,250.0,2026-05,25.0,Min temperature (C)
TH000048450,KANCHANABURI,14.017,99.533,29.0,2026-05-06,TMAX,390.0,2026-05,39.0,Max temperature (C)
TH000048383,MUKDAHAN,16.533,104.717,139.0,2026-05-07,TMIN,262.0,2026-05,26.2,Min temperature (C)
TH000048325,MAE SARIANG,18.167,97.933,213.0,2026-05-08,TMAX,350.0,2026-05,35.0,Max temperature (C)
TH000048425,SUPHAN BURI,14.467,100.133,8.0,2026-05-08,TMIN,256.0,2026-05,25.6,Min temperature (C)
TH000048425,SUPHAN BURI,14.467,100.133,8.0,2026-05-09,TAVG,297.0,2026-05,29.7,Average temperature (C)
TH000048432,SURIN,14.883,103.5,147.0,2026-05-09,TMIN,254.0,2026-05,25.4,Min temperature (C)
TH000048501,KHLONG YAI,11.767,102.883,4.0,2026-05-10,TAVG,278.0,2026-05,27.8,Average temperature (C)
TH000048564,PHUKET,7.883,98.4,3.0,2026-05-10,TMIN,270.0,2026-05,27.0,Min temperature (C)
TH000048432,SURIN,14.883,103.5,147.0,2026-05-10,TMIN,275.0,2026-05,27.5,Min temperature (C)
TH000048462,ARANYAPRATHET,13.7,102.583,49.0,2026-05-11,TMIN,265.0,2026-05,26.5,Min temperature (C)
TH000048501,KHLONG YAI,11.767,102.883,4.0,2026-05-12,TAVG,272.0,2026-05,27.2,Average temperature (C)
TH000048501,KHLONG YAI,11.767,102.883,4.0,2026-05-13,TMIN,251.0,2026-05,25.1,Min temperature (C)
TH000048425,SUPHAN BURI,14.467,100.133,8.0,2026-05-13,TMAX,346.0,2026-05,34.6,Max temperature (C)
TH000048455,BANGKOK METROPOLIS,13.733,100.567,4.0,2026-05-14,TMAX,358.0,2026-05,35.8,Max temperature (C)
TH000048357,NAKHON PHANOM,17.417,104.783,148.0,2026-05-15,TMIN,255.0,2026-05,25.5,Min temperature (C)
TH000048432,SURIN,14.883,103.5,147.0,2026-05-15,TAVG,300.0,2026-05,30.0,Average temperature (C)
TH000048564,PHUKET,7.883,98.4,3.0,2026-05-16,TMIN,253.0,2026-05,25.3,Min temperature (C)
TH000048383,MUKDAHAN,16.533,104.717,139.0,2026-05-16,TAVG,311.0,2026-05,31.1,Average temperature (C)
TH000048564,PHUKET,7.883,98.4,3.0,2026-05-17,TMIN,243.0,2026-05,24.3,Min temperature (C)
TH000048455,BANGKOK METROPOLIS,13.733,100.567,4.0,2026-05-19,TMIN,276.0,2026-05,27.6,Min temperature (C)
TH000048501,KHLONG YAI,11.767,102.883,4.0,2026-05-19,TAVG,289.0,2026-05,28.9,Average temperature (C)
TH000048426,LOP BURI,14.8,100.617,11.0,2026-01-01,TMIN,202.0,2026-01,20.2,Min temperature (C)
TH000048564,PHUKET,7.883,98.4,3.0,2026-01-01,TMAX,335.0,2026-01,33.5,Max temperature (C)
TH000048351,UTTARADIT,17.617,100.1,64.0,2026-01-01,TMAX,320.0,2026-01,32.0,Max temperature (C)
TH000048425,SUPHAN BURI,14.467,100.133,8.0,2026-01-02,TMAX,317.0,2026-01,31.7,Max temperature (C)
THM00048453,BANG NA AGROMET,13.667,100.617,6.0,2026-01-02,TMIN,229.0,2026-01,22.9,Min temperature (C)
THM00048453,BANG NA AGROMET,13.667,100.617,6.0,2026-01-04,TMIN,221.0,2026-01,22.1,Min temperature (C)
TH000048426,LOP BURI,14.8,100.617,11.0,2026-01-05,TMAX,317.0,2026-01,31.7,Max temperature (C)
TH000048462,ARANYAPRATHET,13.7,102.583,49.0,2026-01-05,TMIN,198.0,2026-01,19.8,Min temperature (C)
TH000048351,UTTARADIT,17.617,100.1,64.0,2026-01-06,TMIN,184.0,2026-01,18.4,Min temperature (C)
THM00048453,BANG NA AGROMET,13.667,100.617,6.0,2026-01-07,TAVG,250.0,2026-01,25.0,Average temperature (C)
TH000048357,NAKHON PHANOM,17.417,104.783,148.0,2026-01-07,TAVG,192.0,2026-01,19.2,Average temperature (C)
TH000048564,PHUKET,7.883,98.4,3.0,2026-01-08,TAVG,275.0,2026-01,27.5,Average temperature (C)
TH000048383,MUKDAHAN,16.533,104.717,139.0,2026-01-08,TAVG,189.0,2026-01,18.9,Average temperature (C)
TH000048357,NAKHON PHANOM,17.417,104.783,148.0,2026-01-08,TMIN,118.0,2026-01,11.8,Min temperature (C)
TH000048357,NAKHON PHANOM,17.417,104.783,148.0,2026-01-08,TMAX,238.0,2026-01,23.8,Max temperature (C)
TH000048501,KHLONG YAI,11.767,102.883,4.0,2026-01-08,TMIN,196.0,2026-01,19.6,Min temperature (C)
TH000048426,LOP BURI,14.8,100.617,11.0,2026-01-10,TMAX,282.0,2026-01,28.2,Max temperature (C)
TH000048425,SUPHAN BURI,14.467,100.133,8.0,2026-01-11,TMAX,275.0,2026-01,27.5,Max temperature (C)
TH000048501,KHLONG YAI,11.767,102.883,4.0,2026-01-11,TMAX,302.0,2026-01,30.2,Max temperature (C)
TH000048383,MUKDAHAN,16.533,104.717,139.0,2026-01-11,TMIN,152.0,2026-01,15.2,Min temperature (C)
TH000048351,UTTARADIT,17.617,100.1,64.0,2026-01-11,TMAX,280.0,2026-01,28.0,Max temperature (C)
TH000048351,UTTARADIT,17.617,100.1,64.0,2026-01-12,TMIN,138.0,2026-01,13.8,Min temperature (C)
TH000048325,MAE SARIANG,18.167,97.933,213.0,2026-01-12,TAVG,195.0,2026-01,19.5,Average temperature (C)
TH000048455,BANGKOK METROPOLIS,13.733,100.567,4.0,2026-01-13,TAVG,265.0,2026-01,26.5,Average temperature (C)
TH000048426,LOP BURI,14.8,100.617,11.0,2026-01-14,TMAX,315.0,2026-01,31.5,Max temperature (C)
TH000048325,MAE SARIANG,18.167,97.933,213.0,2026-01-14,TMIN,153.0,2026-01,15.3,Min temperature (C)
TH000048462,ARANYAPRATHET,13.7,102.583,49.0,2026-01-15,TAVG,275.0,2026-01,27.5,Average temperature (C)
TH000048357,NAKHON PHANOM,17.417,104.783,148.0,2026-01-15,TAVG,235.0,2026-01,23.5,Average temperature (C)
TH000048383,MUKDAHAN,16.533,104.717,139.0,2026-01-15,TMAX,310.0,2026-01,31.0,Max temperature (C)
TH000048450,KANCHANABURI,14.017,99.533,29.0,2026-01-17,TMAX,346.0,2026-01,34.6,Max temperature (C)
TH000048357,NAKHON PHANOM,17.417,104.783,148.0,2026-01-18,TMIN,190.0,2026-01,19.0,Min temperature (C)
TH000048432,SURIN,14.883,103.5,147.0,2026-01-18,TMAX,344.0,2026-01,34.4,Max temperature (C)
TH000048450,KANCHANABURI,14.017,99.533,29.0,2026-01-18,TMIN,215.0,2026-01,21.5,Min temperature (C)
TH000048325,MAE SARIANG,18.167,97.933,213.0,2026-01-18,TMAX,318.0,2026-01,31.8,Max temperature (C)
TH000048501,KHLONG YAI,11.767,102.883,4.0,2026-01-18,TAVG,266.0,2026-01,26.6,Average temperature (C)
TH000048450,KANCHANABURI,14.017,99.533,29.0,2026-01-20,TAVG,283.0,2026-01,28.3,Average temperature (C)
TH000048564,PHUKET,7.883,98.4,3.0,2026-01-20,TMIN,251.0,2026-01,25.1,Min temperature (C)
TH000048351,UTTARADIT,17.617,100.1,64.0,2026-01-21,TMIN,186.0,2026-01,18.6,Min temperature (C)
TH000048325,MAE SARIANG,18.167,97.933,213.0,2026-01-22,TMIN,135.0,2026-01,13.5,Min temperature (C)
TH000048357,NAKHON PHANOM,17.417,104.783,148.0,2026-01-22,TMIN,150.0,2026-01,15.0,Min temperature (C)
THM00048453,BANG NA AGROMET,13.667,100.617,6.0,2026-01-23,TMAX,324.0,2026-01,32.4,Max temperature (C)
THM00048453,BANG NA AGROMET,13.667,100.617,6.0,2026-01-23,TMIN,221.0,2026-01,22.1,Min temperature (C)
TH000048462,ARANYAPRATHET,13.7,102.583,49.0,2026-01-24,TAVG,248.0,2026-01,24.8,Average temperature (C)
TH000048432,SURIN,14.883,103.5,147.0,2026-01-24,TMIN,176.0,2026-01,17.6,Min temperature (C)
TH000048383,MUKDAHAN,16.533,104.717,139.0,2026-01-24,TMIN,172.0,2026-01,17.2,Min temperature (C)
TH000048383,MUKDAHAN,16.533,104.717,139.0,2026-01-25,TAVG,233.0,2026-01,23.3,Average temperature (C)
TH000048455,BANGKOK METROPOLIS,13.733,100.567,4.0,2026-01-26,TMIN,232.0,2026-01,23.2,Min temperature (C)
TH000048383,MUKDAHAN,16.533,104.717,139.0,2026-01-26,TAVG,234.0,2026-01,23.4,Average temperature (C)
TH000048501,KHLONG YAI,11.767,102.883,4.0,2026-01-27,TMAX,309.0,2026-01,30.9,Max temperature (C)
TH000048426,LOP BURI,14.8,100.617,11.0,2026-01-28,TMIN,194.0,2026-01,19.4,Min temperature (C)
TH000048432,SURIN,14.883,103.5,147.0,2026-01-28,TAVG,258.0,2026-01,25.8,Average temperature (C)
TH000048357,NAKHON PHANOM,17.417,104.783,148.0,2026-01-29,TAVG,237.0,2026-01,23.7,Average temperature (C)
TH000048455,BANGKOK METROPOLIS,13.733,100.567,4.0,2026-01-30,TMIN,250.0,2026-01,25.0,Min temperature (C)
TH000048351,UTTARADIT,17.617,100.1,64.0,2026-01-30,TMIN,185.0,2026-01,18.5,Min temperature (C)
THM00048453,BANG NA AGROMET,13.667,100.617,6.0,2026-01-31,TMIN,245.0,2026-01,24.5,Min temperature (C)
TH000048425,SUPHAN BURI,14.467,100.133,8.0,2026-02-01,TMAX,321.0,2026-02,32.1,Max temperature (C)
TH000048432,SURIN,14.883,103.5,147.0,2026-02-01,TMIN,195.0,2026-02,19.5,Min temperature (C)
TH000048450,KANCHANABURI,14.017,99.533,29.0,2026-02-01,TMIN,220.0,2026-02,22.0,Min temperature (C)
TH000048501,KHLONG YAI,11.767,102.883,4.0,2026-02-03,TAVG,267.0,2026-02,26.7,Average temperature (C)
TH000048501,KHLONG YAI,11.767,102.883,4.0,2026-02-03,TMAX,319.0,2026-02,31.9,Max temperature (C)
TH000048357,NAKHON PHANOM,17.417,104.783,148.0,2026-02-04,TMAX,316.0,2026-02,31.6,Max temperature (C)
TH000048357,NAKHON PHANOM,17.417,104.783,148.0,2026-02-06,TMAX,350.0,2026-02,35.0,Max temperature (C)
THM00048453,BANG NA AGROMET,13.667,100.617,6.0,2026-02-06,TMIN,251.0,2026-02,25.1,Min temperature (C)
TH000048462,ARANYAPRATHET,13.7,102.583,49.0,2026-02-07,TAVG,304.0,2026-02,30.4,Average temperature (C)
TH000048432,SURIN,14.883,103.5,147.0,2026-02-08,TMAX,325.0,2026-02,32.5,Max temperature (C)
TH000048455,BANGKOK METROPOLIS,13.733,100.567,4.0,2026-02-09,TMIN,241.0,2026-02,24.1,Min temperature (C)
TH000048357,NAKHON PHANOM,17.417,104.783,148.0,2026-02-09,TMAX,291.0,2026-02,29.1,Max temperature (C)
TH000048383,MUKDAHAN,16.533,104.717,139.0,2026-02-09,TMAX,313.0,2026-02,31.3,Max temperature (C)
TH000048325,MAE SARIANG,18.167,97.933,213.0,2026-02-09,TAVG,244.0,2026-02,24.4,Average temperature (C)
TH000048383,MUKDAHAN,16.533,104.717,139.0,2026-02-11,TMIN,195.0,2026-02,19.5,Min temperature (C)
TH000048564,PHUKET,7.883,98.4,3.0,2026-02-12,TAVG,304.0,2026-02,30.4,Average temperature (C)
TH000048325,MAE SARIANG,18.167,97.933,213.0,2026-02-12,TMAX,347.0,2026-02,34.7,Max temperature (C)
TH000048325,MAE SARIANG,18.167,97.933,213.0,2026-02-13,TAVG,241.0,2026-02,24.1,Average temperature (C)
TH000048432,SURIN,14.883,103.5,147.0,2026-02-13,TMAX,345.0,2026-02,34.5,Max temperature (C)
TH000048450,KANCHANABURI,14.017,99.533,29.0,2026-02-14,TMIN,240.0,2026-02,24.0,Min temperature (C)
TH000048351,UTTARADIT,17.617,100.1,64.0,2026-02-14,TMIN,212.0,2026-02,21.2,Min temperature (C)
TH000048455,BANGKOK METROPOLIS,13.733,100.567,4.0,2026-02-14,TMIN,271.0,2026-02,27.1,Min temperature (C)
TH000048357,NAKHON PHANOM,17.417,104.783,148.0,2026-02-15,TMIN,223.0,2026-02,22.3,Min temperature (C)
TH000048357,NAKHON PHANOM,17.417,104.783,148.0,2026-02-16,TMAX,314.0,2026-02,31.4,Max temperature (C)
TH000048357,NAKHON PHANOM,17.417,104.783,148.0,2026-02-17,TMAX,295.0,2026-02,29.5,Max temperature (C)
TH000048383,MUKDAHAN,16.533,104.717,139.0,2026-02-17,TAVG,272.0,2026-02,27.2,Average temperature (C)
TH000048432,SURIN,14.883,103.5,147.0,2026-02-17,TAVG,286.0,2026-02,28.6,Average temperature (C)
THM00048453,BANG NA AGROMET,13.667,100.617,6.0,2026-02-18,TMIN,272.0,2026-02,27.2,Min temperature (C)
TH000048432,SURIN,14.883,103.5,147.0,2026-02-18,TAVG,290.0,2026-02,29.0,Average temperature (C)
THM00048453,BANG NA AGROMET,13.667,100.617,6.0,2026-02-19,TAVG,298.0,2026-02,29.8,Average temperature (C)
TH000048383,MUKDAHAN,16.533,104.717,139.0,2026-02-19,TMIN,216.0,2026-02,21.6,Min temperature (C)
TH000048425,SUPHAN BURI,14.467,100.133,8.0,2026-02-19,TMAX,327.0,2026-02,32.7,Max temperature (C)
TH000048383,MUKDAHAN,16.533,104.717,139.0,2026-02-20,TAVG,259.0,2026-02,25.9,Average temperature (C)
TH000048425,SUPHAN BURI,14.467,100.133,8.0,2026-02-21,TMIN,253.0,2026-02,25.3,Min temperature (C)
TH000048432,SURIN,14.883,103.5,147.0,2026-02-23,TAVG,305.0,2026-02,30.5,Average temperature (C)
THM00048453,BANG NA AGROMET,13.667,100.617,6.0,2026-02-24,TMIN,269.0,2026-02,26.9,Min temperature (C)
TH000048432,SURIN,14.883,103.5,147.0,2026-02-24,TMAX,336.0,2026-02,33.6,Max temperature (C)
TH000048325,MAE SARIANG,18.167,97.933,213.0,2026-02-25,TMAX,257.0,2026-02,25.7,Max temperature (C)
TH000048564,PHUKET,7.883,98.4,3.0,2026-02-27,TMIN,257.0,2026-02,25.7,Min temperature (C)
THM00048453,BANG NA AGROMET,13.667,100.617,6.0,2026-02-27,TMAX,348.0,2026-02,34.8,Max temperature (C)
TH000048462,ARANYAPRATHET,13.7,102.583,49.0,2026-02-28,TAVG,302.0,2026-02,30.2,Average temperature (C)
TH000048432,SURIN,14.883,103.5,147.0,2026-02-28,TAVG,292.0,2026-02,29.2,Average temperature (C)
TH000048325,MAE SARIANG,18.167,97.933,213.0,2026-02-28,TMIN,151.0,2026-02,15.1,Min temperature (C)
TH000048357,NAKHON PHANOM,17.417,104.783,148.0,2026-02-28,TMIN,246.0,2026-02,24.6,Min temperature (C)
TH000048426,LOP BURI,14.8,100.617,11.0,2026-02-28,TMIN,261.0,2026-02,26.1,Min temperature (C)
TH000048462,ARANYAPRATHET,13.7,102.583,49.0,2026-03-01,TMIN,256.0,2026-03,25.6,Min temperature (C)
TH000048455,BANGKOK METROPOLIS,13.733,100.567,4.0,2026-03-01,TAVG,312.0,2026-03,31.2,Average temperature (C)
TH000048357,NAKHON PHANOM,17.417,104.783,148.0,2026-03-01,TMAX,326.0,2026-03,32.6,Max temperature (C)
TH000048501,KHLONG YAI,11.767,102.883,4.0,2026-03-01,TMAX,310.0,2026-03,31.0,Max temperature (C)
TH000048351,UTTARADIT,17.617,100.1,64.0,2026-03-02,TAVG,279.0,2026-03,27.9,Average temperature (C)
TH000048450,KANCHANABURI,14.017,99.533,29.0,2026-03-02,TAVG,314.0,2026-03,31.4,Average temperature (C)
TH000048455,BANGKOK METROPOLIS,13.733,100.567,4.0,2026-03-02,TMAX,352.0,2026-03,35.2,Max temperature (C)
TH000048450,KANCHANABURI,14.017,99.533,29.0,2026-03-03,TMAX,385.0,2026-03,38.5,Max temperature (C)
TH000048564,PHUKET,7.883,98.4,3.0,2026-03-03,TAVG,295.0,2026-03,29.5,Average temperature (C)
TH000048425,SUPHAN BURI,14.467,100.133,8.0,2026-03-04,TMIN,231.0,2026-03,23.1,Min temperature (C)
TH000048357,NAKHON PHANOM,17.417,104.783,148.0,2026-03-04,TMIN,210.0,2026-03,21.0,Min temperature (C)
TH000048501,KHLONG YAI,11.767,102.883,4.0,2026-03-04,TAVG,294.0,2026-03,29.4,Average temperature (C)
TH000048426,LOP BURI,14.8,100.617,11.0,2026-03-06,TAVG,280.0,2026-03,28.0,Average temperature (C)
TH000048450,KANCHANABURI,14.017,99.533,29.0,2026-03-06,TAVG,284.0,2026-03,28.4,Average temperature (C)
TH000048425,SUPHAN BURI,14.467,100.133,8.0,2026-03-08,TMIN,253.0,2026-03,25.3,Min temperature (C)
THM00048453,BANG NA AGROMET,13.667,100.617,6.0,2026-03-08,TAVG,309.0,2026-03,30.9,Average temperature (C)
TH000048462,ARANYAPRATHET,13.7,102.583,49.0,2026-03-08,TMIN,243.0,2026-03,24.3,Min temperature (C)
TH000048564,PHUKET,7.883,98.4,3.0,2026-03-08,TAVG,299.0,2026-03,29.9,Average temperature (C)
TH000048383,MUKDAHAN,16.533,104.717,139.0,2026-03-10,TMIN,186.0,2026-03,18.6,Min temperature (C)
TH000048432,SURIN,14.883,103.5,147.0,2026-03-10,TAVG,268.0,2026-03,26.8,Average temperature (C)
TH000048462,ARANYAPRATHET,13.7,102.583,49.0,2026-03-10,TAVG,294.0,2026-03,29.4,Average temperature (C)
TH000048426,LOP BURI,14.8,100.617,11.0,2026-03-12,TMIN,268.0,2026-03,26.8,Min temperature (C)
TH000048351,UTTARADIT,17.617,100.1,64.0,2026-03-12,TAVG,272.0,2026-03,27.2,Average temperature (C)
TH000048357,NAKHON PHANOM,17.417,104.783,148.0,2026-03-13,TMAX,290.0,2026-03,29.0,Max temperature (C)
TH000048325,MAE SARIANG,18.167,97.933,213.0,2026-03-14,TMIN,200.0,2026-03,20.0,Min temperature (C)
TH000048455,BANGKOK METROPOLIS,13.733,100.567,4.0,2026-03-15,TAVG,309.0,2026-03,30.9,Average temperature (C)
TH000048432,SURIN,14.883,103.5,147.0,2026-03-15,TAVG,266.0,2026-03,26.6,Average temperature (C)
TH000048383,MUKDAHAN,16.533,104.717,139.0,2026-03-15,TMAX,324.0,2026-03,32.4,Max temperature (C)
TH000048501,KHLONG YAI,11.767,102.883,4.0,2026-03-15,TAVG,276.0,2026-03,27.6,Average temperature (C)
TH000048383,MUKDAHAN,16.533,104.717,139.0,2026-03-16,TAVG,268.0,2026-03,26.8,Average temperature (C)
TH000048351,UTTARADIT,17.617,100.1,64.0,2026-03-16,TMAX,322.0,2026-03,32.2,Max temperature (C)
TH000048501,KHLONG YAI,11.767,102.883,4.0,2026-03-17,TMIN,242.0,2026-03,24.2,Min temperature (C)
TH000048432,SURIN,14.883,103.5,147.0,2026-03-17,TMAX,358.0,2026-03,35.8,Max temperature (C)
TH000048432,SURIN,14.883,103.5,147.0,2026-03-19,TAVG,311.0,2026-03,31.1,Average temperature (C)
TH000048455,BANGKOK METROPOLIS,13.733,100.567,4.0,2026-03-20,TAVG,300.0,2026-03,30.0,Average temperature (C)
TH000048501,KHLONG YAI,11.767,102.883,4.0,2026-03-21,TAVG,286.0,2026-03,28.6,Average temperature (C)
TH000048383,MUKDAHAN,16.533,104.717,139.0,2026-03-22,TMAX,352.0,2026-03,35.2,Max temperature (C)
TH000048455,BANGKOK METROPOLIS,13.733,100.567,4.0,2026-03-23,TMAX,350.0,2026-03,35.0,Max temperature (C)
TH000048426,LOP BURI,14.8,100.617,11.0,2026-03-23,TAVG,321.0,2026-03,32.1,Average temperature (C)
TH000048432,SURIN,14.883,103.5,147.0,2026-03-24,TAVG,315.0,2026-03,31.5,Average temperature (C)
TH000048426,LOP BURI,14.8,100.617,11.0,2026-03-25,TAVG,314.0,2026-03,31.4,Average temperature (C)
TH000048564,PHUKET,7.883,98.4,3.0,2026-04-02,TMAX,357.0,2026-04,35.7,Max temperature (C)
TH000048450,KANCHANABURI,14.017,99.533,29.0,2026-04-03,TAVG,323.0,2026-04,32.3,Average temperature (C)
TH000048351,UTTARADIT,17.617,100.1,64.0,2026-04-03,TMIN,251.0,2026-04,25.1,Min temperature (C)
TH000048501,KHLONG YAI,11.767,102.883,4.0,2026-04-03,TMAX,328.0,2026-04,32.8,Max temperature (C)
TH000048425,SUPHAN BURI,14.467,100.133,8.0,2026-04-03,TMAX,376.0,2026-04,37.6,Max temperature (C)
TH000048455,BANGKOK METROPOLIS,13.733,100.567,4.0,2026-04-04,TMIN,285.0,2026-04,28.5,Min temperature (C)
TH000048455,BANGKOK METROPOLIS,13.733,100.567,4.0,2026-04-05,TAVG,321.0,2026-04,32.1,Average temperature (C)
TH000048450,KANCHANABURI,14.017,99.533,29.0,2026-04-05,TMAX,410.0,2026-04,41.0,Max temperature (C)
TH000048462,ARANYAPRATHET,13.7,102.583,49.0,2026-04-06,TAVG,318.0,2026-04,31.8,Average temperature (C)
TH000048357,NAKHON PHANOM,17.417,104.783,148.0,2026-04-07,TMIN,276.0,2026-04,27.6,Min temperature (C)
TH000048351,UTTARADIT,17.617,100.1,64.0,2026-04-07,TMAX,390.0,2026-04,39.0,Max temperature (C)
TH000048325,MAE SARIANG,18.167,97.933,213.0,2026-04-08,TMIN,207.0,2026-04,20.7,Min temperature (C)
TH000048426,LOP BURI,14.8,100.617,11.0,2026-04-09,TMAX,380.0,2026-04,38.0,Max temperature (C)
THM00048453,BANG NA AGROMET,13.667,100.617,6.0,2026-04-09,TMAX,355.0,2026-04,35.5,Max temperature (C)
TH000048383,MUKDAHAN,16.533,104.717,139.0,2026-04-09,TMAX,405.0,2026-04,40.5,Max temperature (C)
TH000048426,LOP BURI,14.8,100.617,11.0,2026-04-09,TAVG,315.0,2026-04,31.5,Average temperature (C)
TH000048383,MUKDAHAN,16.533,104.717,139.0,2026-04-10,TMAX,399.0,2026-04,39.9,Max temperature (C)
TH000048432,SURIN,14.883,103.5,147.0,2026-04-10,TMAX,395.0,2026-04,39.5,Max temperature (C)
TH000048383,MUKDAHAN,16.533,104.717,139.0,2026-04-11,TAVG,340.0,2026-04,34.0,Average temperature (C)
TH000048462,ARANYAPRATHET,13.7,102.583,49.0,2026-04-12,TMIN,265.0,2026-04,26.5,Min temperature (C)
TH000048351,UTTARADIT,17.617,100.1,64.0,2026-04-12,TMAX,385.0,2026-04,38.5,Max temperature (C)
TH000048351,UTTARADIT,17.617,100.1,64.0,2026-04-14,TMAX,402.0,2026-04,40.2,Max temperature (C)
TH000048564,PHUKET,7.883,98.4,3.0,2026-04-14,TAVG,311.0,2026-04,31.1,Average temperature (C)
TH000048357,NAKHON PHANOM,17.417,104.783,148.0,2026-04-16,TAVG,333.0,2026-04,33.3,Average temperature (C)
TH000048432,SURIN,14.883,103.5,147.0,2026-04-18,TMIN,258.0,2026-04,25.8,Min temperature (C)
TH000048455,BANGKOK METROPOLIS,13.733,100.567,4.0,2026-04-19,TAVG,322.0,2026-04,32.2,Average temperature (C)
TH000048564,PHUKET,7.883,98.4,3.0,2026-04-21,TAVG,305.0,2026-04,30.5,Average temperature (C)
TH000048426,LOP BURI,14.8,100.617,11.0,2026-04-22,TMIN,279.0,2026-04,27.9,Min temperature (C)
TH000048432,SURIN,14.883,103.5,147.0,2026-04-22,TMAX,379.0,2026-04,37.9,Max temperature (C)
TH000048426,LOP BURI,14.8,100.617,11.0,2026-04-23,TMIN,283.0,2026-04,28.3,Min temperature (C)
TH000048450,KANCHANABURI,14.017,99.533,29.0,2026-04-24,TMIN,266.0,2026-04,26.6,Min temperature (C)
TH000048351,UTTARADIT,17.617,100.1,64.0,2026-04-24,TMAX,370.0,2026-04,37.0,Max temperature (C)
TH000048432,SURIN,14.883,103.5,147.0,2026-04-24,TMAX,374.0,2026-04,37.4,Max temperature (C)
TH000048351,UTTARADIT,17.617,100.1,64.0,2026-04-26,TMAX,360.0,2026-04,36.0,Max temperature (C)
TH000048426,LOP BURI,14.8,100.617,11.0,2026-04-26,TMIN,258.0,2026-04,25.8,Min temperature (C)
TH000048455,BANGKOK METROPOLIS,13.733,100.567,4.0,2026-04-27,TMAX,367.0,2026-04,36.7,Max temperature (C)
THM00048453,BANG NA AGROMET,13.667,100.617,6.0,2026-04-27,TMIN,292.0,2026-04,29.2,Min temperature (C)
THM00048453,BANG NA AGROMET,13.667,100.617,6.0,2026-04-27,TAVG,320.0,2026-04,32.0,Average temperature (C)
TH000048357,NAKHON PHANOM,17.417,104.783,148.0,2026-04-28,TAVG,283.0,2026-04,28.3,Average temperature (C)
TH000048455,BANGKOK METROPOLIS,13.733,100.567,4.0,2026-04-28,TMAX,366.0,2026-04,36.6,Max temperature (C)
TH000048351,UTTARADIT,17.617,100.1,64.0,2026-04-28,TAVG,326.0,2026-04,32.6,Average temperature (C)
TH000048564,PHUKET,7.883,98.4,3.0,2026-04-28,TMIN,271.0,2026-04,27.1,Min temperature (C)
TH000048450,KANCHANABURI,14.017,99.533,29.0,2026-04-29,TMIN,272.0,2026-04,27.2,Min temperature (C)
TH000048564,PHUKET,7.883,98.4,3.0,2026-04-30,TMAX,361.0,2026-04,36.1,Max temperature (C)
THM00048453,BANG NA AGROMET,13.667,100.617,6.0,2026-04-30,TMAX,365.0,2026-04,36.5,Max temperature (C)
TH000048450,KANCHANABURI,14.017,99.533,29.0,2026-05-01,TMAX,377.0,2026-05,37.7,Max temperature (C)
TH000048357,NAKHON PHANOM,17.417,104.783,148.0,2026-05-01,TMIN,240.0,2026-05,24.0,Min temperature (C)
TH000048455,BANGKOK METROPOLIS,13.733,100.567,4.0,2026-05-01,TAVG,310.0,2026-05,31.0,Average temperature (C)
TH000048501,KHLONG YAI,11.767,102.883,4.0,2026-05-03,TMIN,244.0,2026-05,24.4,Min temperature (C)
TH000048425,SUPHAN BURI,14.467,100.133,8.0,2026-05-03,TMAX,390.0,2026-05,39.0,Max temperature (C)
TH000048462,ARANYAPRATHET,13.7,102.583,49.0,2026-05-03,TMIN,253.0,2026-05,25.3,Min temperature (C)
TH000048501,KHLONG YAI,11.767,102.883,4.0,2026-05-03,TMAX,336.0,2026-05,33.6,Max temperature (C)
THM00048453,BANG NA AGROMET,13.667,100.617,6.0,2026-05-04,TMAX,372.0,2026-05,37.2,Max temperature (C)
TH000048564,PHUKET,7.883,98.4,3.0,2026-05-04,TMAX,338.0,2026-05,33.8,Max temperature (C)
TH000048351,UTTARADIT,17.617,100.1,64.0,2026-05-04,TMAX,395.0,2026-05,39.5,Max temperature (C)
TH000048325,MAE SARIANG,18.167,97.933,213.0,2026-05-05,TMAX,389.0,2026-05,38.9,Max temperature (C)
TH000048425,SUPHAN BURI,14.467,100.133,8.0,2026-05-06,TAVG,317.0,2026-05,31.7,Average temperature (C)
TH000048450,KANCHANABURI,14.017,99.533,29.0,2026-05-06,TAVG,327.0,2026-05,32.7,Average temperature (C)
THM00048453,BANG NA AGROMET,13.667,100.617,6.0,2026-05-06,TMAX,366.0,2026-05,36.6,Max temperature (C)
THM00048453,BANG NA AGROMET,13.667,100.617,6.0,2026-05-06,TMIN,291.0,2026-05,29.1,Min temperature (C)
TH000048383,MUKDAHAN,16.533,104.717,139.0,2026-05-07,TAVG,315.0,2026-05,31.5,Average temperature (C)
TH000048357,NAKHON PHANOM,17.417,104.783,148.0,2026-05-07,TMAX,375.0,2026-05,37.5,Max temperature (C)
TH000048426,LOP BURI,14.8,100.617,11.0,2026-05-08,TMIN,252.0,2026-05,25.2,Min temperature (C)
THM00048453,BANG NA AGROMET,13.667,100.617,6.0,2026-05-08,TMIN,270.0,2026-05,27.0,Min temperature (C)
TH000048383,MUKDAHAN,16.533,104.717,139.0,2026-05-08,TMAX,288.0,2026-05,28.8,Max temperature (C)
TH000048455,BANGKOK METROPOLIS,13.733,100.567,4.0,2026-05-08,TMIN,256.0,2026-05,25.6,Min temperature (C)
TH000048450,KANCHANABURI,14.017,99.533,29.0,2026-05-09,TMIN,239.0,2026-05,23.9,Min temperature (C)
TH000048501,KHLONG YAI,11.767,102.883,4.0,2026-05-09,TMAX,338.0,2026-05,33.8,Max temperature (C)
TH000048383,MUKDAHAN,16.533,104.717,139.0,2026-05-10,TMAX,364.0,2026-05,36.4,Max temperature (C)
TH000048455,BANGKOK METROPOLIS,13.733,100.567,4.0,2026-05-11,TMAX,362.0,2026-05,36.2,Max temperature (C)
TH000048426,LOP BURI,14.8,100.617,11.0,2026-05-11,TMAX,369.0,2026-05,36.9,Max temperature (C)
TH000048501,KHLONG YAI,11.767,102.883,4.0,2026-05-12,TMIN,246.0,2026-05,24.6,Min temperature (C)
THM00048453,BANG NA AGROMET,13.667,100.617,6.0,2026-05-12,TAVG,290.0,2026-05,29.0,Average temperature (C)
TH000048501,KHLONG YAI,11.767,102.883,4.0,2026-05-13,TMAX,317.0,2026-05,31.7,Max temperature (C)
TH000048450,KANCHANABURI,14.017,99.533,29.0,2026-05-13,TMIN,268.0,2026-05,26.8,Min temperature (C)
TH000048462,ARANYAPRATHET,13.7,102.583,49.0,2026-05-13,TAVG,277.0,2026-05,27.7,Average temperature (C)
TH000048462,ARANYAPRATHET,13.7,102.583,49.0,2026-05-13,TMIN,257.0,2026-05,25.7,Min temperature (C)
TH000048432,SURIN,14.883,103.5,147.0,2026-05-14,TMIN,266.0,2026-05,26.6,Min temperature (C)
TH000048351,UTTARADIT,17.617,100.1,64.0,2026-05-15,TMAX,344.0,2026-05,34.4,Max temperature (C)
TH000048462,ARANYAPRATHET,13.7,102.583,49.0,2026-05-15,TMAX,353.0,2026-05,35.3,Max temperature (C)
TH000048325,MAE SARIANG,18.167,97.933,213.0,2026-05-16,TMIN,251.0,2026-05,25.1,Min temperature (C)
TH000048501,KHLONG YAI,11.767,102.883,4.0,2026-05-17,TMIN,262.0,2026-05,26.2,Min temperature (C)
TH000048357,NAKHON PHANOM,17.417,104.783,148.0,2026-05-17,TAVG,293.0,2026-05,29.3,Average temperature (C)
TH000048351,UTTARADIT,17.617,100.1,64.0,2026-05-18,TMIN,265.0,2026-05,26.5,Min temperature (C)
TH000048325,MAE SARIANG,18.167,97.933,213.0,2026-05-20,TMAX,367.0,2026-05,36.7,Max temperature (C)
TH000048462,ARANYAPRATHET,13.7,102.583,49.0,2026-05-20,TMAX,310.0,2026-05,31.0,Max temperature (C)
TH000048455,BANGKOK METROPOLIS,13.733,100.567,4.0,2026-05-20,TAVG,286.0,2026-05,28.6,Average temperature (C)
TH000048357,NAKHON PHANOM,17.417,104.783,148.0,2026-05-20,TAVG,273.0,2026-05,27.3,Average temperature (C)
TH000048462,ARANYAPRATHET,13.7,102.583,49.0,2026-05-20,TMIN,264.0,2026-05,26.4,Min temperature (C)
TH000048462,ARANYAPRATHET,13.7,102.583,49.0,2026-05-21,TMAX,343.0,2026-05,34.3,Max temperature (C)
TH000048501,KHLONG YAI,11.767,102.883,4.0,2026-05-21,TMIN,261.0,2026-05,26.1,Min temperature (C)
TH000048450,KANCHANABURI,14.017,99.533,29.0,2026-05-21,TMIN,263.0,2026-05,26.3,Min temperature (C)
TH000048426,LOP BURI,14.8,100.617,11.0,2026-01-02,TMAX,323.0,2026-01,32.3,Max temperature (C)
TH000048351,UTTARADIT,17.617,100.1,64.0,2026-01-02,TMIN,185.0,2026-01,18.5,Min temperature (C)
TH000048383,MUKDAHAN,16.533,104.717,139.0,2026-01-02,TMIN,190.0,2026-01,19.0,Min temperature (C)
TH000048564,PHUKET,7.883,98.4,3.0,2026-01-02,TMIN,251.0,2026-01,25.1,Min temperature (C)
TH000048351,UTTARADIT,17.617,100.1,64.0,2026-01-03,TMAX,308.0,2026-01,30.8,Max temperature (C)
TH000048432,SURIN,14.883,103.5,147.0,2026-01-03,TAVG,238.0,2026-01,23.8,Average temperature (C)
TH000048462,ARANYAPRATHET,13.7,102.583,49.0,2026-01-04,TAVG,247.0,2026-01,24.7,Average temperature (C)
TH000048383,MUKDAHAN,16.533,104.717,139.0,2026-01-05,TMIN,178.0,2026-01,17.8,Min temperature (C)
TH000048564,PHUKET,7.883,98.4,3.0,2026-01-06,TMIN,253.0,2026-01,25.3,Min temperature (C)
TH000048564,PHUKET,7.883,98.4,3.0,2026-01-07,TMIN,252.0,2026-01,25.2,Min temperature (C)
TH000048351,UTTARADIT,17.617,100.1,64.0,2026-01-07,TMIN,161.0,2026-01,16.1,Min temperature (C)
TH000048450,KANCHANABURI,14.017,99.533,29.0,2026-01-07,TAVG,238.0,2026-01,23.8,Average temperature (C)
TH000048383,MUKDAHAN,16.533,104.717,139.0,2026-01-08,TMAX,246.0,2026-01,24.6,Max temperature (C)
TH000048426,LOP BURI,14.8,100.617,11.0,2026-01-08,TAVG,232.0,2026-01,23.2,Average temperature (C)
TH000048325,MAE SARIANG,18.167,97.933,213.0,2026-01-11,TMAX,302.0,2026-01,30.2,Max temperature (C)
TH000048357,NAKHON PHANOM,17.417,104.783,148.0,2026-01-11,TMAX,257.0,2026-01,25.7,Max temperature (C)
TH000048425,SUPHAN BURI,14.467,100.133,8.0,2026-01-12,TAVG,220.0,2026-01,22.0,Average temperature (C)
TH000048455,BANGKOK METROPOLIS,13.733,100.567,4.0,2026-01-13,TMIN,212.0,2026-01,21.2,Min temperature (C)
TH000048325,MAE SARIANG,18.167,97.933,213.0,2026-01-13,TMAX,310.0,2026-01,31.0,Max temperature (C)
TH000048450,KANCHANABURI,14.017,99.533,29.0,2026-01-13,TMIN,164.0,2026-01,16.4,Min temperature (C)
TH000048501,KHLONG YAI,11.767,102.883,4.0,2026-01-14,TMAX,301.0,2026-01,30.1,Max temperature (C)
TH000048432,SURIN,14.883,103.5,147.0,2026-01-15,TMAX,325.0,2026-01,32.5,Max temperature (C)
TH000048426,LOP BURI,14.8,100.617,11.0,2026-01-15,TMIN,208.0,2026-01,20.8,Min temperature (C)
TH000048357,NAKHON PHANOM,17.417,104.783,148.0,2026-01-15,TMIN,174.0,2026-01,17.4,Min temperature (C)
THM00048453,BANG NA AGROMET,13.667,100.617,6.0,2026-01-15,TMAX,332.0,2026-01,33.2,Max temperature (C)
TH000048383,MUKDAHAN,16.533,104.717,139.0,2026-01-16,TMAX,317.0,2026-01,31.7,Max temperature (C)
TH000048357,NAKHON PHANOM,17.417,104.783,148.0,2026-01-17,TMIN,184.0,2026-01,18.4,Min temperature (C)
THM00048453,BANG NA AGROMET,13.667,100.617,6.0,2026-01-17,TAVG,281.0,2026-01,28.1,Average temperature (C)
TH000048426,LOP BURI,14.8,100.617,11.0,2026-01-17,TMIN,217.0,2026-01,21.7,Min temperature (C)
TH000048455,BANGKOK METROPOLIS,13.733,100.567,4.0,2026-01-18,TMAX,338.0,2026-01,33.8,Max temperature (C)
TH000048564,PHUKET,7.883,98.4,3.0,2026-01-19,TAVG,283.0,2026-01,28.3,Average temperature (C)
TH000048455,BANGKOK METROPOLIS,13.733,100.567,4.0,2026-01-21,TMAX,328.0,2026-01,32.8,Max temperature (C)
TH000048383,MUKDAHAN,16.533,104.717,139.0,2026-01-24,TMAX,306.0,2026-01,30.6,Max temperature (C)
TH000048357,NAKHON PHANOM,17.417,104.783,148.0,2026-01-25,TMIN,157.0,2026-01,15.7,Min temperature (C)
TH000048325,MAE SARIANG,18.167,97.933,213.0,2026-01-25,TMAX,312.0,2026-01,31.2,Max temperature (C)
TH000048564,PHUKET,7.883,98.4,3.0,2026-01-26,TMAX,340.0,2026-01,34.0,Max temperature (C)
TH000048357,NAKHON PHANOM,17.417,104.783,148.0,2026-01-27,TMIN,175.0,2026-01,17.5,Min temperature (C)
TH000048564,PHUKET,7.883,98.4,3.0,2026-01-27,TMAX,337.0,2026-01,33.7,Max temperature (C)
TH000048564,PHUKET,7.883,98.4,3.0,2026-01-28,TAVG,293.0,2026-01,29.3,Average temperature (C)
TH000048564,PHUKET,7.883,98.4,3.0,2026-01-29,TMAX,340.0,2026-01,34.0,Max temperature (C)
TH000048425,SUPHAN BURI,14.467,100.133,8.0,2026-01-30,TMAX,329.0,2026-01,32.9,Max temperature (C)
TH000048432,SURIN,14.883,103.5,147.0,2026-01-30,TMAX,332.0,2026-01,33.2,Max temperature (C)
TH000048455,BANGKOK METROPOLIS,13.733,100.567,4.0,2026-01-31,TAVG,292.0,2026-01,29.2,Average temperature (C)
TH000048425,SUPHAN BURI,14.467,100.133,8.0,2026-02-01,TMIN,220.0,2026-02,22.0,Min temperature (C)
TH000048450,KANCHANABURI,14.017,99.533,29.0,2026-02-01,TAVG,276.0,2026-02,27.6,Average temperature (C)
TH000048357,NAKHON PHANOM,17.417,104.783,148.0,2026-02-01,TMAX,291.0,2026-02,29.1,Max temperature (C)
TH000048462,ARANYAPRATHET,13.7,102.583,49.0,2026-02-02,TAVG,267.0,2026-02,26.7,Average temperature (C)
THM00048453,BANG NA AGROMET,13.667,100.617,6.0,2026-02-02,TMAX,327.0,2026-02,32.7,Max temperature (C)
TH000048383,MUKDAHAN,16.533,104.717,139.0,2026-02-03,TMAX,306.0,2026-02,30.6,Max temperature (C)
TH000048425,SUPHAN BURI,14.467,100.133,8.0,2026-02-03,TMAX,313.0,2026-02,31.3,Max temperature (C)
TH000048426,LOP BURI,14.8,100.617,11.0,2026-02-04,TMIN,213.0,2026-02,21.3,Min temperature (C)
TH000048564,PHUKET,7.883,98.4,3.0,2026-02-04,TMAX,347.0,2026-02,34.7,Max temperature (C)
TH000048432,SURIN,14.883,103.5,147.0,2026-02-04,TMIN,204.0,2026-02,20.4,Min temperature (C)
TH000048426,LOP BURI,14.8,100.617,11.0,2026-02-04,TAVG,275.0,2026-02,27.5,Average temperature (C)
TH000048426,LOP BURI,14.8,100.617,11.0,2026-02-05,TMIN,215.0,2026-02,21.5,Min temperature (C)
TH000048357,NAKHON PHANOM,17.417,104.783,148.0,2026-02-05,TMIN,187.0,2026-02,18.7,Min temperature (C)
TH000048432,SURIN,14.883,103.5,147.0,2026-02-06,TMAX,357.0,2026-02,35.7,Max temperature (C)
TH000048325,MAE SARIANG,18.167,97.933,213.0,2026-02-06,TMIN,155.0,2026-02,15.5,Min temperature (C)
TH000048450,KANCHANABURI,14.017,99.533,29.0,2026-02-07,TAVG,296.0,2026-02,29.6,Average temperature (C)
TH000048450,KANCHANABURI,14.017,99.533,29.0,2026-02-07,TMIN,223.0,2026-02,22.3,Min temperature (C)
THM00048453,BANG NA AGROMET,13.667,100.617,6.0,2026-02-07,TAVG,291.0,2026-02,29.1,Average temperature (C)
TH000048450,KANCHANABURI,14.017,99.533,29.0,2026-02-08,TAVG,294.0,2026-02,29.4,Average temperature (C)
TH000048564,PHUKET,7.883,98.4,3.0,2026-02-08,TMAX,346.0,2026-02,34.6,Max temperature (C)
TH000048450,KANCHANABURI,14.017,99.533,29.0,2026-02-08,TMIN,231.0,2026-02,23.1,Min temperature (C)
TH000048357,NAKHON PHANOM,17.417,104.783,148.0,2026-02-09,TMIN,187.0,2026-02,18.7,Min temperature (C)
TH000048501,KHLONG YAI,11.767,102.883,4.0,2026-02-10,TAVG,270.0,2026-02,27.0,Average temperature (C)
TH000048501,KHLONG YAI,11.767,102.883,4.0,2026-02-11,TAVG,275.0,2026-02,27.5,Average temperature (C)
THM00048453,BANG NA AGROMET,13.667,100.617,6.0,2026-02-11,TMIN,262.0,2026-02,26.2,Min temperature (C)
TH000048325,MAE SARIANG,18.167,97.933,213.0,2026-02-12,TMIN,151.0,2026-02,15.1,Min temperature (C)
THM00048453,BANG NA AGROMET,13.667,100.617,6.0,2026-02-12,TMIN,253.0,2026-02,25.3,Min temperature (C)
TH000048351,UTTARADIT,17.617,100.1,64.0,2026-02-12,TMAX,345.0,2026-02,34.5,Max temperature (C)
TH000048432,SURIN,14.883,103.5,147.0,2026-02-12,TMAX,337.0,2026-02,33.7,Max temperature (C)
TH000048432,SURIN,14.883,103.5,147.0,2026-02-12,TAVG,288.0,2026-02,28.8,Average temperature (C)
TH000048383,MUKDAHAN,16.533,104.717,139.0,2026-02-12,TAVG,270.0,2026-02,27.0,Average temperature (C)
TH000048425,SUPHAN BURI,14.467,100.133,8.0,2026-02-13,TMAX,355.0,2026-02,35.5,Max temperature (C)
TH000048351,UTTARADIT,17.617,100.1,64.0,2026-02-13,TAVG,288.0,2026-02,28.8,Average temperature (C)
TH000048462,ARANYAPRATHET,13.7,102.583,49.0,2026-02-13,TAVG,301.0,2026-02,30.1,Average temperature (C)
TH000048351,UTTARADIT,17.617,100.1,64.0,2026-02-13,TMAX,347.0,2026-02,34.7,Max temperature (C)
TH000048425,SUPHAN BURI,14.467,100.133,8.0,2026-02-14,TMAX,345.0,2026-02,34.5,Max temperature (C)
TH000048501,KHLONG YAI,11.767,102.883,4.0,2026-02-14,TMAX,294.0,2026-02,29.4,Max temperature (C)
TH000048455,BANGKOK METROPOLIS,13.733,100.567,4.0,2026-02-15,TMIN,276.0,2026-02,27.6,Min temperature (C)
TH000048425,SUPHAN BURI,14.467,100.133,8.0,2026-02-16,TAVG,310.0,2026-02,31.0,Average temperature (C)
TH000048325,MAE SARIANG,18.167,97.933,213.0,2026-02-16,TMIN,146.0,2026-02,14.6,Min temperature (C)
TH000048425,SUPHAN BURI,14.467,100.133,8.0,2026-02-16,TMAX,358.0,2026-02,35.8,Max temperature (C)
TH000048425,SUPHAN BURI,14.467,100.133,8.0,2026-02-17,TAVG,304.0,2026-02,30.4,Average temperature (C)
TH000048357,NAKHON PHANOM,17.417,104.783,148.0,2026-02-17,TMIN,243.0,2026-02,24.3,Min temperature (C)
TH000048450,KANCHANABURI,14.017,99.533,29.0,2026-02-17,TAVG,303.0,2026-02,30.3,Average temperature (C)
TH000048455,BANGKOK METROPOLIS,13.733,100.567,4.0,2026-02-17,TMIN,279.0,2026-02,27.9,Min temperature (C)
TH000048357,NAKHON PHANOM,17.417,104.783,148.0,2026-02-18,TMAX,297.0,2026-02,29.7,Max temperature (C)
TH000048501,KHLONG YAI,11.767,102.883,4.0,2026-02-18,TMIN,244.0,2026-02,24.4,Min temperature (C)
TH000048432,SURIN,14.883,103.5,147.0,2026-02-18,TMIN,262.0,2026-02,26.2,Min temperature (C)
TH000048357,NAKHON PHANOM,17.417,104.783,148.0,2026-02-19,TMAX,300.0,2026-02,30.0,Max temperature (C)
TH000048432,SURIN,14.883,103.5,147.0,2026-02-19,TAVG,281.0,2026-02,28.1,Average temperature (C)
TH000048425,SUPHAN BURI,14.467,100.133,8.0,2026-02-20,TMAX,341.0,2026-02,34.1,Max temperature (C)
TH000048564,PHUKET,7.883,98.4,3.0,2026-02-21,TAVG,293.0,2026-02,29.3,Average temperature (C)
TH000048351,UTTARADIT,17.617,100.1,64.0,2026-02-21,TMIN,258.0,2026-02,25.8,Min temperature (C)
TH000048325,MAE SARIANG,18.167,97.933,213.0,2026-02-21,TAVG,234.0,2026-02,23.4,Average temperature (C)
TH000048425,SUPHAN BURI,14.467,100.133,8.0,2026-02-22,TMIN,250.0,2026-02,25.0,Min temperature (C)
TH000048462,ARANYAPRATHET,13.7,102.583,49.0,2026-02-22,TMAX,345.0,2026-02,34.5,Max temperature (C)
TH000048425,SUPHAN BURI,14.467,100.133,8.0,2026-02-24,TAVG,295.0,2026-02,29.5,Average temperature (C)
TH000048564,PHUKET,7.883,98.4,3.0,2026-02-24,TMIN,272.0,2026-02,27.2,Min temperature (C)
TH000048426,LOP BURI,14.8,100.617,11.0,2026-02-24,TMAX,327.0,2026-02,32.7,Max temperature (C)
TH000048357,NAKHON PHANOM,17.417,104.783,148.0,2026-02-25,TMAX,314.0,2026-02,31.4,Max temperature (C)
TH000048357,NAKHON PHANOM,17.417,104.783,148.0,2026-02-26,TMAX,312.0,2026-02,31.2,Max temperature (C)
TH000048425,SUPHAN BURI,14.467,100.133,8.0,2026-02-27,TMAX,350.0,2026-02,35.0,Max temperature (C)
TH000048462,ARANYAPRATHET,13.7,102.583,49.0,2026-02-27,TMIN,240.0,2026-02,24.0,Min temperature (C)
TH000048450,KANCHANABURI,14.017,99.533,29.0,2026-02-28,TAVG,317.0,2026-02,31.7,Average temperature (C)
THM00048453,BANG NA AGROMET,13.667,100.617,6.0,2026-02-28,TMAX,347.0,2026-02,34.7,Max temperature (C)
TH000048564,PHUKET,7.883,98.4,3.0,2026-03-03,TMIN,271.0,2026-03,27.1,Min temperature (C)
TH000048425,SUPHAN BURI,14.467,100.133,8.0,2026-03-03,TMIN,236.0,2026-03,23.6,Min temperature (C)
TH000048426,LOP BURI,14.8,100.617,11.0,2026-03-03,TAVG,295.0,2026-03,29.5,Average temperature (C)
TH000048325,MAE SARIANG,18.167,97.933,213.0,2026-03-04,TMIN,185.0,2026-03,18.5,Min temperature (C)
TH000048351,UTTARADIT,17.617,100.1,64.0,2026-03-04,TMIN,210.0,2026-03,21.0,Min temperature (C)
TH000048426,LOP BURI,14.8,100.617,11.0,2026-03-05,TMIN,266.0,2026-03,26.6,Min temperature (C)
TH000048462,ARANYAPRATHET,13.7,102.583,49.0,2026-03-05,TMIN,247.0,2026-03,24.7,Min temperature (C)
TH000048383,MUKDAHAN,16.533,104.717,139.0,2026-03-05,TAVG,238.0,2026-03,23.8,Average temperature (C)
TH000048564,PHUKET,7.883,98.4,3.0,2026-03-06,TMIN,254.0,2026-03,25.4,Min temperature (C)
TH000048455,BANGKOK METROPOLIS,13.733,100.567,4.0,2026-03-07,TAVG,306.0,2026-03,30.6,Average temperature (C)
TH000048564,PHUKET,7.883,98.4,3.0,2026-03-07,TMIN,265.0,2026-03,26.5,Min temperature (C)
TH000048325,MAE SARIANG,18.167,97.933,213.0,2026-03-07,TMIN,205.0,2026-03,20.5,Min temperature (C)
TH000048325,MAE SARIANG,18.167,97.933,213.0,2026-03-08,TAVG,258.0,2026-03,25.8,Average temperature (C)
TH000048432,SURIN,14.883,103.5,147.0,2026-03-08,TAVG,271.0,2026-03,27.1,Average temperature (C)
THM00048453,BANG NA AGROMET,13.667,100.617,6.0,2026-03-08,TMIN,267.0,2026-03,26.7,Min temperature (C)
TH000048462,ARANYAPRATHET,13.7,102.583,49.0,2026-03-08,TMAX,353.0,2026-03,35.3,Max temperature (C)
THM00048453,BANG NA AGROMET,13.667,100.617,6.0,2026-03-10,TAVG,308.0,2026-03,30.8,Average temperature (C)
TH000048383,MUKDAHAN,16.533,104.717,139.0,2026-03-11,TMIN,193.0,2026-03,19.3,Min temperature (C)
TH000048351,UTTARADIT,17.617,100.1,64.0,2026-03-11,TMAX,348.0,2026-03,34.8,Max temperature (C)
TH000048564,PHUKET,7.883,98.4,3.0,2026-03-12,TAVG,295.0,2026-03,29.5,Average temperature (C)
TH000048351,UTTARADIT,17.617,100.1,64.0,2026-03-13,TMAX,305.0,2026-03,30.5,Max temperature (C)
TH000048501,KHLONG YAI,11.767,102.883,4.0,2026-03-13,TMIN,224.0,2026-03,22.4,Min temperature (C)
TH000048425,SUPHAN BURI,14.467,100.133,8.0,2026-03-13,TMIN,252.0,2026-03,25.2,Min temperature (C)
TH000048351,UTTARADIT,17.617,100.1,64.0,2026-03-13,TMIN,230.0,2026-03,23.0,Min temperature (C)
TH000048564,PHUKET,7.883,98.4,3.0,2026-03-14,TMAX,350.0,2026-03,35.0,Max temperature (C)
THM00048453,BANG NA AGROMET,13.667,100.617,6.0,2026-03-16,TMIN,247.0,2026-03,24.7,Min temperature (C)
TH000048450,KANCHANABURI,14.017,99.533,29.0,2026-03-16,TAVG,302.0,2026-03,30.2,Average temperature (C)
TH000048450,KANCHANABURI,14.017,99.533,29.0,2026-03-16,TMAX,331.0,2026-03,33.1,Max temperature (C)
TH000048357,NAKHON PHANOM,17.417,104.783,148.0,2026-03-16,TMAX,305.0,2026-03,30.5,Max temperature (C)
TH000048383,MUKDAHAN,16.533,104.717,139.0,2026-03-17,TMAX,337.0,2026-03,33.7,Max temperature (C)
TH000048462,ARANYAPRATHET,13.7,102.583,49.0,2026-03-18,TMIN,248.0,2026-03,24.8,Min temperature (C)
TH000048462,ARANYAPRATHET,13.7,102.583,49.0,2026-03-18,TMAX,356.0,2026-03,35.6,Max temperature (C)
TH000048425,SUPHAN BURI,14.467,100.133,8.0,2026-03-18,TMIN,246.0,2026-03,24.6,Min temperature (C)
TH000048450,KANCHANABURI,14.017,99.533,29.0,2026-03-19,TMIN,254.0,2026-03,25.4,Min temperature (C)
TH000048462,ARANYAPRATHET,13.7,102.583,49.0,2026-03-20,TMAX,327.0,2026-03,32.7,Max temperature (C)
TH000048450,KANCHANABURI,14.017,99.533,29.0,2026-03-21,TMAX,367.0,2026-03,36.7,Max temperature (C)
THM00048453,BANG NA AGROMET,13.667,100.617,6.0,2026-03-22,TMIN,280.0,2026-03,28.0,Min temperature (C)
TH000048462,ARANYAPRATHET,13.7,102.583,49.0,2026-03-22,TMIN,247.0,2026-03,24.7,Min temperature (C)
TH000048426,LOP BURI,14.8,100.617,11.0,2026-03-22,TAVG,313.0,2026-03,31.3,Average temperature (C)
TH000048425,SUPHAN BURI,14.467,100.133,8.0,2026-03-24,TMIN,261.0,2026-03,26.1,Min temperature (C)
TH000048357,NAKHON PHANOM,17.417,104.783,148.0,2026-03-25,TMIN,270.0,2026-03,27.0,Min temperature (C)
TH000048351,UTTARADIT,17.617,100.1,64.0,2026-03-25,TMAX,375.0,2026-03,37.5,Max temperature (C)
TH000048564,PHUKET,7.883,98.4,3.0,2026-04-02,TMIN,257.0,2026-04,25.7,Min temperature (C)
TH000048462,ARANYAPRATHET,13.7,102.583,49.0,2026-04-03,TAVG,317.0,2026-04,31.7,Average temperature (C)
TH000048325,MAE SARIANG,18.167,97.933,213.0,2026-04-05,TMAX,390.0,2026-04,39.0,Max temperature (C)
TH000048383,MUKDAHAN,16.533,104.717,139.0,2026-04-05,TMIN,285.0,2026-04,28.5,Min temperature (C)
TH000048450,KANCHANABURI,14.017,99.533,29.0,2026-04-05,TMIN,268.0,2026-04,26.8,Min temperature (C)
TH000048501,KHLONG YAI,11.767,102.883,4.0,2026-04-06,TMIN,252.0,2026-04,25.2,Min temperature (C)
TH000048357,NAKHON PHANOM,17.417,104.783,148.0,2026-04-07,TMAX,401.0,2026-04,40.1,Max temperature (C)
TH000048432,SURIN,14.883,103.5,147.0,2026-04-09,TMIN,271.0,2026-04,27.1,Min temperature (C)
TH000048426,LOP BURI,14.8,100.617,11.0,2026-04-10,TAVG,318.0,2026-04,31.8,Average temperature (C)
THM00048453,BANG NA AGROMET,13.667,100.617,6.0,2026-04-11,TAVG,320.0,2026-04,32.0,Average temperature (C)
TH000048501,KHLONG YAI,11.767,102.883,4.0,2026-04-12,TMIN,230.0,2026-04,23.0,Min temperature (C)
TH000048564,PHUKET,7.883,98.4,3.0,2026-04-12,TMAX,360.0,2026-04,36.0,Max temperature (C)
TH000048426,LOP BURI,14.8,100.617,11.0,2026-04-13,TAVG,321.0,2026-04,32.1,Average temperature (C)
TH000048383,MUKDAHAN,16.533,104.717,139.0,2026-04-13,TAVG,339.0,2026-04,33.9,Average temperature (C)
TH000048564,PHUKET,7.883,98.4,3.0,2026-04-14,TMAX,362.0,2026-04,36.2,Max temperature (C)
TH000048426,LOP BURI,14.8,100.617,11.0,2026-04-14,TMAX,396.0,2026-04,39.6,Max temperature (C)
TH000048357,NAKHON PHANOM,17.417,104.783,148.0,2026-04-14,TAVG,340.0,2026-04,34.0,Average temperature (C)
TH000048325,MAE SARIANG,18.167,97.933,213.0,2026-04-15,TMAX,397.0,2026-04,39.7,Max temperature (C)
TH000048564,PHUKET,7.883,98.4,3.0,2026-04-15,TAVG,304.0,2026-04,30.4,Average temperature (C)
TH000048450,KANCHANABURI,14.017,99.533,29.0,2026-04-15,TMIN,276.0,2026-04,27.6,Min temperature (C)
TH000048462,ARANYAPRATHET,13.7,102.583,49.0,2026-04-16,TAVG,334.0,2026-04,33.4,Average temperature (C)
TH000048564,PHUKET,7.883,98.4,3.0,2026-04-18,TAVG,295.0,2026-04,29.5,Average temperature (C)
TH000048425,SUPHAN BURI,14.467,100.133,8.0,2026-04-19,TMAX,389.0,2026-04,38.9,Max temperature (C)
TH000048564,PHUKET,7.883,98.4,3.0,2026-04-19,TMIN,259.0,2026-04,25.9,Min temperature (C)
TH000048426,LOP BURI,14.8,100.617,11.0,2026-04-20,TMAX,387.0,2026-04,38.7,Max temperature (C)
TH000048450,KANCHANABURI,14.017,99.533,29.0,2026-04-20,TMIN,263.0,2026-04,26.3,Min temperature (C)
TH000048325,MAE SARIANG,18.167,97.933,213.0,2026-04-20,TAVG,311.0,2026-04,31.1,Average temperature (C)
TH000048501,KHLONG YAI,11.767,102.883,4.0,2026-04-21,TMIN,258.0,2026-04,25.8,Min temperature (C)
TH000048351,UTTARADIT,17.617,100.1,64.0,2026-04-21,TMIN,280.0,2026-04,28.0,Min temperature (C)
TH000048564,PHUKET,7.883,98.4,3.0,2026-04-23,TAVG,305.0,2026-04,30.5,Average temperature (C)
TH000048564,PHUKET,7.883,98.4,3.0,2026-04-24,TAVG,310.0,2026-04,31.0,Average temperature (C)
THM00048453,BANG NA AGROMET,13.667,100.617,6.0,2026-04-24,TMIN,293.0,2026-04,29.3,Min temperature (C)
TH000048325,MAE SARIANG,18.167,97.933,213.0,2026-04-24,TMAX,405.0,2026-04,40.5,Max temperature (C)
TH000048455,BANGKOK METROPOLIS,13.733,100.567,4.0,2026-04-26,TMIN,293.0,2026-04,29.3,Min temperature (C)
TH000048357,NAKHON PHANOM,17.417,104.783,148.0,2026-04-26,TMAX,348.0,2026-04,34.8,Max temperature (C)
TH000048501,KHLONG YAI,11.767,102.883,4.0,2026-04-26,TMIN,253.0,2026-04,25.3,Min temperature (C)
TH000048501,KHLONG YAI,11.767,102.883,4.0,2026-04-27,TAVG,290.0,2026-04,29.0,Average temperature (C)
THM00048453,BANG NA AGROMET,13.667,100.617,6.0,2026-04-27,TMAX,362.0,2026-04,36.2,Max temperature (C)
TH000048455,BANGKOK METROPOLIS,13.733,100.567,4.0,2026-04-28,TMIN,299.0,2026-04,29.9,Min temperature (C)
TH000048357,NAKHON PHANOM,17.417,104.783,148.0,2026-04-28,TMAX,334.0,2026-04,33.4,Max temperature (C)
THM00048453,BANG NA AGROMET,13.667,100.617,6.0,2026-04-30,TMIN,267.0,2026-04,26.7,Min temperature (C)
THM00048453,BANG NA AGROMET,13.667,100.617,6.0,2026-05-01,TAVG,321.0,2026-05,32.1,Average temperature (C)
TH000048383,MUKDAHAN,16.533,104.717,139.0,2026-05-02,TMIN,263.0,2026-05,26.3,Min temperature (C)
THM00048453,BANG NA AGROMET,13.667,100.617,6.0,2026-05-02,TMAX,360.0,2026-05,36.0,Max temperature (C)
TH000048325,MAE SARIANG,18.167,97.933,213.0,2026-05-03,TMIN,230.0,2026-05,23.0,Min temperature (C)
TH000048357,NAKHON PHANOM,17.417,104.783,148.0,2026-05-04,TAVG,294.0,2026-05,29.4,Average temperature (C)
TH000048325,MAE SARIANG,18.167,97.933,213.0,2026-05-04,TMIN,237.0,2026-05,23.7,Min temperature (C)
TH000048564,PHUKET,7.883,98.4,3.0,2026-05-05,TAVG,295.0,2026-05,29.5,Average temperature (C)
TH000048383,MUKDAHAN,16.533,104.717,139.0,2026-05-05,TMIN,250.0,2026-05,25.0,Min temperature (C)
THM00048453,BANG NA AGROMET,13.667,100.617,6.0,2026-05-05,TMIN,250.0,2026-05,25.0,Min temperature (C)
TH000048501,KHLONG YAI,11.767,102.883,4.0,2026-05-06,TMIN,257.0,2026-05,25.7,Min temperature (C)
TH000048426,LOP BURI,14.8,100.617,11.0,2026-05-07,TMAX,379.0,2026-05,37.9,Max temperature (C)
TH000048462,ARANYAPRATHET,13.7,102.583,49.0,2026-05-07,TMIN,248.0,2026-05,24.8,Min temperature (C)
TH000048564,PHUKET,7.883,98.4,3.0,2026-05-07,TAVG,298.0,2026-05,29.8,Average temperature (C)
TH000048425,SUPHAN BURI,14.467,100.133,8.0,2026-05-07,TMAX,372.0,2026-05,37.2,Max temperature (C)
THM00048453,BANG NA AGROMET,13.667,100.617,6.0,2026-05-08,TAVG,303.0,2026-05,30.3,Average temperature (C)
TH000048450,KANCHANABURI,14.017,99.533,29.0,2026-05-08,TMAX,390.0,2026-05,39.0,Max temperature (C)
TH000048425,SUPHAN BURI,14.467,100.133,8.0,2026-05-09,TMAX,347.0,2026-05,34.7,Max temperature (C)
TH000048455,BANGKOK METROPOLIS,13.733,100.567,4.0,2026-05-10,TMAX,354.0,2026-05,35.4,Max temperature (C)
TH000048383,MUKDAHAN,16.533,104.717,139.0,2026-05-10,TAVG,310.0,2026-05,31.0,Average temperature (C)
TH000048432,SURIN,14.883,103.5,147.0,2026-05-10,TAVG,317.0,2026-05,31.7,Average temperature (C)
TH000048383,MUKDAHAN,16.533,104.717,139.0,2026-05-11,TMIN,273.0,2026-05,27.3,Min temperature (C)
TH000048426,LOP BURI,14.8,100.617,11.0,2026-05-11,TMIN,261.0,2026-05,26.1,Min temperature (C)
TH000048383,MUKDAHAN,16.533,104.717,139.0,2026-05-11,TAVG,314.0,2026-05,31.4,Average temperature (C)
TH000048432,SURIN,14.883,103.5,147.0,2026-05-12,TAVG,284.0,2026-05,28.4,Average temperature (C)
TH000048450,KANCHANABURI,14.017,99.533,29.0,2026-05-12,TMIN,260.0,2026-05,26.0,Min temperature (C)
TH000048455,BANGKOK METROPOLIS,13.733,100.567,4.0,2026-05-12,TAVG,293.0,2026-05,29.3,Average temperature (C)
TH000048325,MAE SARIANG,18.167,97.933,213.0,2026-05-13,TMIN,236.0,2026-05,23.6,Min temperature (C)
TH000048357,NAKHON PHANOM,17.417,104.783,148.0,2026-05-13,TMIN,254.0,2026-05,25.4,Min temperature (C)
THM00048453,BANG NA AGROMET,13.667,100.617,6.0,2026-05-13,TMIN,260.0,2026-05,26.0,Min temperature (C)
TH000048450,KANCHANABURI,14.017,99.533,29.0,2026-05-13,TAVG,307.0,2026-05,30.7,Average temperature (C)
TH000048501,KHLONG YAI,11.767,102.883,4.0,2026-05-14,TAVG,291.0,2026-05,29.1,Average temperature (C)
TH000048450,KANCHANABURI,14.017,99.533,29.0,2026-05-15,TAVG,299.0,2026-05,29.9,Average temperature (C)
THM00048453,BANG NA AGROMET,13.667,100.617,6.0,2026-05-17,TMAX,353.0,2026-05,35.3,Max temperature (C)
TH000048425,SUPHAN BURI,14.467,100.133,8.0,2026-05-18,TAVG,285.0,2026-05,28.5,Average temperature (C)
TH000048425,SUPHAN BURI,14.467,100.133,8.0,2026-05-18,TMIN,261.0,2026-05,26.1,Min temperature (C)
TH000048383,MUKDAHAN,16.533,104.717,139.0,2026-05-19,TAVG,273.0,2026-05,27.3,Average temperature (C)
TH000048325,MAE SARIANG,18.167,97.933,213.0,2026-05-19,TMIN,227.0,2026-05,22.7,Min temperature (C)
TH000048455,BANGKOK METROPOLIS,13.733,100.567,4.0,2026-05-20,TMIN,243.0,2026-05,24.3,Min temperature (C)
TH000048325,MAE SARIANG,18.167,97.933,213.0,2026-05-20,TMIN,246.0,2026-05,24.6,Min temperature (C)
TH000048325,MAE SARIANG,18.167,97.933,213.0,2026-05-21,TMAX,370.0,2026-05,37.0,Max temperature (C)
TH000048351,UTTARADIT,17.617,100.1,64.0,2026-01-01,TMIN,190.0,2026-01,19.0,Min temperature (C)
TH000048501,KHLONG YAI,11.767,102.883,4.0,2026-01-01,TMIN,213.0,2026-01,21.3,Min temperature (C)
TH000048455,BANGKOK METROPOLIS,13.733,100.567,4.0,2026-01-01,TAVG,282.0,2026-01,28.2,Average temperature (C)
TH000048383,MUKDAHAN,16.533,104.717,139.0,2026-01-02,TMAX,282.0,2026-01,28.2,Max temperature (C)
TH000048450,KANCHANABURI,14.017,99.533,29.0,2026-01-02,TMAX,329.0,2026-01,32.9,Max temperature (C)
TH000048432,SURIN,14.883,103.5,147.0,2026-01-02,TMIN,177.0,2026-01,17.7,Min temperature (C)
TH000048351,UTTARADIT,17.617,100.1,64.0,2026-01-02,TMAX,307.0,2026-01,30.7,Max temperature (C)
TH000048450,KANCHANABURI,14.017,99.533,29.0,2026-01-02,TAVG,252.0,2026-01,25.2,Average temperature (C)
TH000048325,MAE SARIANG,18.167,97.933,213.0,2026-01-03,TMAX,305.0,2026-01,30.5,Max temperature (C)
TH000048425,SUPHAN BURI,14.467,100.133,8.0,2026-01-03,TMAX,300.0,2026-01,30.0,Max temperature (C)
TH000048426,LOP BURI,14.8,100.617,11.0,2026-01-03,TMIN,201.0,2026-01,20.1,Min temperature (C)
TH000048462,ARANYAPRATHET,13.7,102.583,49.0,2026-01-03,TMIN,195.0,2026-01,19.5,Min temperature (C)
TH000048462,ARANYAPRATHET,13.7,102.583,49.0,2026-01-03,TAVG,247.0,2026-01,24.7,Average temperature (C)
TH000048351,UTTARADIT,17.617,100.1,64.0,2026-01-03,TAVG,238.0,2026-01,23.8,Average temperature (C)
TH000048351,UTTARADIT,17.617,100.1,64.0,2026-01-04,TAVG,236.0,2026-01,23.6,Average temperature (C)
TH000048450,KANCHANABURI,14.017,99.533,29.0,2026-01-05,TMAX,320.0,2026-01,32.0,Max temperature (C)
THM00048453,BANG NA AGROMET,13.667,100.617,6.0,2026-01-05,TMIN,220.0,2026-01,22.0,Min temperature (C)
TH000048426,LOP BURI,14.8,100.617,11.0,2026-01-06,TMIN,224.0,2026-01,22.4,Min temperature (C)
TH000048501,KHLONG YAI,11.767,102.883,4.0,2026-01-06,TMIN,262.0,2026-01,26.2,Min temperature (C)
TH000048432,SURIN,14.883,103.5,147.0,2026-01-06,TMAX,300.0,2026-01,30.0,Max temperature (C)
TH000048425,SUPHAN BURI,14.467,100.133,8.0,2026-01-06,TAVG,259.0,2026-01,25.9,Average temperature (C)
TH000048462,ARANYAPRATHET,13.7,102.583,49.0,2026-01-06,TAVG,257.0,2026-01,25.7,Average temperature (C)
TH000048455,BANGKOK METROPOLIS,13.733,100.567,4.0,2026-01-07,TMIN,218.0,2026-01,21.8,Min temperature (C)
TH000048432,SURIN,14.883,103.5,147.0,2026-01-08,TAVG,203.0,2026-01,20.3,Average temperature (C)
TH000048432,SURIN,14.883,103.5,147.0,2026-01-09,TAVG,194.0,2026-01,19.4,Average temperature (C)
TH000048425,SUPHAN BURI,14.467,100.133,8.0,2026-01-11,TMIN,161.0,2026-01,16.1,Min temperature (C)
TH000048462,ARANYAPRATHET,13.7,102.583,49.0,2026-01-11,TMIN,168.0,2026-01,16.8,Min temperature (C)
TH000048450,KANCHANABURI,14.017,99.533,29.0,2026-01-12,TMAX,304.0,2026-01,30.4,Max temperature (C)
TH000048501,KHLONG YAI,11.767,102.883,4.0,2026-01-14,TAVG,255.0,2026-01,25.5,Average temperature (C)
TH000048425,SUPHAN BURI,14.467,100.133,8.0,2026-01-16,TMAX,330.0,2026-01,33.0,Max temperature (C)
TH000048383,MUKDAHAN,16.533,104.717,139.0,2026-01-17,TMIN,192.0,2026-01,19.2,Min temperature (C)
TH000048455,BANGKOK METROPOLIS,13.733,100.567,4.0,2026-01-17,TAVG,282.0,2026-01,28.2,Average temperature (C)
TH000048501,KHLONG YAI,11.767,102.883,4.0,2026-01-19,TAVG,256.0,2026-01,25.6,Average temperature (C)
TH000048432,SURIN,14.883,103.5,147.0,2026-01-20,TMIN,201.0,2026-01,20.1,Min temperature (C)
TH000048383,MUKDAHAN,16.533,104.717,139.0,2026-01-20,TAVG,262.0,2026-01,26.2,Average temperature (C)
TH000048432,SURIN,14.883,103.5,147.0,2026-01-21,TAVG,251.0,2026-01,25.1,Average temperature (C)
TH000048501,KHLONG YAI,11.767,102.883,4.0,2026-01-21,TMIN,197.0,2026-01,19.7,Min temperature (C)
TH000048383,MUKDAHAN,16.533,104.717,139.0,2026-01-22,TMAX,288.0,2026-01,28.8,Max temperature (C)
TH000048432,SURIN,14.883,103.5,147.0,2026-01-22,TMIN,177.0,2026-01,17.7,Min temperature (C)
TH000048383,MUKDAHAN,16.533,104.717,139.0,2026-01-23,TAVG,211.0,2026-01,21.1,Average temperature (C)
TH000048455,BANGKOK METROPOLIS,13.733,100.567,4.0,2026-01-23,TMIN,231.0,2026-01,23.1,Min temperature (C)
TH000048462,ARANYAPRATHET,13.7,102.583,49.0,2026-01-23,TMAX,311.0,2026-01,31.1,Max temperature (C)
TH000048432,SURIN,14.883,103.5,147.0,2026-01-23,TMIN,175.0,2026-01,17.5,Min temperature (C)
TH000048450,KANCHANABURI,14.017,99.533,29.0,2026-01-23,TAVG,255.0,2026-01,25.5,Average temperature (C)
TH000048426,LOP BURI,14.8,100.617,11.0,2026-01-24,TMAX,319.0,2026-01,31.9,Max temperature (C)
TH000048426,LOP BURI,14.8,100.617,11.0,2026-01-25,TMAX,327.0,2026-01,32.7,Max temperature (C)
TH000048426,LOP BURI,14.8,100.617,11.0,2026-01-25,TMIN,185.0,2026-01,18.5,Min temperature (C)
TH000048450,KANCHANABURI,14.017,99.533,29.0,2026-01-25,TAVG,250.0,2026-01,25.0,Average temperature (C)
TH000048426,LOP BURI,14.8,100.617,11.0,2026-01-26,TMIN,192.0,2026-01,19.2,Min temperature (C)
TH000048351,UTTARADIT,17.617,100.1,64.0,2026-01-26,TMIN,170.0,2026-01,17.0,Min temperature (C)
TH000048325,MAE SARIANG,18.167,97.933,213.0,2026-01-27,TMIN,152.0,2026-01,15.2,Min temperature (C)
TH000048351,UTTARADIT,17.617,100.1,64.0,2026-01-28,TMIN,191.0,2026-01,19.1,Min temperature (C)
TH000048425,SUPHAN BURI,14.467,100.133,8.0,2026-01-29,TAVG,260.0,2026-01,26.0,Average temperature (C)
TH000048455,BANGKOK METROPOLIS,13.733,100.567,4.0,2026-01-29,TMIN,243.0,2026-01,24.3,Min temperature (C)
TH000048462,ARANYAPRATHET,13.7,102.583,49.0,2026-01-30,TAVG,279.0,2026-01,27.9,Average temperature (C)
TH000048462,ARANYAPRATHET,13.7,102.583,49.0,2026-01-31,TMAX,353.0,2026-01,35.3,Max temperature (C)
TH000048501,KHLONG YAI,11.767,102.883,4.0,2026-01-31,TAVG,268.0,2026-01,26.8,Average temperature (C)
TH000048426,LOP BURI,14.8,100.617,11.0,2026-01-31,TMAX,344.0,2026-01,34.4,Max temperature (C)
TH000048426,LOP BURI,14.8,100.617,11.0,2026-01-31,TAVG,275.0,2026-01,27.5,Average temperature (C)
THM00048453,BANG NA AGROMET,13.667,100.617,6.0,2026-02-01,TMIN,249.0,2026-02,24.9,Min temperature (C)
TH000048455,BANGKOK METROPOLIS,13.733,100.567,4.0,2026-02-02,TMIN,244.0,2026-02,24.4,Min temperature (C)
TH000048357,NAKHON PHANOM,17.417,104.783,148.0,2026-02-03,TAVG,229.0,2026-02,22.9,Average temperature (C)
TH000048455,BANGKOK METROPOLIS,13.733,100.567,4.0,2026-02-03,TMIN,250.0,2026-02,25.0,Min temperature (C)
TH000048450,KANCHANABURI,14.017,99.533,29.0,2026-02-03,TAVG,272.0,2026-02,27.2,Average temperature (C)
TH000048325,MAE SARIANG,18.167,97.933,213.0,2026-02-05,TAVG,223.0,2026-02,22.3,Average temperature (C)
TH000048564,PHUKET,7.883,98.4,3.0,2026-02-05,TMIN,260.0,2026-02,26.0,Min temperature (C)
TH000048426,LOP BURI,14.8,100.617,11.0,2026-02-05,TAVG,280.0,2026-02,28.0,Average temperature (C)
THM00048453,BANG NA AGROMET,13.667,100.617,6.0,2026-02-06,TMAX,340.0,2026-02,34.0,Max temperature (C)
TH000048564,PHUKET,7.883,98.4,3.0,2026-02-06,TAVG,292.0,2026-02,29.2,Average temperature (C)
TH000048455,BANGKOK METROPOLIS,13.733,100.567,4.0,2026-02-06,TAVG,295.0,2026-02,29.5,Average temperature (C)
TH000048455,BANGKOK METROPOLIS,13.733,100.567,4.0,2026-02-07,TMIN,264.0,2026-02,26.4,Min temperature (C)
TH000048462,ARANYAPRATHET,13.7,102.583,49.0,2026-02-08,TAVG,277.0,2026-02,27.7,Average temperature (C)
TH000048351,UTTARADIT,17.617,100.1,64.0,2026-02-08,TMIN,208.0,2026-02,20.8,Min temperature (C)
TH000048462,ARANYAPRATHET,13.7,102.583,49.0,2026-02-09,TAVG,275.0,2026-02,27.5,Average temperature (C)
TH000048564,PHUKET,7.883,98.4,3.0,2026-02-10,TMIN,260.0,2026-02,26.0,Min temperature (C)
TH000048432,SURIN,14.883,103.5,147.0,2026-02-11,TAVG,272.0,2026-02,27.2,Average temperature (C)
TH000048357,NAKHON PHANOM,17.417,104.783,148.0,2026-02-11,TMIN,184.0,2026-02,18.4,Min temperature (C)
TH000048462,ARANYAPRATHET,13.7,102.583,49.0,2026-02-12,TAVG,301.0,2026-02,30.1,Average temperature (C)
TH000048357,NAKHON PHANOM,17.417,104.783,148.0,2026-02-12,TMAX,325.0,2026-02,32.5,Max temperature (C)
TH000048462,ARANYAPRATHET,13.7,102.583,49.0,2026-02-13,TMAX,342.0,2026-02,34.2,Max temperature (C)
TH000048462,ARANYAPRATHET,13.7,102.583,49.0,2026-02-15,TMAX,337.0,2026-02,33.7,Max temperature (C)
TH000048426,LOP BURI,14.8,100.617,11.0,2026-02-15,TAVG,297.0,2026-02,29.7,Average temperature (C)
TH000048351,UTTARADIT,17.617,100.1,64.0,2026-02-15,TAVG,284.0,2026-02,28.4,Average temperature (C)
TH000048351,UTTARADIT,17.617,100.1,64.0,2026-02-16,TMIN,245.0,2026-02,24.5,Min temperature (C)
TH000048450,KANCHANABURI,14.017,99.533,29.0,2026-02-17,TMAX,324.0,2026-02,32.4,Max temperature (C)
TH000048564,PHUKET,7.883,98.4,3.0,2026-02-17,TAVG,288.0,2026-02,28.8,Average temperature (C)
TH000048564,PHUKET,7.883,98.4,3.0,2026-02-19,TAVG,298.0,2026-02,29.8,Average temperature (C)
TH000048462,ARANYAPRATHET,13.7,102.583,49.0,2026-02-19,TMAX,330.0,2026-02,33.0,Max temperature (C)
TH000048564,PHUKET,7.883,98.4,3.0,2026-02-19,TMAX,327.0,2026-02,32.7,Max temperature (C)
TH000048501,KHLONG YAI,11.767,102.883,4.0,2026-02-20,TAVG,284.0,2026-02,28.4,Average temperature (C)
TH000048325,MAE SARIANG,18.167,97.933,213.0,2026-02-21,TMIN,212.0,2026-02,21.2,Min temperature (C)
TH000048450,KANCHANABURI,14.017,99.533,29.0,2026-02-22,TAVG,297.0,2026-02,29.7,Average temperature (C)
TH000048564,PHUKET,7.883,98.4,3.0,2026-02-22,TMAX,354.0,2026-02,35.4,Max temperature (C)
TH000048450,KANCHANABURI,14.017,99.533,29.0,2026-02-23,TAVG,301.0,2026-02,30.1,Average temperature (C)
TH000048432,SURIN,14.883,103.5,147.0,2026-02-23,TMAX,348.0,2026-02,34.8,Max temperature (C)
TH000048455,BANGKOK METROPOLIS,13.733,100.567,4.0,2026-02-24,TAVG,301.0,2026-02,30.1,Average temperature (C)
TH000048462,ARANYAPRATHET,13.7,102.583,49.0,2026-02-24,TAVG,283.0,2026-02,28.3,Average temperature (C)
TH000048564,PHUKET,7.883,98.4,3.0,2026-02-25,TMAX,335.0,2026-02,33.5,Max temperature (C)
TH000048455,BANGKOK METROPOLIS,13.733,100.567,4.0,2026-02-25,TMIN,275.0,2026-02,27.5,Min temperature (C)
TH000048425,SUPHAN BURI,14.467,100.133,8.0,2026-02-27,TMIN,251.0,2026-02,25.1,Min temperature (C)
TH000048357,NAKHON PHANOM,17.417,104.783,148.0,2026-02-27,TMIN,251.0,2026-02,25.1,Min temperature (C)
TH000048357,NAKHON PHANOM,17.417,104.783,148.0,2026-02-28,TAVG,272.0,2026-02,27.2,Average temperature (C)
TH000048351,UTTARADIT,17.617,100.1,64.0,2026-02-28,TAVG,301.0,2026-02,30.1,Average temperature (C)
TH000048357,NAKHON PHANOM,17.417,104.783,148.0,2026-02-28,TMAX,301.0,2026-02,30.1,Max temperature (C)
THM00048453,BANG NA AGROMET,13.667,100.617,6.0,2026-03-01,TMIN,284.0,2026-03,28.4,Min temperature (C)
TH000048425,SUPHAN BURI,14.467,100.133,8.0,2026-03-01,TAVG,304.0,2026-03,30.4,Average temperature (C)
THM00048453,BANG NA AGROMET,13.667,100.617,6.0,2026-03-03,TMAX,371.0,2026-03,37.1,Max temperature (C)
TH000048432,SURIN,14.883,103.5,147.0,2026-03-04,TMAX,372.0,2026-03,37.2,Max temperature (C)
THM00048453,BANG NA AGROMET,13.667,100.617,6.0,2026-03-05,TAVG,308.0,2026-03,30.8,Average temperature (C)
TH000048325,MAE SARIANG,18.167,97.933,213.0,2026-03-06,TAVG,250.0,2026-03,25.0,Average temperature (C)
TH000048357,NAKHON PHANOM,17.417,104.783,148.0,2026-03-08,TMIN,231.0,2026-03,23.1,Min temperature (C)
TH000048564,PHUKET,7.883,98.4,3.0,2026-03-09,TAVG,306.0,2026-03,30.6,Average temperature (C)
TH000048426,LOP BURI,14.8,100.617,11.0,2026-03-10,TMIN,267.0,2026-03,26.7,Min temperature (C)
TH000048426,LOP BURI,14.8,100.617,11.0,2026-03-11,TMAX,348.0,2026-03,34.8,Max temperature (C)
TH000048450,KANCHANABURI,14.017,99.533,29.0,2026-03-11,TMAX,338.0,2026-03,33.8,Max temperature (C)
TH000048462,ARANYAPRATHET,13.7,102.583,49.0,2026-03-13,TMIN,250.0,2026-03,25.0,Min temperature (C)
THM00048453,BANG NA AGROMET,13.667,100.617,6.0,2026-03-13,TMIN,260.0,2026-03,26.0,Min temperature (C)
TH000048501,KHLONG YAI,11.767,102.883,4.0,2026-03-13,TMAX,282.0,2026-03,28.2,Max temperature (C)
TH000048450,KANCHANABURI,14.017,99.533,29.0,2026-03-13,TMIN,250.0,2026-03,25.0,Min temperature (C)
TH000048564,PHUKET,7.883,98.4,3.0,2026-03-14,TMIN,276.0,2026-03,27.6,Min temperature (C)
TH000048455,BANGKOK METROPOLIS,13.733,100.567,4.0,2026-03-15,TMAX,361.0,2026-03,36.1,Max temperature (C)
TH000048462,ARANYAPRATHET,13.7,102.583,49.0,2026-03-16,TMAX,330.0,2026-03,33.0,Max temperature (C)
TH000048383,MUKDAHAN,16.533,104.717,139.0,2026-03-17,TMIN,215.0,2026-03,21.5,Min temperature (C)
TH000048501,KHLONG YAI,11.767,102.883,4.0,2026-03-17,TAVG,276.0,2026-03,27.6,Average temperature (C)
TH000048351,UTTARADIT,17.617,100.1,64.0,2026-03-19,TMAX,337.0,2026-03,33.7,Max temperature (C)
TH000048351,UTTARADIT,17.617,100.1,64.0,2026-03-19,TMIN,260.0,2026-03,26.0,Min temperature (C)
TH000048325,MAE SARIANG,18.167,97.933,213.0,2026-03-19,TMAX,349.0,2026-03,34.9,Max temperature (C)
TH000048383,MUKDAHAN,16.533,104.717,139.0,2026-03-21,TMIN,243.0,2026-03,24.3,Min temperature (C)
TH000048425,SUPHAN BURI,14.467,100.133,8.0,2026-03-22,TMIN,265.0,2026-03,26.5,Min temperature (C)
TH000048351,UTTARADIT,17.617,100.1,64.0,2026-03-22,TAVG,312.0,2026-03,31.2,Average temperature (C)
TH000048455,BANGKOK METROPOLIS,13.733,100.567,4.0,2026-03-23,TMIN,283.0,2026-03,28.3,Min temperature (C)
TH000048325,MAE SARIANG,18.167,97.933,213.0,2026-03-23,TMIN,175.0,2026-03,17.5,Min temperature (C)
TH000048501,KHLONG YAI,11.767,102.883,4.0,2026-03-24,TMIN,250.0,2026-03,25.0,Min temperature (C)
TH000048425,SUPHAN BURI,14.467,100.133,8.0,2026-03-24,TAVG,308.0,2026-03,30.8,Average temperature (C)
TH000048426,LOP BURI,14.8,100.617,11.0,2026-03-25,TMAX,360.0,2026-03,36.0,Max temperature (C)
TH000048357,NAKHON PHANOM,17.417,104.783,148.0,2026-03-25,TMAX,351.0,2026-03,35.1,Max temperature (C)
TH000048425,SUPHAN BURI,14.467,100.133,8.0,2026-04-02,TMIN,260.0,2026-04,26.0,Min temperature (C)
TH000048351,UTTARADIT,17.617,100.1,64.0,2026-04-02,TMAX,390.0,2026-04,39.0,Max temperature (C)
TH000048564,PHUKET,7.883,98.4,3.0,2026-04-03,TAVG,302.0,2026-04,30.2,Average temperature (C)
TH000048383,MUKDAHAN,16.533,104.717,139.0,2026-04-03,TAVG,331.0,2026-04,33.1,Average temperature (C)
TH000048426,LOP BURI,14.8,100.617,11.0,2026-04-03,TAVG,313.0,2026-04,31.3,Average temperature (C)
TH000048432,SURIN,14.883,103.5,147.0,2026-04-04,TMAX,378.0,2026-04,37.8,Max temperature (C)
TH000048383,MUKDAHAN,16.533,104.717,139.0,2026-04-04,TMIN,285.0,2026-04,28.5,Min temperature (C)
TH000048426,LOP BURI,14.8,100.617,11.0,2026-04-05,TMIN,262.0,2026-04,26.2,Min temperature (C)
TH000048462,ARANYAPRATHET,13.7,102.583,49.0,2026-04-05,TAVG,320.0,2026-04,32.0,Average temperature (C)
TH000048432,SURIN,14.883,103.5,147.0,2026-04-06,TAVG,331.0,2026-04,33.1,Average temperature (C)
TH000048564,PHUKET,7.883,98.4,3.0,2026-04-07,TAVG,309.0,2026-04,30.9,Average temperature (C)
TH000048564,PHUKET,7.883,98.4,3.0,2026-04-08,TMIN,278.0,2026-04,27.8,Min temperature (C)
TH000048462,ARANYAPRATHET,13.7,102.583,49.0,2026-04-09,TMIN,257.0,2026-04,25.7,Min temperature (C)
TH000048450,KANCHANABURI,14.017,99.533,29.0,2026-04-09,TMAX,403.0,2026-04,40.3,Max temperature (C)
TH000048357,NAKHON PHANOM,17.417,104.783,148.0,2026-04-10,TMIN,270.0,2026-04,27.0,Min temperature (C)
TH000048462,ARANYAPRATHET,13.7,102.583,49.0,2026-04-11,TMAX,399.0,2026-04,39.9,Max temperature (C)
TH000048501,KHLONG YAI,11.767,102.883,4.0,2026-04-13,TMAX,345.0,2026-04,34.5,Max temperature (C)
TH000048564,PHUKET,7.883,98.4,3.0,2026-04-13,TMIN,270.0,2026-04,27.0,Min temperature (C)
TH000048425,SUPHAN BURI,14.467,100.133,8.0,2026-04-14,TMAX,395.0,2026-04,39.5,Max temperature (C)
TH000048383,MUKDAHAN,16.533,104.717,139.0,2026-04-14,TAVG,344.0,2026-04,34.4,Average temperature (C)
TH000048432,SURIN,14.883,103.5,147.0,2026-04-15,TAVG,334.0,2026-04,33.4,Average temperature (C)
TH000048325,MAE SARIANG,18.167,97.933,213.0,2026-04-16,TMAX,392.0,2026-04,39.2,Max temperature (C)
TH000048325,MAE SARIANG,18.167,97.933,213.0,2026-04-16,TAVG,299.0,2026-04,29.9,Average temperature (C)
TH000048450,KANCHANABURI,14.017,99.533,29.0,2026-04-16,TAVG,330.0,2026-04,33.0,Average temperature (C)
TH000048351,UTTARADIT,17.617,100.1,64.0,2026-04-16,TAVG,317.0,2026-04,31.7,Average temperature (C)
TH000048351,UTTARADIT,17.617,100.1,64.0,2026-04-16,TMIN,238.0,2026-04,23.8,Min temperature (C)
TH000048426,LOP BURI,14.8,100.617,11.0,2026-04-16,TAVG,328.0,2026-04,32.8,Average temperature (C)
TH000048351,UTTARADIT,17.617,100.1,64.0,2026-04-17,TMAX,400.0,2026-04,40.0,Max temperature (C)
TH000048462,ARANYAPRATHET,13.7,102.583,49.0,2026-04-18,TMAX,392.0,2026-04,39.2,Max temperature (C)
TH000048455,BANGKOK METROPOLIS,13.733,100.567,4.0,2026-04-18,TMIN,296.0,2026-04,29.6,Min temperature (C)
TH000048564,PHUKET,7.883,98.4,3.0,2026-04-19,TAVG,307.0,2026-04,30.7,Average temperature (C)
TH000048426,LOP BURI,14.8,100.617,11.0,2026-04-19,TMIN,282.0,2026-04,28.2,Min temperature (C)
TH000048450,KANCHANABURI,14.017,99.533,29.0,2026-04-21,TMAX,399.0,2026-04,39.9,Max temperature (C)
TH000048564,PHUKET,7.883,98.4,3.0,2026-04-21,TMAX,354.0,2026-04,35.4,Max temperature (C)
TH000048357,NAKHON PHANOM,17.417,104.783,148.0,2026-04-22,TMIN,258.0,2026-04,25.8,Min temperature (C)
TH000048351,UTTARADIT,17.617,100.1,64.0,2026-04-23,TAVG,316.0,2026-04,31.6,Average temperature (C)
TH000048351,UTTARADIT,17.617,100.1,64.0,2026-04-24,TMIN,260.0,2026-04,26.0,Min temperature (C)
TH000048325,MAE SARIANG,18.167,97.933,213.0,2026-04-24,TMIN,248.0,2026-04,24.8,Min temperature (C)
TH000048325,MAE SARIANG,18.167,97.933,213.0,2026-04-24,TAVG,314.0,2026-04,31.4,Average temperature (C)
TH000048426,LOP BURI,14.8,100.617,11.0,2026-04-24,TMIN,284.0,2026-04,28.4,Min temperature (C)
THM00048453,BANG NA AGROMET,13.667,100.617,6.0,2026-04-24,TAVG,317.0,2026-04,31.7,Average temperature (C)
TH000048462,ARANYAPRATHET,13.7,102.583,49.0,2026-04-26,TMIN,257.0,2026-04,25.7,Min temperature (C)
TH000048462,ARANYAPRATHET,13.7,102.583,49.0,2026-04-26,TMAX,361.0,2026-04,36.1,Max temperature (C)
TH000048357,NAKHON PHANOM,17.417,104.783,148.0,2026-04-26,TAVG,296.0,2026-04,29.6,Average temperature (C)
TH000048564,PHUKET,7.883,98.4,3.0,2026-04-26,TMIN,277.0,2026-04,27.7,Min temperature (C)
TH000048455,BANGKOK METROPOLIS,13.733,100.567,4.0,2026-04-27,TMIN,295.0,2026-04,29.5,Min temperature (C)
TH000048383,MUKDAHAN,16.533,104.717,139.0,2026-04-27,TMIN,232.0,2026-04,23.2,Min temperature (C)
TH000048426,LOP BURI,14.8,100.617,11.0,2026-04-27,TMAX,380.0,2026-04,38.0,Max temperature (C)
TH000048426,LOP BURI,14.8,100.617,11.0,2026-04-27,TAVG,319.0,2026-04,31.9,Average temperature (C)
TH000048383,MUKDAHAN,16.533,104.717,139.0,2026-04-29,TAVG,294.0,2026-04,29.4,Average temperature (C)
TH000048357,NAKHON PHANOM,17.417,104.783,148.0,2026-04-30,TMIN,236.0,2026-04,23.6,Min temperature (C)
TH000048325,MAE SARIANG,18.167,97.933,213.0,2026-04-30,TMIN,225.0,2026-04,22.5,Min temperature (C)
TH000048564,PHUKET,7.883,98.4,3.0,2026-05-01,TMIN,238.0,2026-05,23.8,Min temperature (C)
TH000048450,KANCHANABURI,14.017,99.533,29.0,2026-05-01,TMIN,260.0,2026-05,26.0,Min temperature (C)
TH000048450,KANCHANABURI,14.017,99.533,29.0,2026-05-02,TMAX,386.0,2026-05,38.6,Max temperature (C)
TH000048425,SUPHAN BURI,14.467,100.133,8.0,2026-05-02,TMAX,381.0,2026-05,38.1,Max temperature (C)
THM00048453,BANG NA AGROMET,13.667,100.617,6.0,2026-05-02,TAVG,316.0,2026-05,31.6,Average temperature (C)
TH000048462,ARANYAPRATHET,13.7,102.583,49.0,2026-05-02,TAVG,311.0,2026-05,31.1,Average temperature (C)
TH000048455,BANGKOK METROPOLIS,13.733,100.567,4.0,2026-05-02,TMIN,269.0,2026-05,26.9,Min temperature (C)
TH000048357,NAKHON PHANOM,17.417,104.783,148.0,2026-05-02,TMIN,262.0,2026-05,26.2,Min temperature (C)
TH000048450,KANCHANABURI,14.017,99.533,29.0,2026-05-03,TMIN,274.0,2026-05,27.4,Min temperature (C)
TH000048564,PHUKET,7.883,98.4,3.0,2026-05-03,TMIN,250.0,2026-05,25.0,Min temperature (C)
TH000048325,MAE SARIANG,18.167,97.933,213.0,2026-05-03,TAVG,300.0,2026-05,30.0,Average temperature (C)
TH000048450,KANCHANABURI,14.017,99.533,29.0,2026-05-03,TAVG,330.0,2026-05,33.0,Average temperature (C)
TH000048462,ARANYAPRATHET,13.7,102.583,49.0,2026-05-04,TMIN,235.0,2026-05,23.5,Min temperature (C)
TH000048351,UTTARADIT,17.617,100.1,64.0,2026-05-05,TAVG,305.0,2026-05,30.5,Average temperature (C)
THM00048453,BANG NA AGROMET,13.667,100.617,6.0,2026-05-05,TAVG,314.0,2026-05,31.4,Average temperature (C)
TH000048325,MAE SARIANG,18.167,97.933,213.0,2026-05-05,TAVG,309.0,2026-05,30.9,Average temperature (C)
TH000048426,LOP BURI,14.8,100.617,11.0,2026-05-05,TMIN,278.0,2026-05,27.8,Min temperature (C)
THM00048453,BANG NA AGROMET,13.667,100.617,6.0,2026-05-07,TMIN,278.0,2026-05,27.8,Min temperature (C)
TH000048425,SUPHAN BURI,14.467,100.133,8.0,2026-05-09,TMIN,256.0,2026-05,25.6,Min temperature (C)
TH000048450,KANCHANABURI,14.017,99.533,29.0,2026-05-09,TAVG,299.0,2026-05,29.9,Average temperature (C)
TH000048462,ARANYAPRATHET,13.7,102.583,49.0,2026-05-09,TAVG,295.0,2026-05,29.5,Average temperature (C)
TH000048455,BANGKOK METROPOLIS,13.733,100.567,4.0,2026-05-09,TAVG,293.0,2026-05,29.3,Average temperature (C)
TH000048325,MAE SARIANG,18.167,97.933,213.0,2026-05-10,TAVG,294.0,2026-05,29.4,Average temperature (C)
TH000048351,UTTARADIT,17.617,100.1,64.0,2026-05-10,TAVG,293.0,2026-05,29.3,Average temperature (C)
TH000048426,LOP BURI,14.8,100.617,11.0,2026-05-10,TMIN,270.0,2026-05,27.0,Min temperature (C)
TH000048357,NAKHON PHANOM,17.417,104.783,148.0,2026-05-12,TAVG,306.0,2026-05,30.6,Average temperature (C)
TH000048351,UTTARADIT,17.617,100.1,64.0,2026-05-12,TAVG,291.0,2026-05,29.1,Average temperature (C)
TH000048462,ARANYAPRATHET,13.7,102.583,49.0,2026-05-12,TMIN,246.0,2026-05,24.6,Min temperature (C)
TH000048564,PHUKET,7.883,98.4,3.0,2026-05-13,TMIN,246.0,2026-05,24.6,Min temperature (C)
TH000048455,BANGKOK METROPOLIS,13.733,100.567,4.0,2026-05-13,TMAX,350.0,2026-05,35.0,Max temperature (C)
TH000048432,SURIN,14.883,103.5,147.0,2026-05-13,TMIN,262.0,2026-05,26.2,Min temperature (C)
TH000048462,ARANYAPRATHET,13.7,102.583,49.0,2026-05-14,TAVG,295.0,2026-05,29.5,Average temperature (C)
TH000048383,MUKDAHAN,16.533,104.717,139.0,2026-05-14,TAVG,302.0,2026-05,30.2,Average temperature (C)
THM00048453,BANG NA AGROMET,13.667,100.617,6.0,2026-05-14,TMIN,266.0,2026-05,26.6,Min temperature (C)
TH000048325,MAE SARIANG,18.167,97.933,213.0,2026-05-14,TAVG,273.0,2026-05,27.3,Average temperature (C)
TH000048351,UTTARADIT,17.617,100.1,64.0,2026-05-14,TMIN,268.0,2026-05,26.8,Min temperature (C)
TH000048351,UTTARADIT,17.617,100.1,64.0,2026-05-15,TAVG,302.0,2026-05,30.2,Average temperature (C)
TH000048450,KANCHANABURI,14.017,99.533,29.0,2026-05-15,TMIN,266.0,2026-05,26.6,Min temperature (C)
TH000048325,MAE SARIANG,18.167,97.933,213.0,2026-05-17,TAVG,309.0,2026-05,30.9,Average temperature (C)
TH000048383,MUKDAHAN,16.533,104.717,139.0,2026-05-17,TMAX,358.0,2026-05,35.8,Max temperature (C)
TH000048455,BANGKOK METROPOLIS,13.733,100.567,4.0,2026-05-19,TAVG,299.0,2026-05,29.9,Average temperature (C)
TH000048501,KHLONG YAI,11.767,102.883,4.0,2026-05-19,TMIN,278.0,2026-05,27.8,Min temperature (C)
TH000048383,MUKDAHAN,16.533,104.717,139.0,2026-05-20,TAVG,281.0,2026-05,28.1,Average temperature (C)
TH000048426,LOP BURI,14.8,100.617,11.0,2026-05-20,TAVG,281.0,2026-05,28.1,Average temperature (C)
TH000048564,PHUKET,7.883,98.4,3.0,2026-05-21,TAVG,269.0,2026-05,26.9,Average temperature (C)
TH000048426,LOP BURI,14.8,100.617,11.0,2026-05-21,TMAX,352.0,2026-05,35.2,Max temperature (C)
TH000048383,MUKDAHAN,16.533,104.717,139.0,2026-01-01,TMIN,174.0,2026-01,17.4,Min temperature (C)
TH000048426,LOP BURI,14.8,100.617,11.0,2026-01-01,TAVG,262.0,2026-01,26.2,Average temperature (C)
TH000048564,PHUKET,7.883,98.4,3.0,2026-01-03,TMIN,247.0,2026-01,24.7,Min temperature (C)
TH000048357,NAKHON PHANOM,17.417,104.783,148.0,2026-01-03,TMAX,276.0,2026-01,27.6,Max temperature (C)
TH000048501,KHLONG YAI,11.767,102.883,4.0,2026-01-06,TMAX,314.0,2026-01,31.4,Max temperature (C)
THM00048453,BANG NA AGROMET,13.667,100.617,6.0,2026-01-06,TMAX,317.0,2026-01,31.7,Max temperature (C)
TH000048455,BANGKOK METROPOLIS,13.733,100.567,4.0,2026-01-08,TMIN,196.0,2026-01,19.6,Min temperature (C)
THM00048453,BANG NA AGROMET,13.667,100.617,6.0,2026-01-08,TMIN,178.0,2026-01,17.8,Min temperature (C)
THM00048453,BANG NA AGROMET,13.667,100.617,6.0,2026-01-09,TMIN,187.0,2026-01,18.7,Min temperature (C)
TH000048426,LOP BURI,14.8,100.617,11.0,2026-01-09,TMIN,141.0,2026-01,14.1,Min temperature (C)
TH000048325,MAE SARIANG,18.167,97.933,213.0,2026-01-09,TMAX,303.0,2026-01,30.3,Max temperature (C)
TH000048450,KANCHANABURI,14.017,99.533,29.0,2026-01-10,TMIN,150.0,2026-01,15.0,Min temperature (C)
TH000048450,KANCHANABURI,14.017,99.533,29.0,2026-01-10,TAVG,220.0,2026-01,22.0,Average temperature (C)
TH000048325,MAE SARIANG,18.167,97.933,213.0,2026-01-11,TMIN,126.0,2026-01,12.6,Min temperature (C)
TH000048383,MUKDAHAN,16.533,104.717,139.0,2026-01-14,TMIN,147.0,2026-01,14.7,Min temperature (C)
TH000048425,SUPHAN BURI,14.467,100.133,8.0,2026-01-14,TAVG,251.0,2026-01,25.1,Average temperature (C)
TH000048432,SURIN,14.883,103.5,147.0,2026-01-14,TMAX,310.0,2026-01,31.0,Max temperature (C)
TH000048455,BANGKOK METROPOLIS,13.733,100.567,4.0,2026-01-15,TAVG,284.0,2026-01,28.4,Average temperature (C)
TH000048351,UTTARADIT,17.617,100.1,64.0,2026-01-15,TMAX,320.0,2026-01,32.0,Max temperature (C)
TH000048564,PHUKET,7.883,98.4,3.0,2026-01-16,TMAX,337.0,2026-01,33.7,Max temperature (C)
TH000048455,BANGKOK METROPOLIS,13.733,100.567,4.0,2026-01-16,TMAX,325.0,2026-01,32.5,Max temperature (C)
TH000048357,NAKHON PHANOM,17.417,104.783,148.0,2026-01-17,TMAX,317.0,2026-01,31.7,Max temperature (C)
TH000048564,PHUKET,7.883,98.4,3.0,2026-01-18,TMIN,245.0,2026-01,24.5,Min temperature (C)
TH000048383,MUKDAHAN,16.533,104.717,139.0,2026-01-19,TMAX,322.0,2026-01,32.2,Max temperature (C)
TH000048455,BANGKOK METROPOLIS,13.733,100.567,4.0,2026-01-21,TMIN,255.0,2026-01,25.5,Min temperature (C)
THM00048453,BANG NA AGROMET,13.667,100.617,6.0,2026-01-22,TMAX,334.0,2026-01,33.4,Max temperature (C)
TH000048325,MAE SARIANG,18.167,97.933,213.0,2026-01-23,TMIN,141.0,2026-01,14.1,Min temperature (C)
THM00048453,BANG NA AGROMET,13.667,100.617,6.0,2026-01-23,TAVG,264.0,2026-01,26.4,Average temperature (C)
TH000048325,MAE SARIANG,18.167,97.933,213.0,2026-01-24,TMIN,138.0,2026-01,13.8,Min temperature (C)
TH000048564,PHUKET,7.883,98.4,3.0,2026-01-24,TMIN,249.0,2026-01,24.9,Min temperature (C)
TH000048501,KHLONG YAI,11.767,102.883,4.0,2026-01-25,TAVG,245.0,2026-01,24.5,Average temperature (C)
TH000048564,PHUKET,7.883,98.4,3.0,2026-01-25,TAVG,286.0,2026-01,28.6,Average temperature (C)
TH000048357,NAKHON PHANOM,17.417,104.783,148.0,2026-01-26,TMAX,301.0,2026-01,30.1,Max temperature (C)
TH000048426,LOP BURI,14.8,100.617,11.0,2026-01-27,TMAX,335.0,2026-01,33.5,Max temperature (C)
TH000048501,KHLONG YAI,11.767,102.883,4.0,2026-01-27,TAVG,256.0,2026-01,25.6,Average temperature (C)
TH000048455,BANGKOK METROPOLIS,13.733,100.567,4.0,2026-01-28,TAVG,284.0,2026-01,28.4,Average temperature (C)
TH000048383,MUKDAHAN,16.533,104.717,139.0,2026-01-28,TMIN,171.0,2026-01,17.1,Min temperature (C)
TH000048383,MUKDAHAN,16.533,104.717,139.0,2026-01-31,TAVG,243.0,2026-01,24.3,Average temperature (C)
TH000048432,SURIN,14.883,103.5,147.0,2026-01-31,TMAX,329.0,2026-01,32.9,Max temperature (C)
TH000048351,UTTARADIT,17.617,100.1,64.0,2026-01-31,TMAX,345.0,2026-01,34.5,Max temperature (C)
TH000048501,KHLONG YAI,11.767,102.883,4.0,2026-01-31,TMIN,223.0,2026-01,22.3,Min temperature (C)
TH000048425,SUPHAN BURI,14.467,100.133,8.0,2026-02-01,TAVG,272.0,2026-02,27.2,Average temperature (C)
TH000048426,LOP BURI,14.8,100.617,11.0,2026-02-02,TAVG,276.0,2026-02,27.6,Average temperature (C)
TH000048450,KANCHANABURI,14.017,99.533,29.0,2026-02-03,TMAX,330.0,2026-02,33.0,Max temperature (C)
TH000048325,MAE SARIANG,18.167,97.933,213.0,2026-02-04,TMIN,153.0,2026-02,15.3,Min temperature (C)
TH000048426,LOP BURI,14.8,100.617,11.0,2026-02-04,TMAX,341.0,2026-02,34.1,Max temperature (C)
TH000048564,PHUKET,7.883,98.4,3.0,2026-02-04,TMIN,257.0,2026-02,25.7,Min temperature (C)
TH000048501,KHLONG YAI,11.767,102.883,4.0,2026-02-04,TMIN,232.0,2026-02,23.2,Min temperature (C)
TH000048450,KANCHANABURI,14.017,99.533,29.0,2026-02-05,TMIN,225.0,2026-02,22.5,Min temperature (C)
TH000048351,UTTARADIT,17.617,100.1,64.0,2026-02-05,TMAX,345.0,2026-02,34.5,Max temperature (C)
TH000048450,KANCHANABURI,14.017,99.533,29.0,2026-02-06,TAVG,300.0,2026-02,30.0,Average temperature (C)
THM00048453,BANG NA AGROMET,13.667,100.617,6.0,2026-02-06,TAVG,288.0,2026-02,28.8,Average temperature (C)
THM00048453,BANG NA AGROMET,13.667,100.617,6.0,2026-02-07,TMIN,256.0,2026-02,25.6,Min temperature (C)
TH000048351,UTTARADIT,17.617,100.1,64.0,2026-02-07,TMAX,355.0,2026-02,35.5,Max temperature (C)
TH000048462,ARANYAPRATHET,13.7,102.583,49.0,2026-02-08,TMIN,243.0,2026-02,24.3,Min temperature (C)
TH000048432,SURIN,14.883,103.5,147.0,2026-02-08,TAVG,267.0,2026-02,26.7,Average temperature (C)
THM00048453,BANG NA AGROMET,13.667,100.617,6.0,2026-02-08,TAVG,282.0,2026-02,28.2,Average temperature (C)
TH000048450,KANCHANABURI,14.017,99.533,29.0,2026-02-09,TMAX,319.0,2026-02,31.9,Max temperature (C)
TH000048432,SURIN,14.883,103.5,147.0,2026-02-10,TAVG,275.0,2026-02,27.5,Average temperature (C)
TH000048425,SUPHAN BURI,14.467,100.133,8.0,2026-02-10,TMAX,338.0,2026-02,33.8,Max temperature (C)
TH000048450,KANCHANABURI,14.017,99.533,29.0,2026-02-12,TAVG,309.0,2026-02,30.9,Average temperature (C)
TH000048450,KANCHANABURI,14.017,99.533,29.0,2026-02-12,TMIN,239.0,2026-02,23.9,Min temperature (C)
THM00048453,BANG NA AGROMET,13.667,100.617,6.0,2026-02-12,TAVG,297.0,2026-02,29.7,Average temperature (C)
TH000048426,LOP BURI,14.8,100.617,11.0,2026-02-13,TMAX,342.0,2026-02,34.2,Max temperature (C)
TH000048432,SURIN,14.883,103.5,147.0,2026-02-13,TMIN,230.0,2026-02,23.0,Min temperature (C)
TH000048357,NAKHON PHANOM,17.417,104.783,148.0,2026-02-14,TMAX,321.0,2026-02,32.1,Max temperature (C)
TH000048357,NAKHON PHANOM,17.417,104.783,148.0,2026-02-14,TMIN,194.0,2026-02,19.4,Min temperature (C)
TH000048426,LOP BURI,14.8,100.617,11.0,2026-02-14,TMIN,256.0,2026-02,25.6,Min temperature (C)
TH000048351,UTTARADIT,17.617,100.1,64.0,2026-02-14,TMAX,327.0,2026-02,32.7,Max temperature (C)
TH000048501,KHLONG YAI,11.767,102.883,4.0,2026-02-16,TMAX,320.0,2026-02,32.0,Max temperature (C)
TH000048325,MAE SARIANG,18.167,97.933,213.0,2026-02-16,TAVG,230.0,2026-02,23.0,Average temperature (C)
TH000048426,LOP BURI,14.8,100.617,11.0,2026-02-16,TMIN,263.0,2026-02,26.3,Min temperature (C)
TH000048455,BANGKOK METROPOLIS,13.733,100.567,4.0,2026-02-17,TMAX,306.0,2026-02,30.6,Max temperature (C)
TH000048325,MAE SARIANG,18.167,97.933,213.0,2026-02-18,TAVG,246.0,2026-02,24.6,Average temperature (C)
TH000048383,MUKDAHAN,16.533,104.717,139.0,2026-02-18,TAVG,264.0,2026-02,26.4,Average temperature (C)
TH000048426,LOP BURI,14.8,100.617,11.0,2026-02-19,TMIN,282.0,2026-02,28.2,Min temperature (C)
TH000048462,ARANYAPRATHET,13.7,102.583,49.0,2026-02-19,TAVG,305.0,2026-02,30.5,Average temperature (C)
TH000048383,MUKDAHAN,16.533,104.717,139.0,2026-02-20,TMIN,198.0,2026-02,19.8,Min temperature (C)
TH000048462,ARANYAPRATHET,13.7,102.583,49.0,2026-02-20,TAVG,300.0,2026-02,30.0,Average temperature (C)
TH000048357,NAKHON PHANOM,17.417,104.783,148.0,2026-02-20,TMAX,312.0,2026-02,31.2,Max temperature (C)
THM00048453,BANG NA AGROMET,13.667,100.617,6.0,2026-02-20,TMAX,340.0,2026-02,34.0,Max temperature (C)
THM00048453,BANG NA AGROMET,13.667,100.617,6.0,2026-02-21,TAVG,301.0,2026-02,30.1,Average temperature (C)
TH000048450,KANCHANABURI,14.017,99.533,29.0,2026-02-22,TMIN,249.0,2026-02,24.9,Min temperature (C)
TH000048383,MUKDAHAN,16.533,104.717,139.0,2026-02-23,TMIN,255.0,2026-02,25.5,Min temperature (C)
TH000048351,UTTARADIT,17.617,100.1,64.0,2026-02-23,TAVG,284.0,2026-02,28.4,Average temperature (C)
TH000048455,BANGKOK METROPOLIS,13.733,100.567,4.0,2026-02-23,TMIN,282.0,2026-02,28.2,Min temperature (C)
TH000048450,KANCHANABURI,14.017,99.533,29.0,2026-02-24,TAVG,294.0,2026-02,29.4,Average temperature (C)
TH000048351,UTTARADIT,17.617,100.1,64.0,2026-02-25,TMIN,233.0,2026-02,23.3,Min temperature (C)
TH000048455,BANGKOK METROPOLIS,13.733,100.567,4.0,2026-02-26,TMAX,332.0,2026-02,33.2,Max temperature (C)
TH000048450,KANCHANABURI,14.017,99.533,29.0,2026-02-26,TAVG,264.0,2026-02,26.4,Average temperature (C)
TH000048425,SUPHAN BURI,14.467,100.133,8.0,2026-02-26,TMAX,308.0,2026-02,30.8,Max temperature (C)
TH000048383,MUKDAHAN,16.533,104.717,139.0,2026-02-27,TMIN,238.0,2026-02,23.8,Min temperature (C)
TH000048425,SUPHAN BURI,14.467,100.133,8.0,2026-02-27,TAVG,294.0,2026-02,29.4,Average temperature (C)
TH000048383,MUKDAHAN,16.533,104.717,139.0,2026-02-27,TAVG,271.0,2026-02,27.1,Average temperature (C)
TH000048564,PHUKET,7.883,98.4,3.0,2026-02-28,TMIN,256.0,2026-02,25.6,Min temperature (C)
TH000048432,SURIN,14.883,103.5,147.0,2026-03-01,TMIN,268.0,2026-03,26.8,Min temperature (C)
TH000048432,SURIN,14.883,103.5,147.0,2026-03-01,TMAX,337.0,2026-03,33.7,Max temperature (C)
TH000048455,BANGKOK METROPOLIS,13.733,100.567,4.0,2026-03-01,TMIN,286.0,2026-03,28.6,Min temperature (C)
TH000048450,KANCHANABURI,14.017,99.533,29.0,2026-03-02,TMAX,378.0,2026-03,37.8,Max temperature (C)
THM00048453,BANG NA AGROMET,13.667,100.617,6.0,2026-03-02,TAVG,320.0,2026-03,32.0,Average temperature (C)
TH000048450,KANCHANABURI,14.017,99.533,29.0,2026-03-03,TMIN,244.0,2026-03,24.4,Min temperature (C)
TH000048325,MAE SARIANG,18.167,97.933,213.0,2026-03-03,TMAX,335.0,2026-03,33.5,Max temperature (C)
TH000048432,SURIN,14.883,103.5,147.0,2026-03-03,TMIN,255.0,2026-03,25.5,Min temperature (C)
TH000048351,UTTARADIT,17.617,100.1,64.0,2026-03-04,TMAX,365.0,2026-03,36.5,Max temperature (C)
TH000048455,BANGKOK METROPOLIS,13.733,100.567,4.0,2026-03-04,TMAX,375.0,2026-03,37.5,Max temperature (C)
THM00048453,BANG NA AGROMET,13.667,100.617,6.0,2026-03-04,TMAX,375.0,2026-03,37.5,Max temperature (C)
TH000048501,KHLONG YAI,11.767,102.883,4.0,2026-03-04,TMAX,330.0,2026-03,33.0,Max temperature (C)
TH000048325,MAE SARIANG,18.167,97.933,213.0,2026-03-05,TMIN,215.0,2026-03,21.5,Min temperature (C)
TH000048383,MUKDAHAN,16.533,104.717,139.0,2026-03-06,TMIN,215.0,2026-03,21.5,Min temperature (C)
TH000048501,KHLONG YAI,11.767,102.883,4.0,2026-03-06,TAVG,269.0,2026-03,26.9,Average temperature (C)
TH000048455,BANGKOK METROPOLIS,13.733,100.567,4.0,2026-03-06,TAVG,295.0,2026-03,29.5,Average temperature (C)
TH000048325,MAE SARIANG,18.167,97.933,213.0,2026-03-06,TMIN,200.0,2026-03,20.0,Min temperature (C)
TH000048501,KHLONG YAI,11.767,102.883,4.0,2026-03-07,TMIN,232.0,2026-03,23.2,Min temperature (C)
TH000048501,KHLONG YAI,11.767,102.883,4.0,2026-03-07,TMAX,318.0,2026-03,31.8,Max temperature (C)
TH000048383,MUKDAHAN,16.533,104.717,139.0,2026-03-07,TMAX,297.0,2026-03,29.7,Max temperature (C)
TH000048425,SUPHAN BURI,14.467,100.133,8.0,2026-03-08,TMAX,357.0,2026-03,35.7,Max temperature (C)
TH000048426,LOP BURI,14.8,100.617,11.0,2026-03-08,TAVG,301.0,2026-03,30.1,Average temperature (C)
TH000048426,LOP BURI,14.8,100.617,11.0,2026-03-09,TAVG,322.0,2026-03,32.2,Average temperature (C)
TH000048426,LOP BURI,14.8,100.617,11.0,2026-03-09,TMIN,253.0,2026-03,25.3,Min temperature (C)
TH000048357,NAKHON PHANOM,17.417,104.783,148.0,2026-03-09,TAVG,279.0,2026-03,27.9,Average temperature (C)
TH000048450,KANCHANABURI,14.017,99.533,29.0,2026-03-10,TMAX,345.0,2026-03,34.5,Max temperature (C)
TH000048351,UTTARADIT,17.617,100.1,64.0,2026-03-10,TAVG,293.0,2026-03,29.3,Average temperature (C)
TH000048425,SUPHAN BURI,14.467,100.133,8.0,2026-03-11,TMIN,233.0,2026-03,23.3,Min temperature (C)
TH000048462,ARANYAPRATHET,13.7,102.583,49.0,2026-03-11,TAVG,292.0,2026-03,29.2,Average temperature (C)
TH000048357,NAKHON PHANOM,17.417,104.783,148.0,2026-03-11,TMAX,315.0,2026-03,31.5,Max temperature (C)
THM00048453,BANG NA AGROMET,13.667,100.617,6.0,2026-03-12,TAVG,278.0,2026-03,27.8,Average temperature (C)
TH000048501,KHLONG YAI,11.767,102.883,4.0,2026-03-12,TAVG,266.0,2026-03,26.6,Average temperature (C)
TH000048564,PHUKET,7.883,98.4,3.0,2026-03-13,TMIN,270.0,2026-03,27.0,Min temperature (C)
TH000048450,KANCHANABURI,14.017,99.533,29.0,2026-03-13,TAVG,283.0,2026-03,28.3,Average temperature (C)
TH000048325,MAE SARIANG,18.167,97.933,213.0,2026-03-13,TMAX,330.0,2026-03,33.0,Max temperature (C)
TH000048426,LOP BURI,14.8,100.617,11.0,2026-03-13,TMIN,260.0,2026-03,26.0,Min temperature (C)
TH000048357,NAKHON PHANOM,17.417,104.783,148.0,2026-03-14,TMIN,220.0,2026-03,22.0,Min temperature (C)
TH000048425,SUPHAN BURI,14.467,100.133,8.0,2026-03-14,TAVG,285.0,2026-03,28.5,Average temperature (C)
TH000048455,BANGKOK METROPOLIS,13.733,100.567,4.0,2026-03-14,TMAX,338.0,2026-03,33.8,Max temperature (C)
THM00048453,BANG NA AGROMET,13.667,100.617,6.0,2026-03-16,TAVG,284.0,2026-03,28.4,Average temperature (C)
TH000048432,SURIN,14.883,103.5,147.0,2026-03-16,TMAX,313.0,2026-03,31.3,Max temperature (C)
TH000048325,MAE SARIANG,18.167,97.933,213.0,2026-03-16,TMIN,185.0,2026-03,18.5,Min temperature (C)
TH000048450,KANCHANABURI,14.017,99.533,29.0,2026-03-18,TMAX,360.0,2026-03,36.0,Max temperature (C)
THM00048453,BANG NA AGROMET,13.667,100.617,6.0,2026-03-19,TMAX,339.0,2026-03,33.9,Max temperature (C)
TH000048455,BANGKOK METROPOLIS,13.733,100.567,4.0,2026-03-19,TMAX,337.0,2026-03,33.7,Max temperature (C)
TH000048432,SURIN,14.883,103.5,147.0,2026-03-20,TMIN,243.0,2026-03,24.3,Min temperature (C)
TH000048455,BANGKOK METROPOLIS,13.733,100.567,4.0,2026-03-21,TMIN,272.0,2026-03,27.2,Min temperature (C)
TH000048426,LOP BURI,14.8,100.617,11.0,2026-03-22,TMAX,337.0,2026-03,33.7,Max temperature (C)
TH000048501,KHLONG YAI,11.767,102.883,4.0,2026-03-22,TMIN,255.0,2026-03,25.5,Min temperature (C)
TH000048455,BANGKOK METROPOLIS,13.733,100.567,4.0,2026-03-22,TAVG,310.0,2026-03,31.0,Average temperature (C)
TH000048357,NAKHON PHANOM,17.417,104.783,148.0,2026-03-23,TMAX,353.0,2026-03,35.3,Max temperature (C)
TH000048462,ARANYAPRATHET,13.7,102.583,49.0,2026-03-24,TMAX,377.0,2026-03,37.7,Max temperature (C)
TH000048455,BANGKOK METROPOLIS,13.733,100.567,4.0,2026-03-24,TAVG,310.0,2026-03,31.0,Average temperature (C)
TH000048325,MAE SARIANG,18.167,97.933,213.0,2026-03-24,TAVG,251.0,2026-03,25.1,Average temperature (C)
THM00048453,BANG NA AGROMET,13.667,100.617,6.0,2026-03-25,TMIN,285.0,2026-03,28.5,Min temperature (C)
THM00048453,BANG NA AGROMET,13.667,100.617,6.0,2026-03-25,TAVG,309.0,2026-03,30.9,Average temperature (C)
TH000048462,ARANYAPRATHET,13.7,102.583,49.0,2026-04-02,TMIN,263.0,2026-04,26.3,Min temperature (C)
TH000048462,ARANYAPRATHET,13.7,102.583,49.0,2026-04-02,TAVG,323.0,2026-04,32.3,Average temperature (C)
TH000048426,LOP BURI,14.8,100.617,11.0,2026-04-03,TMAX,375.0,2026-04,37.5,Max temperature (C)
TH000048432,SURIN,14.883,103.5,147.0,2026-04-03,TMIN,272.0,2026-04,27.2,Min temperature (C)
THM00048453,BANG NA AGROMET,13.667,100.617,6.0,2026-04-04,TMAX,350.0,2026-04,35.0,Max temperature (C)
TH000048501,KHLONG YAI,11.767,102.883,4.0,2026-04-04,TMAX,329.0,2026-04,32.9,Max temperature (C)
TH000048501,KHLONG YAI,11.767,102.883,4.0,2026-04-05,TMAX,335.0,2026-04,33.5,Max temperature (C)
TH000048426,LOP BURI,14.8,100.617,11.0,2026-04-06,TAVG,314.0,2026-04,31.4,Average temperature (C)
TH000048462,ARANYAPRATHET,13.7,102.583,49.0,2026-04-07,TAVG,323.0,2026-04,32.3,Average temperature (C)
THM00048453,BANG NA AGROMET,13.667,100.617,6.0,2026-04-07,TMAX,372.0,2026-04,37.2,Max temperature (C)
TH000048383,MUKDAHAN,16.533,104.717,139.0,2026-04-07,TMIN,290.0,2026-04,29.0,Min temperature (C)
THM00048453,BANG NA AGROMET,13.667,100.617,6.0,2026-04-07,TAVG,326.0,2026-04,32.6,Average temperature (C)
TH000048425,SUPHAN BURI,14.467,100.133,8.0,2026-04-08,TMIN,260.0,2026-04,26.0,Min temperature (C)
TH000048426,LOP BURI,14.8,100.617,11.0,2026-04-08,TAVG,319.0,2026-04,31.9,Average temperature (C)
THM00048453,BANG NA AGROMET,13.667,100.617,6.0,2026-04-08,TMAX,365.0,2026-04,36.5,Max temperature (C)
TH000048357,NAKHON PHANOM,17.417,104.783,148.0,2026-04-09,TMIN,287.0,2026-04,28.7,Min temperature (C)
TH000048425,SUPHAN BURI,14.467,100.133,8.0,2026-04-09,TAVG,313.0,2026-04,31.3,Average temperature (C)
TH000048501,KHLONG YAI,11.767,102.883,4.0,2026-04-10,TAVG,295.0,2026-04,29.5,Average temperature (C)
TH000048450,KANCHANABURI,14.017,99.533,29.0,2026-04-11,TAVG,329.0,2026-04,32.9,Average temperature (C)
TH000048432,SURIN,14.883,103.5,147.0,2026-04-12,TMAX,406.0,2026-04,40.6,Max temperature (C)
TH000048501,KHLONG YAI,11.767,102.883,4.0,2026-04-12,TMAX,340.0,2026-04,34.0,Max temperature (C)
TH000048357,NAKHON PHANOM,17.417,104.783,148.0,2026-04-12,TMIN,271.0,2026-04,27.1,Min temperature (C)
TH000048357,NAKHON PHANOM,17.417,104.783,148.0,2026-04-13,TMIN,280.0,2026-04,28.0,Min temperature (C)
THM00048453,BANG NA AGROMET,13.667,100.617,6.0,2026-04-13,TMAX,370.0,2026-04,37.0,Max temperature (C)
TH000048357,NAKHON PHANOM,17.417,104.783,148.0,2026-04-14,TMIN,283.0,2026-04,28.3,Min temperature (C)
TH000048450,KANCHANABURI,14.017,99.533,29.0,2026-04-15,TMAX,403.0,2026-04,40.3,Max temperature (C)
TH000048383,MUKDAHAN,16.533,104.717,139.0,2026-04-16,TMIN,285.0,2026-04,28.5,Min temperature (C)
TH000048426,LOP BURI,14.8,100.617,11.0,2026-04-17,TMIN,276.0,2026-04,27.6,Min temperature (C)
TH000048564,PHUKET,7.883,98.4,3.0,2026-04-17,TAVG,310.0,2026-04,31.0,Average temperature (C)
TH000048383,MUKDAHAN,16.533,104.717,139.0,2026-04-18,TAVG,295.0,2026-04,29.5,Average temperature (C)
TH000048462,ARANYAPRATHET,13.7,102.583,49.0,2026-04-19,TMAX,374.0,2026-04,37.4,Max temperature (C)
TH000048357,NAKHON PHANOM,17.417,104.783,148.0,2026-04-20,TMIN,257.0,2026-04,25.7,Min temperature (C)
TH000048357,NAKHON PHANOM,17.417,104.783,148.0,2026-04-21,TMIN,280.0,2026-04,28.0,Min temperature (C)
TH000048462,ARANYAPRATHET,13.7,102.583,49.0,2026-04-21,TMIN,265.0,2026-04,26.5,Min temperature (C)
TH000048426,LOP BURI,14.8,100.617,11.0,2026-04-22,TAVG,322.0,2026-04,32.2,Average temperature (C)
TH000048501,KHLONG YAI,11.767,102.883,4.0,2026-04-22,TMAX,341.0,2026-04,34.1,Max temperature (C)
TH000048564,PHUKET,7.883,98.4,3.0,2026-04-22,TMAX,350.0,2026-04,35.0,Max temperature (C)
TH000048383,MUKDAHAN,16.533,104.717,139.0,2026-04-23,TAVG,314.0,2026-04,31.4,Average temperature (C)
TH000048426,LOP BURI,14.8,100.617,11.0,2026-04-23,TMAX,382.0,2026-04,38.2,Max temperature (C)
THM00048453,BANG NA AGROMET,13.667,100.617,6.0,2026-04-24,TMAX,352.0,2026-04,35.2,Max temperature (C)
TH000048357,NAKHON PHANOM,17.417,104.783,148.0,2026-04-24,TMAX,252.0,2026-04,25.2,Max temperature (C)
TH000048455,BANGKOK METROPOLIS,13.733,100.567,4.0,2026-04-25,TAVG,314.0,2026-04,31.4,Average temperature (C)
TH000048357,NAKHON PHANOM,17.417,104.783,148.0,2026-04-25,TMIN,240.0,2026-04,24.0,Min temperature (C)
TH000048426,LOP BURI,14.8,100.617,11.0,2026-04-26,TMAX,345.0,2026-04,34.5,Max temperature (C)
TH000048325,MAE SARIANG,18.167,97.933,213.0,2026-04-26,TMAX,365.0,2026-04,36.5,Max temperature (C)
TH000048425,SUPHAN BURI,14.467,100.133,8.0,2026-04-26,TMAX,360.0,2026-04,36.0,Max temperature (C)
TH000048325,MAE SARIANG,18.167,97.933,213.0,2026-04-27,TMAX,377.0,2026-04,37.7,Max temperature (C)
TH000048432,SURIN,14.883,103.5,147.0,2026-04-27,TMIN,260.0,2026-04,26.0,Min temperature (C)
TH000048564,PHUKET,7.883,98.4,3.0,2026-04-27,TMIN,277.0,2026-04,27.7,Min temperature (C)
TH000048325,MAE SARIANG,18.167,97.933,213.0,2026-04-28,TMIN,228.0,2026-04,22.8,Min temperature (C)
TH000048462,ARANYAPRATHET,13.7,102.583,49.0,2026-04-30,TAVG,303.0,2026-04,30.3,Average temperature (C)
TH000048455,BANGKOK METROPOLIS,13.733,100.567,4.0,2026-04-30,TAVG,319.0,2026-04,31.9,Average temperature (C)
TH000048455,BANGKOK METROPOLIS,13.733,100.567,4.0,2026-04-30,TMAX,363.0,2026-04,36.3,Max temperature (C)
TH000048351,UTTARADIT,17.617,100.1,64.0,2026-04-30,TMAX,364.0,2026-04,36.4,Max temperature (C)
TH000048425,SUPHAN BURI,14.467,100.133,8.0,2026-04-30,TAVG,307.0,2026-04,30.7,Average temperature (C)
TH000048351,UTTARADIT,17.617,100.1,64.0,2026-04-30,TMIN,242.0,2026-04,24.2,Min temperature (C)
TH000048383,MUKDAHAN,16.533,104.717,139.0,2026-04-30,TAVG,275.0,2026-04,27.5,Average temperature (C)
THM00048453,BANG NA AGROMET,13.667,100.617,6.0,2026-05-01,TMIN,272.0,2026-05,27.2,Min temperature (C)
THM00048453,BANG NA AGROMET,13.667,100.617,6.0,2026-05-01,TMAX,355.0,2026-05,35.5,Max temperature (C)
TH000048383,MUKDAHAN,16.533,104.717,139.0,2026-05-01,TAVG,289.0,2026-05,28.9,Average temperature (C)
TH000048462,ARANYAPRATHET,13.7,102.583,49.0,2026-05-01,TAVG,292.0,2026-05,29.2,Average temperature (C)
TH000048455,BANGKOK METROPOLIS,13.733,100.567,4.0,2026-05-03,TAVG,327.0,2026-05,32.7,Average temperature (C)
TH000048351,UTTARADIT,17.617,100.1,64.0,2026-05-03,TMAX,400.0,2026-05,40.0,Max temperature (C)
TH000048462,ARANYAPRATHET,13.7,102.583,49.0,2026-05-03,TMAX,390.0,2026-05,39.0,Max temperature (C)
TH000048455,BANGKOK METROPOLIS,13.733,100.567,4.0,2026-05-03,TMAX,372.0,2026-05,37.2,Max temperature (C)
TH000048455,BANGKOK METROPOLIS,13.733,100.567,4.0,2026-05-04,TMIN,253.0,2026-05,25.3,Min temperature (C)
THM00048453,BANG NA AGROMET,13.667,100.617,6.0,2026-05-04,TMIN,237.0,2026-05,23.7,Min temperature (C)
TH000048357,NAKHON PHANOM,17.417,104.783,148.0,2026-05-05,TAVG,296.0,2026-05,29.6,Average temperature (C)
TH000048425,SUPHAN BURI,14.467,100.133,8.0,2026-05-05,TMAX,357.0,2026-05,35.7,Max temperature (C)
TH000048432,SURIN,14.883,103.5,147.0,2026-05-05,TMAX,335.0,2026-05,33.5,Max temperature (C)
TH000048351,UTTARADIT,17.617,100.1,64.0,2026-05-06,TMIN,275.0,2026-05,27.5,Min temperature (C)
TH000048425,SUPHAN BURI,14.467,100.133,8.0,2026-05-06,TMIN,278.0,2026-05,27.8,Min temperature (C)
TH000048351,UTTARADIT,17.617,100.1,64.0,2026-05-07,TAVG,310.0,2026-05,31.0,Average temperature (C)
THM00048453,BANG NA AGROMET,13.667,100.617,6.0,2026-05-07,TMAX,357.0,2026-05,35.7,Max temperature (C)
TH000048383,MUKDAHAN,16.533,104.717,139.0,2026-05-08,TMIN,242.0,2026-05,24.2,Min temperature (C)
THM00048453,BANG NA AGROMET,13.667,100.617,6.0,2026-05-08,TMAX,358.0,2026-05,35.8,Max temperature (C)
TH000048450,KANCHANABURI,14.017,99.533,29.0,2026-05-10,TAVG,303.0,2026-05,30.3,Average temperature (C)
TH000048450,KANCHANABURI,14.017,99.533,29.0,2026-05-10,TMIN,250.0,2026-05,25.0,Min temperature (C)
TH000048455,BANGKOK METROPOLIS,13.733,100.567,4.0,2026-05-11,TAVG,316.0,2026-05,31.6,Average temperature (C)
TH000048455,BANGKOK METROPOLIS,13.733,100.567,4.0,2026-05-12,TMAX,321.0,2026-05,32.1,Max temperature (C)
TH000048425,SUPHAN BURI,14.467,100.133,8.0,2026-05-12,TMIN,260.0,2026-05,26.0,Min temperature (C)
TH000048426,LOP BURI,14.8,100.617,11.0,2026-05-12,TAVG,300.0,2026-05,30.0,Average temperature (C)
TH000048455,BANGKOK METROPOLIS,13.733,100.567,4.0,2026-05-13,TAVG,306.0,2026-05,30.6,Average temperature (C)
TH000048357,NAKHON PHANOM,17.417,104.783,148.0,2026-05-13,TMAX,344.0,2026-05,34.4,Max temperature (C)
TH000048432,SURIN,14.883,103.5,147.0,2026-05-13,TAVG,302.0,2026-05,30.2,Average temperature (C)
TH000048426,LOP BURI,14.8,100.617,11.0,2026-05-13,TAVG,301.0,2026-05,30.1,Average temperature (C)
TH000048426,LOP BURI,14.8,100.617,11.0,2026-05-14,TAVG,310.0,2026-05,31.0,Average temperature (C)
TH000048425,SUPHAN BURI,14.467,100.133,8.0,2026-05-14,TAVG,291.0,2026-05,29.1,Average temperature (C)
TH000048501,KHLONG YAI,11.767,102.883,4.0,2026-05-16,TAVG,292.0,2026-05,29.2,Average temperature (C)
TH000048432,SURIN,14.883,103.5,147.0,2026-05-16,TMIN,265.0,2026-05,26.5,Min temperature (C)
TH000048432,SURIN,14.883,103.5,147.0,2026-05-17,TMIN,260.0,2026-05,26.0,Min temperature (C)
TH000048462,ARANYAPRATHET,13.7,102.583,49.0,2026-05-17,TMIN,266.0,2026-05,26.6,Min temperature (C)
TH000048425,SUPHAN BURI,14.467,100.133,8.0,2026-05-17,TAVG,298.0,2026-05,29.8,Average temperature (C)
TH000048425,SUPHAN BURI,14.467,100.133,8.0,2026-05-18,TMAX,338.0,2026-05,33.8,Max temperature (C)
TH000048383,MUKDAHAN,16.533,104.717,139.0,2026-05-18,TMAX,344.0,2026-05,34.4,Max temperature (C)
TH000048426,LOP BURI,14.8,100.617,11.0,2026-05-20,TMAX,321.0,2026-05,32.1,Max temperature (C)
TH000048564,PHUKET,7.883,98.4,3.0,2026-05-20,TMIN,238.0,2026-05,23.8,Min temperature (C)
TH000048501,KHLONG YAI,11.767,102.883,4.0,2026-01-01,TMAX,307.0,2026-01,30.7,Max temperature (C)
TH000048501,KHLONG YAI,11.767,102.883,4.0,2026-01-02,TMAX,313.0,2026-01,31.3,Max temperature (C)
TH000048351,UTTARADIT,17.617,100.1,64.0,2026-01-03,TMIN,177.0,2026-01,17.7,Min temperature (C)
TH000048450,KANCHANABURI,14.017,99.533,29.0,2026-01-04,TAVG,245.0,2026-01,24.5,Average temperature (C)
THM00048453,BANG NA AGROMET,13.667,100.617,6.0,2026-01-04,TAVG,260.0,2026-01,26.0,Average temperature (C)
TH000048432,SURIN,14.883,103.5,147.0,2026-01-04,TMAX,295.0,2026-01,29.5,Max temperature (C)
TH000048357,NAKHON PHANOM,17.417,104.783,148.0,2026-01-05,TAVG,237.0,2026-01,23.7,Average temperature (C)
TH000048325,MAE SARIANG,18.167,97.933,213.0,2026-01-05,TMAX,309.0,2026-01,30.9,Max temperature (C)
TH000048425,SUPHAN BURI,14.467,100.133,8.0,2026-01-06,TMAX,310.0,2026-01,31.0,Max temperature (C)
TH000048455,BANGKOK METROPOLIS,13.733,100.567,4.0,2026-01-06,TAVG,280.0,2026-01,28.0,Average temperature (C)
TH000048426,LOP BURI,14.8,100.617,11.0,2026-01-07,TMAX,292.0,2026-01,29.2,Max temperature (C)
TH000048426,LOP BURI,14.8,100.617,11.0,2026-01-08,TMIN,177.0,2026-01,17.7,Min temperature (C)
TH000048357,NAKHON PHANOM,17.417,104.783,148.0,2026-01-09,TAVG,183.0,2026-01,18.3,Average temperature (C)
TH000048501,KHLONG YAI,11.767,102.883,4.0,2026-01-10,TAVG,245.0,2026-01,24.5,Average temperature (C)
TH000048455,BANGKOK METROPOLIS,13.733,100.567,4.0,2026-01-10,TMAX,301.0,2026-01,30.1,Max temperature (C)
TH000048426,LOP BURI,14.8,100.617,11.0,2026-01-11,TMIN,168.0,2026-01,16.8,Min temperature (C)
TH000048564,PHUKET,7.883,98.4,3.0,2026-01-11,TAVG,275.0,2026-01,27.5,Average temperature (C)
TH000048501,KHLONG YAI,11.767,102.883,4.0,2026-01-11,TMIN,198.0,2026-01,19.8,Min temperature (C)
TH000048325,MAE SARIANG,18.167,97.933,213.0,2026-01-11,TAVG,189.0,2026-01,18.9,Average temperature (C)
TH000048357,NAKHON PHANOM,17.417,104.783,148.0,2026-01-13,TMAX,276.0,2026-01,27.6,Max temperature (C)
TH000048426,LOP BURI,14.8,100.617,11.0,2026-01-13,TAVG,235.0,2026-01,23.5,Average temperature (C)
TH000048383,MUKDAHAN,16.533,104.717,139.0,2026-01-13,TAVG,217.0,2026-01,21.7,Average temperature (C)
TH000048425,SUPHAN BURI,14.467,100.133,8.0,2026-01-13,TMIN,175.0,2026-01,17.5,Min temperature (C)
TH000048462,ARANYAPRATHET,13.7,102.583,49.0,2026-01-14,TAVG,263.0,2026-01,26.3,Average temperature (C)
TH000048357,NAKHON PHANOM,17.417,104.783,148.0,2026-01-14,TAVG,218.0,2026-01,21.8,Average temperature (C)
TH000048501,KHLONG YAI,11.767,102.883,4.0,2026-01-15,TMAX,300.0,2026-01,30.0,Max temperature (C)
THM00048453,BANG NA AGROMET,13.667,100.617,6.0,2026-01-16,TMAX,320.0,2026-01,32.0,Max temperature (C)
TH000048432,SURIN,14.883,103.5,147.0,2026-01-16,TMIN,208.0,2026-01,20.8,Min temperature (C)
TH000048325,MAE SARIANG,18.167,97.933,213.0,2026-01-17,TMIN,156.0,2026-01,15.6,Min temperature (C)
TH000048501,KHLONG YAI,11.767,102.883,4.0,2026-01-18,TMAX,297.0,2026-01,29.7,Max temperature (C)
TH000048501,KHLONG YAI,11.767,102.883,4.0,2026-01-19,TMIN,221.0,2026-01,22.1,Min temperature (C)
TH000048351,UTTARADIT,17.617,100.1,64.0,2026-01-19,TMAX,337.0,2026-01,33.7,Max temperature (C)
TH000048432,SURIN,14.883,103.5,147.0,2026-01-21,TMAX,316.0,2026-01,31.6,Max temperature (C)
TH000048425,SUPHAN BURI,14.467,100.133,8.0,2026-01-22,TAVG,262.0,2026-01,26.2,Average temperature (C)
TH000048564,PHUKET,7.883,98.4,3.0,2026-01-22,TMAX,320.0,2026-01,32.0,Max temperature (C)
TH000048432,SURIN,14.883,103.5,147.0,2026-01-22,TMAX,315.0,2026-01,31.5,Max temperature (C)
TH000048425,SUPHAN BURI,14.467,100.133,8.0,2026-01-23,TAVG,250.0,2026-01,25.0,Average temperature (C)
TH000048426,LOP BURI,14.8,100.617,11.0,2026-01-23,TMIN,200.0,2026-01,20.0,Min temperature (C)
THM00048453,BANG NA AGROMET,13.667,100.617,6.0,2026-01-24,TAVG,265.0,2026-01,26.5,Average temperature (C)
TH000048450,KANCHANABURI,14.017,99.533,29.0,2026-01-24,TMIN,183.0,2026-01,18.3,Min temperature (C)
TH000048462,ARANYAPRATHET,13.7,102.583,49.0,2026-01-24,TMAX,307.0,2026-01,30.7,Max temperature (C)
TH000048351,UTTARADIT,17.617,100.1,64.0,2026-01-24,TMIN,171.0,2026-01,17.1,Min temperature (C)
TH000048455,BANGKOK METROPOLIS,13.733,100.567,4.0,2026-01-24,TMIN,230.0,2026-01,23.0,Min temperature (C)
THM00048453,BANG NA AGROMET,13.667,100.617,6.0,2026-01-25,TMIN,206.0,2026-01,20.6,Min temperature (C)
TH000048432,SURIN,14.883,103.5,147.0,2026-01-25,TMAX,316.0,2026-01,31.6,Max temperature (C)
TH000048325,MAE SARIANG,18.167,97.933,213.0,2026-01-26,TAVG,201.0,2026-01,20.1,Average temperature (C)
TH000048351,UTTARADIT,17.617,100.1,64.0,2026-01-26,TAVG,235.0,2026-01,23.5,Average temperature (C)
TH000048450,KANCHANABURI,14.017,99.533,29.0,2026-01-28,TAVG,256.0,2026-01,25.6,Average temperature (C)
TH000048450,KANCHANABURI,14.017,99.533,29.0,2026-01-28,TMIN,187.0,2026-01,18.7,Min temperature (C)
TH000048357,NAKHON PHANOM,17.417,104.783,148.0,2026-01-29,TMIN,156.0,2026-01,15.6,Min temperature (C)
TH000048425,SUPHAN BURI,14.467,100.133,8.0,2026-01-29,TMAX,328.0,2026-01,32.8,Max temperature (C)
TH000048432,SURIN,14.883,103.5,147.0,2026-01-29,TAVG,248.0,2026-01,24.8,Average temperature (C)
TH000048432,SURIN,14.883,103.5,147.0,2026-01-31,TMIN,197.0,2026-01,19.7,Min temperature (C)
TH000048564,PHUKET,7.883,98.4,3.0,2026-01-31,TMIN,252.0,2026-01,25.2,Min temperature (C)
TH000048432,SURIN,14.883,103.5,147.0,2026-02-01,TAVG,257.0,2026-02,25.7,Average temperature (C)
TH000048455,BANGKOK METROPOLIS,13.733,100.567,4.0,2026-02-01,TAVG,299.0,2026-02,29.9,Average temperature (C)
THM00048453,BANG NA AGROMET,13.667,100.617,6.0,2026-02-01,TMAX,337.0,2026-02,33.7,Max temperature (C)
TH000048432,SURIN,14.883,103.5,147.0,2026-02-02,TMIN,188.0,2026-02,18.8,Min temperature (C)
TH000048425,SUPHAN BURI,14.467,100.133,8.0,2026-02-03,TMIN,215.0,2026-02,21.5,Min temperature (C)
TH000048426,LOP BURI,14.8,100.617,11.0,2026-02-03,TMAX,324.0,2026-02,32.4,Max temperature (C)
TH000048325,MAE SARIANG,18.167,97.933,213.0,2026-02-03,TMIN,151.0,2026-02,15.1,Min temperature (C)
TH000048432,SURIN,14.883,103.5,147.0,2026-02-03,TMAX,312.0,2026-02,31.2,Max temperature (C)
TH000048450,KANCHANABURI,14.017,99.533,29.0,2026-02-04,TMIN,217.0,2026-02,21.7,Min temperature (C)
TH000048325,MAE SARIANG,18.167,97.933,213.0,2026-02-04,TAVG,223.0,2026-02,22.3,Average temperature (C)
TH000048462,ARANYAPRATHET,13.7,102.583,49.0,2026-02-04,TMIN,216.0,2026-02,21.6,Min temperature (C)
TH000048383,MUKDAHAN,16.533,104.717,139.0,2026-02-04,TAVG,246.0,2026-02,24.6,Average temperature (C)
TH000048455,BANGKOK METROPOLIS,13.733,100.567,4.0,2026-02-05,TMAX,353.0,2026-02,35.3,Max temperature (C)
TH000048325,MAE SARIANG,18.167,97.933,213.0,2026-02-05,TMIN,153.0,2026-02,15.3,Min temperature (C)
TH000048462,ARANYAPRATHET,13.7,102.583,49.0,2026-02-06,TMAX,362.0,2026-02,36.2,Max temperature (C)
TH000048564,PHUKET,7.883,98.4,3.0,2026-02-06,TMIN,258.0,2026-02,25.8,Min temperature (C)
TH000048564,PHUKET,7.883,98.4,3.0,2026-02-07,TMIN,261.0,2026-02,26.1,Min temperature (C)
TH000048425,SUPHAN BURI,14.467,100.133,8.0,2026-02-07,TMAX,345.0,2026-02,34.5,Max temperature (C)
TH000048425,SUPHAN BURI,14.467,100.133,8.0,2026-02-08,TMAX,331.0,2026-02,33.1,Max temperature (C)
TH000048325,MAE SARIANG,18.167,97.933,213.0,2026-02-08,TMIN,150.0,2026-02,15.0,Min temperature (C)
TH000048425,SUPHAN BURI,14.467,100.133,8.0,2026-02-09,TMIN,210.0,2026-02,21.0,Min temperature (C)
TH000048325,MAE SARIANG,18.167,97.933,213.0,2026-02-10,TMIN,173.0,2026-02,17.3,Min temperature (C)
TH000048455,BANGKOK METROPOLIS,13.733,100.567,4.0,2026-02-10,TMIN,240.0,2026-02,24.0,Min temperature (C)
TH000048351,UTTARADIT,17.617,100.1,64.0,2026-02-10,TMIN,211.0,2026-02,21.1,Min temperature (C)
TH000048425,SUPHAN BURI,14.467,100.133,8.0,2026-02-12,TMAX,323.0,2026-02,32.3,Max temperature (C)
TH000048432,SURIN,14.883,103.5,147.0,2026-02-13,TAVG,293.0,2026-02,29.3,Average temperature (C)
TH000048383,MUKDAHAN,16.533,104.717,139.0,2026-02-14,TMAX,322.0,2026-02,32.2,Max temperature (C)
TH000048351,UTTARADIT,17.617,100.1,64.0,2026-02-15,TMIN,230.0,2026-02,23.0,Min temperature (C)
TH000048426,LOP BURI,14.8,100.617,11.0,2026-02-16,TMAX,340.0,2026-02,34.0,Max temperature (C)
TH000048325,MAE SARIANG,18.167,97.933,213.0,2026-02-17,TAVG,249.0,2026-02,24.9,Average temperature (C)
TH000048450,KANCHANABURI,14.017,99.533,29.0,2026-02-17,TMIN,266.0,2026-02,26.6,Min temperature (C)
TH000048351,UTTARADIT,17.617,100.1,64.0,2026-02-17,TMIN,245.0,2026-02,24.5,Min temperature (C)
TH000048325,MAE SARIANG,18.167,97.933,213.0,2026-02-18,TMIN,220.0,2026-02,22.0,Min temperature (C)
TH000048383,MUKDAHAN,16.533,104.717,139.0,2026-02-18,TMAX,295.0,2026-02,29.5,Max temperature (C)
TH000048450,KANCHANABURI,14.017,99.533,29.0,2026-02-18,TMAX,306.0,2026-02,30.6,Max temperature (C)
TH000048450,KANCHANABURI,14.017,99.533,29.0,2026-02-19,TAVG,295.0,2026-02,29.5,Average temperature (C)
TH000048462,ARANYAPRATHET,13.7,102.583,49.0,2026-02-19,TMIN,260.0,2026-02,26.0,Min temperature (C)
TH000048462,ARANYAPRATHET,13.7,102.583,49.0,2026-02-20,TMAX,350.0,2026-02,35.0,Max temperature (C)
TH000048450,KANCHANABURI,14.017,99.533,29.0,2026-02-21,TMAX,366.0,2026-02,36.6,Max temperature (C)
THM00048453,BANG NA AGROMET,13.667,100.617,6.0,2026-02-21,TMIN,268.0,2026-02,26.8,Min temperature (C)
TH000048450,KANCHANABURI,14.017,99.533,29.0,2026-02-21,TAVG,312.0,2026-02,31.2,Average temperature (C)
TH000048426,LOP BURI,14.8,100.617,11.0,2026-02-22,TMIN,260.0,2026-02,26.0,Min temperature (C)
TH000048450,KANCHANABURI,14.017,99.533,29.0,2026-02-22,TMAX,361.0,2026-02,36.1,Max temperature (C)
TH000048325,MAE SARIANG,18.167,97.933,213.0,2026-02-23,TMAX,281.0,2026-02,28.1,Max temperature (C)
TH000048425,SUPHAN BURI,14.467,100.133,8.0,2026-02-23,TAVG,297.0,2026-02,29.7,Average temperature (C)
TH000048426,LOP BURI,14.8,100.617,11.0,2026-02-23,TMAX,342.0,2026-02,34.2,Max temperature (C)
TH000048325,MAE SARIANG,18.167,97.933,213.0,2026-02-24,TMIN,220.0,2026-02,22.0,Min temperature (C)
TH000048383,MUKDAHAN,16.533,104.717,139.0,2026-02-24,TMIN,255.0,2026-02,25.5,Min temperature (C)
TH000048462,ARANYAPRATHET,13.7,102.583,49.0,2026-02-25,TAVG,295.0,2026-02,29.5,Average temperature (C)
TH000048383,MUKDAHAN,16.533,104.717,139.0,2026-02-26,TMIN,255.0,2026-02,25.5,Min temperature (C)
TH000048432,SURIN,14.883,103.5,147.0,2026-02-27,TAVG,264.0,2026-02,26.4,Average temperature (C)
TH000048351,UTTARADIT,17.617,100.1,64.0,2026-02-27,TMIN,242.0,2026-02,24.2,Min temperature (C)
TH000048450,KANCHANABURI,14.017,99.533,29.0,2026-02-28,TMAX,370.0,2026-02,37.0,Max temperature (C)
TH000048462,ARANYAPRATHET,13.7,102.583,49.0,2026-02-28,TMIN,245.0,2026-02,24.5,Min temperature (C)
TH000048425,SUPHAN BURI,14.467,100.133,8.0,2026-02-28,TMAX,360.0,2026-02,36.0,Max temperature (C)
TH000048455,BANGKOK METROPOLIS,13.733,100.567,4.0,2026-03-01,TMAX,337.0,2026-03,33.7,Max temperature (C)
TH000048432,SURIN,14.883,103.5,147.0,2026-03-01,TAVG,307.0,2026-03,30.7,Average temperature (C)
TH000048425,SUPHAN BURI,14.467,100.133,8.0,2026-03-02,TMIN,245.0,2026-03,24.5,Min temperature (C)
TH000048462,ARANYAPRATHET,13.7,102.583,49.0,2026-03-02,TMAX,375.0,2026-03,37.5,Max temperature (C)
TH000048455,BANGKOK METROPOLIS,13.733,100.567,4.0,2026-03-03,TAVG,309.0,2026-03,30.9,Average temperature (C)
TH000048432,SURIN,14.883,103.5,147.0,2026-03-03,TAVG,303.0,2026-03,30.3,Average temperature (C)
TH000048351,UTTARADIT,17.617,100.1,64.0,2026-03-03,TMIN,206.0,2026-03,20.6,Min temperature (C)
TH000048426,LOP BURI,14.8,100.617,11.0,2026-03-04,TMAX,365.0,2026-03,36.5,Max temperature (C)
TH000048383,MUKDAHAN,16.533,104.717,139.0,2026-03-07,TAVG,257.0,2026-03,25.7,Average temperature (C)
TH000048455,BANGKOK METROPOLIS,13.733,100.567,4.0,2026-03-08,TMAX,352.0,2026-03,35.2,Max temperature (C)
TH000048462,ARANYAPRATHET,13.7,102.583,49.0,2026-03-09,TAVG,314.0,2026-03,31.4,Average temperature (C)
TH000048351,UTTARADIT,17.617,100.1,64.0,2026-03-09,TMAX,366.0,2026-03,36.6,Max temperature (C)
TH000048455,BANGKOK METROPOLIS,13.733,100.567,4.0,2026-03-10,TMIN,280.0,2026-03,28.0,Min temperature (C)
TH000048325,MAE SARIANG,18.167,97.933,213.0,2026-03-10,TMIN,190.0,2026-03,19.0,Min temperature (C)
TH000048455,BANGKOK METROPOLIS,13.733,100.567,4.0,2026-03-10,TMAX,362.0,2026-03,36.2,Max temperature (C)
TH000048455,BANGKOK METROPOLIS,13.733,100.567,4.0,2026-03-11,TAVG,305.0,2026-03,30.5,Average temperature (C)
TH000048357,NAKHON PHANOM,17.417,104.783,148.0,2026-03-11,TMIN,180.0,2026-03,18.0,Min temperature (C)
TH000048432,SURIN,14.883,103.5,147.0,2026-03-11,TMAX,326.0,2026-03,32.6,Max temperature (C)
TH000048426,LOP BURI,14.8,100.617,11.0,2026-03-11,TAVG,287.0,2026-03,28.7,Average temperature (C)
THM00048453,BANG NA AGROMET,13.667,100.617,6.0,2026-03-11,TMAX,344.0,2026-03,34.4,Max temperature (C)
TH000048357,NAKHON PHANOM,17.417,104.783,148.0,2026-03-12,TAVG,246.0,2026-03,24.6,Average temperature (C)
TH000048450,KANCHANABURI,14.017,99.533,29.0,2026-03-12,TAVG,290.0,2026-03,29.0,Average temperature (C)
TH000048462,ARANYAPRATHET,13.7,102.583,49.0,2026-03-12,TAVG,274.0,2026-03,27.4,Average temperature (C)
THM00048453,BANG NA AGROMET,13.667,100.617,6.0,2026-03-13,TMAX,333.0,2026-03,33.3,Max temperature (C)
TH000048455,BANGKOK METROPOLIS,13.733,100.567,4.0,2026-03-13,TMAX,338.0,2026-03,33.8,Max temperature (C)
THM00048453,BANG NA AGROMET,13.667,100.617,6.0,2026-03-14,TAVG,305.0,2026-03,30.5,Average temperature (C)
TH000048426,LOP BURI,14.8,100.617,11.0,2026-03-14,TMAX,348.0,2026-03,34.8,Max temperature (C)
THM00048453,BANG NA AGROMET,13.667,100.617,6.0,2026-03-15,TMIN,270.0,2026-03,27.0,Min temperature (C)
TH000048325,MAE SARIANG,18.167,97.933,213.0,2026-03-15,TAVG,245.0,2026-03,24.5,Average temperature (C)
TH000048383,MUKDAHAN,16.533,104.717,139.0,2026-03-16,TMAX,308.0,2026-03,30.8,Max temperature (C)
TH000048357,NAKHON PHANOM,17.417,104.783,148.0,2026-03-16,TAVG,261.0,2026-03,26.1,Average temperature (C)
THM00048453,BANG NA AGROMET,13.667,100.617,6.0,2026-03-17,TMAX,335.0,2026-03,33.5,Max temperature (C)
TH000048426,LOP BURI,14.8,100.617,11.0,2026-03-17,TAVG,304.0,2026-03,30.4,Average temperature (C)
TH000048450,KANCHANABURI,14.017,99.533,29.0,2026-03-18,TMIN,250.0,2026-03,25.0,Min temperature (C)
THM00048453,BANG NA AGROMET,13.667,100.617,6.0,2026-03-18,TMAX,339.0,2026-03,33.9,Max temperature (C)
TH000048501,KHLONG YAI,11.767,102.883,4.0,2026-03-19,TAVG,290.0,2026-03,29.0,Average temperature (C)
TH000048383,MUKDAHAN,16.533,104.717,139.0,2026-03-19,TMIN,262.0,2026-03,26.2,Min temperature (C)
TH000048450,KANCHANABURI,14.017,99.533,29.0,2026-03-19,TAVG,295.0,2026-03,29.5,Average temperature (C)
TH000048425,SUPHAN BURI,14.467,100.133,8.0,2026-03-20,TAVG,299.0,2026-03,29.9,Average temperature (C)
TH000048383,MUKDAHAN,16.533,104.717,139.0,2026-03-21,TMAX,348.0,2026-03,34.8,Max temperature (C)
TH000048432,SURIN,14.883,103.5,147.0,2026-03-22,TMAX,365.0,2026-03,36.5,Max temperature (C)
TH000048564,PHUKET,7.883,98.4,3.0,2026-03-22,TMIN,267.0,2026-03,26.7,Min temperature (C)
TH000048450,KANCHANABURI,14.017,99.533,29.0,2026-03-22,TAVG,315.0,2026-03,31.5,Average temperature (C)
TH000048325,MAE SARIANG,18.167,97.933,213.0,2026-03-22,TMIN,203.0,2026-03,20.3,Min temperature (C)
TH000048432,SURIN,14.883,103.5,147.0,2026-03-23,TMIN,264.0,2026-03,26.4,Min temperature (C)
TH000048426,LOP BURI,14.8,100.617,11.0,2026-03-24,TMAX,375.0,2026-03,37.5,Max temperature (C)
TH000048357,NAKHON PHANOM,17.417,104.783,148.0,2026-03-24,TAVG,315.0,2026-03,31.5,Average temperature (C)
TH000048357,NAKHON PHANOM,17.417,104.783,148.0,2026-03-24,TMIN,268.0,2026-03,26.8,Min temperature (C)
TH000048462,ARANYAPRATHET,13.7,102.583,49.0,2026-03-25,TAVG,319.0,2026-03,31.9,Average temperature (C)
TH000048462,ARANYAPRATHET,13.7,102.583,49.0,2026-03-25,TMAX,371.0,2026-03,37.1,Max temperature (C)
TH000048426,LOP BURI,14.8,100.617,11.0,2026-04-03,TMIN,266.0,2026-04,26.6,Min temperature (C)
TH000048455,BANGKOK METROPOLIS,13.733,100.567,4.0,2026-04-03,TAVG,311.0,2026-04,31.1,Average temperature (C)
TH000048501,KHLONG YAI,11.767,102.883,4.0,2026-04-06,TAVG,293.0,2026-04,29.3,Average temperature (C)
TH000048383,MUKDAHAN,16.533,104.717,139.0,2026-04-06,TMIN,283.0,2026-04,28.3,Min temperature (C)
TH000048425,SUPHAN BURI,14.467,100.133,8.0,2026-04-07,TMIN,263.0,2026-04,26.3,Min temperature (C)
TH000048357,NAKHON PHANOM,17.417,104.783,148.0,2026-04-08,TMAX,389.0,2026-04,38.9,Max temperature (C)
TH000048425,SUPHAN BURI,14.467,100.133,8.0,2026-04-10,TAVG,313.0,2026-04,31.3,Average temperature (C)
THM00048453,BANG NA AGROMET,13.667,100.617,6.0,2026-04-11,TMAX,367.0,2026-04,36.7,Max temperature (C)
TH000048455,BANGKOK METROPOLIS,13.733,100.567,4.0,2026-04-12,TMIN,289.0,2026-04,28.9,Min temperature (C)
TH000048351,UTTARADIT,17.617,100.1,64.0,2026-04-12,TAVG,315.0,2026-04,31.5,Average temperature (C)
TH000048425,SUPHAN BURI,14.467,100.133,8.0,2026-04-12,TMAX,385.0,2026-04,38.5,Max temperature (C)
TH000048357,NAKHON PHANOM,17.417,104.783,148.0,2026-04-12,TAVG,333.0,2026-04,33.3,Average temperature (C)
TH000048455,BANGKOK METROPOLIS,13.733,100.567,4.0,2026-04-13,TAVG,325.0,2026-04,32.5,Average temperature (C)
THM00048453,BANG NA AGROMET,13.667,100.617,6.0,2026-04-13,TAVG,323.0,2026-04,32.3,Average temperature (C)
TH000048426,LOP BURI,14.8,100.617,11.0,2026-04-15,TMAX,392.0,2026-04,39.2,Max temperature (C)
TH000048426,LOP BURI,14.8,100.617,11.0,2026-04-15,TMIN,272.0,2026-04,27.2,Min temperature (C)
TH000048425,SUPHAN BURI,14.467,100.133,8.0,2026-04-16,TMAX,394.0,2026-04,39.4,Max temperature (C)
TH000048501,KHLONG YAI,11.767,102.883,4.0,2026-04-16,TMAX,345.0,2026-04,34.5,Max temperature (C)
TH000048351,UTTARADIT,17.617,100.1,64.0,2026-04-17,TAVG,324.0,2026-04,32.4,Average temperature (C)
TH000048450,KANCHANABURI,14.017,99.533,29.0,2026-04-17,TAVG,332.0,2026-04,33.2,Average temperature (C)
TH000048501,KHLONG YAI,11.767,102.883,4.0,2026-04-18,TAVG,295.0,2026-04,29.5,Average temperature (C)
THM00048453,BANG NA AGROMET,13.667,100.617,6.0,2026-04-18,TMAX,359.0,2026-04,35.9,Max temperature (C)
TH000048325,MAE SARIANG,18.167,97.933,213.0,2026-04-18,TAVG,299.0,2026-04,29.9,Average temperature (C)
TH000048357,NAKHON PHANOM,17.417,104.783,148.0,2026-04-18,TAVG,313.0,2026-04,31.3,Average temperature (C)
TH000048432,SURIN,14.883,103.5,147.0,2026-04-19,TMIN,249.0,2026-04,24.9,Min temperature (C)
TH000048425,SUPHAN BURI,14.467,100.133,8.0,2026-04-20,TMIN,261.0,2026-04,26.1,Min temperature (C)
TH000048501,KHLONG YAI,11.767,102.883,4.0,2026-04-20,TMIN,243.0,2026-04,24.3,Min temperature (C)
TH000048455,BANGKOK METROPOLIS,13.733,100.567,4.0,2026-04-20,TMIN,298.0,2026-04,29.8,Min temperature (C)
TH000048455,BANGKOK METROPOLIS,13.733,100.567,4.0,2026-04-21,TMIN,298.0,2026-04,29.8,Min temperature (C)
TH000048426,LOP BURI,14.8,100.617,11.0,2026-04-21,TMAX,372.0,2026-04,37.2,Max temperature (C)
TH000048383,MUKDAHAN,16.533,104.717,139.0,2026-04-21,TMAX,370.0,2026-04,37.0,Max temperature (C)
TH000048432,SURIN,14.883,103.5,147.0,2026-04-21,TMAX,362.0,2026-04,36.2,Max temperature (C)
TH000048325,MAE SARIANG,18.167,97.933,213.0,2026-04-21,TMAX,375.0,2026-04,37.5,Max temperature (C)
TH000048564,PHUKET,7.883,98.4,3.0,2026-04-21,TMIN,267.0,2026-04,26.7,Min temperature (C)
TH000048455,BANGKOK METROPOLIS,13.733,100.567,4.0,2026-04-22,TMAX,366.0,2026-04,36.6,Max temperature (C)
TH000048462,ARANYAPRATHET,13.7,102.583,49.0,2026-04-22,TAVG,316.0,2026-04,31.6,Average temperature (C)
TH000048564,PHUKET,7.883,98.4,3.0,2026-04-23,TMAX,350.0,2026-04,35.0,Max temperature (C)
TH000048357,NAKHON PHANOM,17.417,104.783,148.0,2026-04-23,TMIN,244.0,2026-04,24.4,Min temperature (C)
TH000048383,MUKDAHAN,16.533,104.717,139.0,2026-04-24,TMAX,265.0,2026-04,26.5,Max temperature (C)
TH000048462,ARANYAPRATHET,13.7,102.583,49.0,2026-04-24,TMAX,386.0,2026-04,38.6,Max temperature (C)
TH000048564,PHUKET,7.883,98.4,3.0,2026-04-24,TMAX,359.0,2026-04,35.9,Max temperature (C)
TH000048426,LOP BURI,14.8,100.617,11.0,2026-04-24,TMAX,380.0,2026-04,38.0,Max temperature (C)
TH000048564,PHUKET,7.883,98.4,3.0,2026-04-25,TMAX,352.0,2026-04,35.2,Max temperature (C)
TH000048564,PHUKET,7.883,98.4,3.0,2026-04-25,TMIN,270.0,2026-04,27.0,Min temperature (C)
TH000048426,LOP BURI,14.8,100.617,11.0,2026-04-27,TMIN,274.0,2026-04,27.4,Min temperature (C)
TH000048425,SUPHAN BURI,14.467,100.133,8.0,2026-04-28,TAVG,320.0,2026-04,32.0,Average temperature (C)
TH000048426,LOP BURI,14.8,100.617,11.0,2026-04-28,TMAX,380.0,2026-04,38.0,Max temperature (C)
THM00048453,BANG NA AGROMET,13.667,100.617,6.0,2026-04-28,TMAX,360.0,2026-04,36.0,Max temperature (C)
TH000048425,SUPHAN BURI,14.467,100.133,8.0,2026-04-28,TMIN,278.0,2026-04,27.8,Min temperature (C)
TH000048425,SUPHAN BURI,14.467,100.133,8.0,2026-04-29,TMAX,395.0,2026-04,39.5,Max temperature (C)
TH000048426,LOP BURI,14.8,100.617,11.0,2026-04-29,TAVG,327.0,2026-04,32.7,Average temperature (C)
TH000048564,PHUKET,7.883,98.4,3.0,2026-04-30,TAVG,311.0,2026-04,31.1,Average temperature (C)
TH000048501,KHLONG YAI,11.767,102.883,4.0,2026-04-30,TMAX,344.0,2026-04,34.4,Max temperature (C)
TH000048455,BANGKOK METROPOLIS,13.733,100.567,4.0,2026-05-01,TMAX,357.0,2026-05,35.7,Max temperature (C)
TH000048564,PHUKET,7.883,98.4,3.0,2026-05-01,TMAX,350.0,2026-05,35.0,Max temperature (C)
TH000048450,KANCHANABURI,14.017,99.533,29.0,2026-05-02,TAVG,306.0,2026-05,30.6,Average temperature (C)
TH000048564,PHUKET,7.883,98.4,3.0,2026-05-02,TAVG,296.0,2026-05,29.6,Average temperature (C)
TH000048432,SURIN,14.883,103.5,147.0,2026-05-02,TMAX,369.0,2026-05,36.9,Max temperature (C)
TH000048426,LOP BURI,14.8,100.617,11.0,2026-05-02,TMIN,285.0,2026-05,28.5,Min temperature (C)
THM00048453,BANG NA AGROMET,13.667,100.617,6.0,2026-05-03,TMAX,367.0,2026-05,36.7,Max temperature (C)
TH000048462,ARANYAPRATHET,13.7,102.583,49.0,2026-05-03,TAVG,298.0,2026-05,29.8,Average temperature (C)
TH000048426,LOP BURI,14.8,100.617,11.0,2026-05-04,TMAX,340.0,2026-05,34.0,Max temperature (C)
TH000048383,MUKDAHAN,16.533,104.717,139.0,2026-05-04,TMAX,349.0,2026-05,34.9,Max temperature (C)
TH000048455,BANGKOK METROPOLIS,13.733,100.567,4.0,2026-05-04,TMAX,381.0,2026-05,38.1,Max temperature (C)
TH000048426,LOP BURI,14.8,100.617,11.0,2026-05-06,TMAX,383.0,2026-05,38.3,Max temperature (C)
TH000048455,BANGKOK METROPOLIS,13.733,100.567,4.0,2026-05-07,TMIN,271.0,2026-05,27.1,Min temperature (C)
TH000048325,MAE SARIANG,18.167,97.933,213.0,2026-05-07,TMAX,405.0,2026-05,40.5,Max temperature (C)
TH000048325,MAE SARIANG,18.167,97.933,213.0,2026-05-08,TMIN,233.0,2026-05,23.3,Min temperature (C)
TH000048564,PHUKET,7.883,98.4,3.0,2026-05-08,TMIN,271.0,2026-05,27.1,Min temperature (C)
TH000048426,LOP BURI,14.8,100.617,11.0,2026-05-09,TMAX,351.0,2026-05,35.1,Max temperature (C)
TH000048455,BANGKOK METROPOLIS,13.733,100.567,4.0,2026-05-10,TAVG,304.0,2026-05,30.4,Average temperature (C)
TH000048383,MUKDAHAN,16.533,104.717,139.0,2026-05-11,TMAX,362.0,2026-05,36.2,Max temperature (C)
TH000048432,SURIN,14.883,103.5,147.0,2026-05-11,TAVG,302.0,2026-05,30.2,Average temperature (C)
TH000048462,ARANYAPRATHET,13.7,102.583,49.0,2026-05-12,TMAX,346.0,2026-05,34.6,Max temperature (C)
TH000048325,MAE SARIANG,18.167,97.933,213.0,2026-05-12,TMAX,324.0,2026-05,32.4,Max temperature (C)
TH000048564,PHUKET,7.883,98.4,3.0,2026-05-12,TAVG,279.0,2026-05,27.9,Average temperature (C)
TH000048325,MAE SARIANG,18.167,97.933,213.0,2026-05-13,TAVG,280.0,2026-05,28.0,Average temperature (C)
TH000048425,SUPHAN BURI,14.467,100.133,8.0,2026-05-13,TMIN,268.0,2026-05,26.8,Min temperature (C)
TH000048325,MAE SARIANG,18.167,97.933,213.0,2026-05-15,TMIN,242.0,2026-05,24.2,Min temperature (C)
TH000048351,UTTARADIT,17.617,100.1,64.0,2026-05-16,TMIN,268.0,2026-05,26.8,Min temperature (C)
TH000048351,UTTARADIT,17.617,100.1,64.0,2026-05-16,TMAX,360.0,2026-05,36.0,Max temperature (C)
TH000048455,BANGKOK METROPOLIS,13.733,100.567,4.0,2026-05-16,TMAX,352.0,2026-05,35.2,Max temperature (C)
TH000048501,KHLONG YAI,11.767,102.883,4.0,2026-05-18,TMAX,298.0,2026-05,29.8,Max temperature (C)
TH000048501,KHLONG YAI,11.767,102.883,4.0,2026-05-18,TMIN,258.0,2026-05,25.8,Min temperature (C)
THM00048453,BANG NA AGROMET,13.667,100.617,6.0,2026-05-19,TAVG,300.0,2026-05,30.0,Average temperature (C)
THM00048453,BANG NA AGROMET,13.667,100.617,6.0,2026-05-19,TMAX,345.0,2026-05,34.5,Max temperature (C)
TH000048357,NAKHON PHANOM,17.417,104.783,148.0,2026-05-20,TMIN,254.0,2026-05,25.4,Min temperature (C)
TH000048432,SURIN,14.883,103.5,147.0,2026-05-20,TAVG,277.0,2026-05,27.7,Average temperature (C)
TH000048564,PHUKET,7.883,98.4,3.0,2026-05-21,TMAX,325.0,2026-05,32.5,Max temperature (C)
THM00048453,BANG NA AGROMET,13.667,100.617,6.0,2026-05-21,TMAX,352.0,2026-05,35.2,Max temperature (C)
TH000048501,KHLONG YAI,11.767,102.883,4.0,2026-05-21,TMAX,304.0,2026-05,30.4,Max temperature (C)
TH000048455,BANGKOK METROPOLIS,13.733,100.567,4.0,2026-01-01,TMAX,337.0,2026-01,33.7,Max temperature (C)
THM00048453,BANG NA AGROMET,13.667,100.617,6.0,2026-01-01,TMIN,230.0,2026-01,23.0,Min temperature (C)
TH000048426,LOP BURI,14.8,100.617,11.0,2026-01-02,TAVG,269.0,2026-01,26.9,Average temperature (C)
TH000048426,LOP BURI,14.8,100.617,11.0,2026-01-03,TAVG,257.0,2026-01,25.7,Average temperature (C)
THM00048453,BANG NA AGROMET,13.667,100.617,6.0,2026-01-03,TAVG,262.0,2026-01,26.2,Average temperature (C)
TH000048501,KHLONG YAI,11.767,102.883,4.0,2026-01-03,TMAX,319.0,2026-01,31.9,Max temperature (C)
TH000048426,LOP BURI,14.8,100.617,11.0,2026-01-04,TMIN,190.0,2026-01,19.0,Min temperature (C)
TH000048351,UTTARADIT,17.617,100.1,64.0,2026-01-04,TMAX,301.0,2026-01,30.1,Max temperature (C)
TH000048425,SUPHAN BURI,14.467,100.133,8.0,2026-01-04,TMIN,193.0,2026-01,19.3,Min temperature (C)
THM00048453,BANG NA AGROMET,13.667,100.617,6.0,2026-01-04,TMAX,312.0,2026-01,31.2,Max temperature (C)
TH000048426,LOP BURI,14.8,100.617,11.0,2026-01-04,TAVG,245.0,2026-01,24.5,Average temperature (C)
TH000048564,PHUKET,7.883,98.4,3.0,2026-01-06,TAVG,288.0,2026-01,28.8,Average temperature (C)
TH000048426,LOP BURI,14.8,100.617,11.0,2026-01-07,TAVG,242.0,2026-01,24.2,Average temperature (C)
TH000048462,ARANYAPRATHET,13.7,102.583,49.0,2026-01-07,TMAX,295.0,2026-01,29.5,Max temperature (C)
TH000048501,KHLONG YAI,11.767,102.883,4.0,2026-01-07,TMAX,317.0,2026-01,31.7,Max temperature (C)
TH000048462,ARANYAPRATHET,13.7,102.583,49.0,2026-01-08,TAVG,222.0,2026-01,22.2,Average temperature (C)
TH000048383,MUKDAHAN,16.533,104.717,139.0,2026-01-10,TAVG,206.0,2026-01,20.6,Average temperature (C)
TH000048450,KANCHANABURI,14.017,99.533,29.0,2026-01-11,TAVG,218.0,2026-01,21.8,Average temperature (C)
TH000048425,SUPHAN BURI,14.467,100.133,8.0,2026-01-11,TAVG,216.0,2026-01,21.6,Average temperature (C)
THM00048453,BANG NA AGROMET,13.667,100.617,6.0,2026-01-11,TMIN,184.0,2026-01,18.4,Min temperature (C)
TH000048383,MUKDAHAN,16.533,104.717,139.0,2026-01-12,TMAX,277.0,2026-01,27.7,Max temperature (C)
TH000048351,UTTARADIT,17.617,100.1,64.0,2026-01-13,TMIN,155.0,2026-01,15.5,Min temperature (C)
TH000048455,BANGKOK METROPOLIS,13.733,100.567,4.0,2026-01-14,TMAX,325.0,2026-01,32.5,Max temperature (C)
TH000048426,LOP BURI,14.8,100.617,11.0,2026-01-14,TAVG,252.0,2026-01,25.2,Average temperature (C)
THM00048453,BANG NA AGROMET,13.667,100.617,6.0,2026-01-14,TMAX,330.0,2026-01,33.0,Max temperature (C)
TH000048462,ARANYAPRATHET,13.7,102.583,49.0,2026-01-15,TMIN,216.0,2026-01,21.6,Min temperature (C)
TH000048450,KANCHANABURI,14.017,99.533,29.0,2026-01-15,TMIN,200.0,2026-01,20.0,Min temperature (C)
TH000048357,NAKHON PHANOM,17.417,104.783,148.0,2026-01-16,TMIN,177.0,2026-01,17.7,Min temperature (C)
TH000048462,ARANYAPRATHET,13.7,102.583,49.0,2026-01-18,TMIN,236.0,2026-01,23.6,Min temperature (C)
TH000048351,UTTARADIT,17.617,100.1,64.0,2026-01-19,TMIN,175.0,2026-01,17.5,Min temperature (C)
TH000048425,SUPHAN BURI,14.467,100.133,8.0,2026-01-19,TAVG,269.0,2026-01,26.9,Average temperature (C)
TH000048325,MAE SARIANG,18.167,97.933,213.0,2026-01-19,TAVG,200.0,2026-01,20.0,Average temperature (C)
TH000048462,ARANYAPRATHET,13.7,102.583,49.0,2026-01-19,TAVG,278.0,2026-01,27.8,Average temperature (C)
TH000048426,LOP BURI,14.8,100.617,11.0,2026-01-19,TMAX,340.0,2026-01,34.0,Max temperature (C)
TH000048564,PHUKET,7.883,98.4,3.0,2026-01-20,TMAX,326.0,2026-01,32.6,Max temperature (C)
TH000048425,SUPHAN BURI,14.467,100.133,8.0,2026-01-20,TMAX,326.0,2026-01,32.6,Max temperature (C)
TH000048432,SURIN,14.883,103.5,147.0,2026-01-21,TMIN,187.0,2026-01,18.7,Min temperature (C)
TH000048425,SUPHAN BURI,14.467,100.133,8.0,2026-01-21,TMAX,326.0,2026-01,32.6,Max temperature (C)
TH000048432,SURIN,14.883,103.5,147.0,2026-01-22,TAVG,249.0,2026-01,24.9,Average temperature (C)
TH000048426,LOP BURI,14.8,100.617,11.0,2026-01-22,TMIN,215.0,2026-01,21.5,Min temperature (C)
TH000048383,MUKDAHAN,16.533,104.717,139.0,2026-01-23,TMIN,165.0,2026-01,16.5,Min temperature (C)
TH000048564,PHUKET,7.883,98.4,3.0,2026-01-23,TMIN,246.0,2026-01,24.6,Min temperature (C)
TH000048455,BANGKOK METROPOLIS,13.733,100.567,4.0,2026-01-25,TMIN,226.0,2026-01,22.6,Min temperature (C)
TH000048564,PHUKET,7.883,98.4,3.0,2026-01-27,TMIN,251.0,2026-01,25.1,Min temperature (C)
TH000048383,MUKDAHAN,16.533,104.717,139.0,2026-01-28,TAVG,236.0,2026-01,23.6,Average temperature (C)
TH000048501,KHLONG YAI,11.767,102.883,4.0,2026-01-29,TAVG,262.0,2026-01,26.2,Average temperature (C)
THM00048453,BANG NA AGROMET,13.667,100.617,6.0,2026-01-29,TMAX,342.0,2026-01,34.2,Max temperature (C)
TH000048455,BANGKOK METROPOLIS,13.733,100.567,4.0,2026-01-30,TAVG,285.0,2026-01,28.5,Average temperature (C)
TH000048462,ARANYAPRATHET,13.7,102.583,49.0,2026-01-31,TAVG,282.0,2026-01,28.2,Average temperature (C)
TH000048325,MAE SARIANG,18.167,97.933,213.0,2026-02-01,TMIN,160.0,2026-02,16.0,Min temperature (C)
TH000048357,NAKHON PHANOM,17.417,104.783,148.0,2026-02-01,TAVG,241.0,2026-02,24.1,Average temperature (C)
TH000048462,ARANYAPRATHET,13.7,102.583,49.0,2026-02-02,TMIN,210.0,2026-02,21.0,Min temperature (C)
TH000048564,PHUKET,7.883,98.4,3.0,2026-02-02,TAVG,288.0,2026-02,28.8,Average temperature (C)
TH000048425,SUPHAN BURI,14.467,100.133,8.0,2026-02-02,TAVG,267.0,2026-02,26.7,Average temperature (C)
THM00048453,BANG NA AGROMET,13.667,100.617,6.0,2026-02-04,TMAX,334.0,2026-02,33.4,Max temperature (C)
TH000048357,NAKHON PHANOM,17.417,104.783,148.0,2026-02-05,TAVG,257.0,2026-02,25.7,Average temperature (C)
TH000048501,KHLONG YAI,11.767,102.883,4.0,2026-02-05,TMIN,242.0,2026-02,24.2,Min temperature (C)
TH000048426,LOP BURI,14.8,100.617,11.0,2026-02-06,TMAX,342.0,2026-02,34.2,Max temperature (C)
TH000048501,KHLONG YAI,11.767,102.883,4.0,2026-02-06,TMAX,309.0,2026-02,30.9,Max temperature (C)
TH000048351,UTTARADIT,17.617,100.1,64.0,2026-02-07,TAVG,268.0,2026-02,26.8,Average temperature (C)
TH000048450,KANCHANABURI,14.017,99.533,29.0,2026-02-09,TMIN,212.0,2026-02,21.2,Min temperature (C)
TH000048425,SUPHAN BURI,14.467,100.133,8.0,2026-02-09,TMAX,280.0,2026-02,28.0,Max temperature (C)
TH000048501,KHLONG YAI,11.767,102.883,4.0,2026-02-09,TMIN,221.0,2026-02,22.1,Min temperature (C)
TH000048455,BANGKOK METROPOLIS,13.733,100.567,4.0,2026-02-10,TAVG,299.0,2026-02,29.9,Average temperature (C)
TH000048564,PHUKET,7.883,98.4,3.0,2026-02-10,TAVG,298.0,2026-02,29.8,Average temperature (C)
TH000048325,MAE SARIANG,18.167,97.933,213.0,2026-02-10,TAVG,251.0,2026-02,25.1,Average temperature (C)
TH000048501,KHLONG YAI,11.767,102.883,4.0,2026-02-10,TMIN,227.0,2026-02,22.7,Min temperature (C)
TH000048357,NAKHON PHANOM,17.417,104.783,148.0,2026-02-11,TAVG,261.0,2026-02,26.1,Average temperature (C)
TH000048426,LOP BURI,14.8,100.617,11.0,2026-02-12,TMAX,335.0,2026-02,33.5,Max temperature (C)
THM00048453,BANG NA AGROMET,13.667,100.617,6.0,2026-02-15,TAVG,296.0,2026-02,29.6,Average temperature (C)
TH000048325,MAE SARIANG,18.167,97.933,213.0,2026-02-15,TMIN,165.0,2026-02,16.5,Min temperature (C)
TH000048501,KHLONG YAI,11.767,102.883,4.0,2026-02-15,TMAX,311.0,2026-02,31.1,Max temperature (C)
TH000048425,SUPHAN BURI,14.467,100.133,8.0,2026-02-15,TMAX,350.0,2026-02,35.0,Max temperature (C)
TH000048462,ARANYAPRATHET,13.7,102.583,49.0,2026-02-16,TAVG,298.0,2026-02,29.8,Average temperature (C)
TH000048501,KHLONG YAI,11.767,102.883,4.0,2026-02-16,TMIN,252.0,2026-02,25.2,Min temperature (C)
TH000048426,LOP BURI,14.8,100.617,11.0,2026-02-17,TAVG,278.0,2026-02,27.8,Average temperature (C)
TH000048425,SUPHAN BURI,14.467,100.133,8.0,2026-02-17,TMAX,350.0,2026-02,35.0,Max temperature (C)
TH000048501,KHLONG YAI,11.767,102.883,4.0,2026-02-17,TMAX,305.0,2026-02,30.5,Max temperature (C)
THM00048453,BANG NA AGROMET,13.667,100.617,6.0,2026-02-18,TAVG,299.0,2026-02,29.9,Average temperature (C)
TH000048357,NAKHON PHANOM,17.417,104.783,148.0,2026-02-19,TAVG,262.0,2026-02,26.2,Average temperature (C)
TH000048325,MAE SARIANG,18.167,97.933,213.0,2026-02-19,TMIN,220.0,2026-02,22.0,Min temperature (C)
TH000048450,KANCHANABURI,14.017,99.533,29.0,2026-02-20,TAVG,300.0,2026-02,30.0,Average temperature (C)
TH000048455,BANGKOK METROPOLIS,13.733,100.567,4.0,2026-02-21,TMAX,330.0,2026-02,33.0,Max temperature (C)
THM00048453,BANG NA AGROMET,13.667,100.617,6.0,2026-02-21,TMAX,327.0,2026-02,32.7,Max temperature (C)
TH000048426,LOP BURI,14.8,100.617,11.0,2026-02-21,TMIN,262.0,2026-02,26.2,Min temperature (C)
TH000048357,NAKHON PHANOM,17.417,104.783,148.0,2026-02-21,TMAX,320.0,2026-02,32.0,Max temperature (C)
TH000048564,PHUKET,7.883,98.4,3.0,2026-02-22,TAVG,304.0,2026-02,30.4,Average temperature (C)
TH000048425,SUPHAN BURI,14.467,100.133,8.0,2026-02-22,TAVG,276.0,2026-02,27.6,Average temperature (C)
TH000048462,ARANYAPRATHET,13.7,102.583,49.0,2026-02-24,TMAX,345.0,2026-02,34.5,Max temperature (C)
TH000048357,NAKHON PHANOM,17.417,104.783,148.0,2026-02-24,TMAX,320.0,2026-02,32.0,Max temperature (C)
TH000048357,NAKHON PHANOM,17.417,104.783,148.0,2026-02-25,TAVG,275.0,2026-02,27.5,Average temperature (C)
TH000048450,KANCHANABURI,14.017,99.533,29.0,2026-02-25,TAVG,294.0,2026-02,29.4,Average temperature (C)
TH000048432,SURIN,14.883,103.5,147.0,2026-02-26,TMIN,236.0,2026-02,23.6,Min temperature (C)
TH000048432,SURIN,14.883,103.5,147.0,2026-02-26,TAVG,277.0,2026-02,27.7,Average temperature (C)
TH000048351,UTTARADIT,17.617,100.1,64.0,2026-02-26,TMIN,250.0,2026-02,25.0,Min temperature (C)
TH000048501,KHLONG YAI,11.767,102.883,4.0,2026-02-26,TMAX,310.0,2026-02,31.0,Max temperature (C)
TH000048351,UTTARADIT,17.617,100.1,64.0,2026-02-26,TAVG,291.0,2026-02,29.1,Average temperature (C)
TH000048325,MAE SARIANG,18.167,97.933,213.0,2026-02-26,TAVG,248.0,2026-02,24.8,Average temperature (C)
TH000048501,KHLONG YAI,11.767,102.883,4.0,2026-02-26,TAVG,262.0,2026-02,26.2,Average temperature (C)
TH000048432,SURIN,14.883,103.5,147.0,2026-02-27,TMAX,311.0,2026-02,31.1,Max temperature (C)
TH000048351,UTTARADIT,17.617,100.1,64.0,2026-02-28,TMIN,237.0,2026-02,23.7,Min temperature (C)
TH000048462,ARANYAPRATHET,13.7,102.583,49.0,2026-03-01,TAVG,308.0,2026-03,30.8,Average temperature (C)
TH000048425,SUPHAN BURI,14.467,100.133,8.0,2026-03-01,TMAX,330.0,2026-03,33.0,Max temperature (C)
THM00048453,BANG NA AGROMET,13.667,100.617,6.0,2026-03-01,TMAX,340.0,2026-03,34.0,Max temperature (C)
TH000048462,ARANYAPRATHET,13.7,102.583,49.0,2026-03-02,TMIN,259.0,2026-03,25.9,Min temperature (C)
THM00048453,BANG NA AGROMET,13.667,100.617,6.0,2026-03-03,TAVG,306.0,2026-03,30.6,Average temperature (C)
TH000048501,KHLONG YAI,11.767,102.883,4.0,2026-03-03,TAVG,280.0,2026-03,28.0,Average temperature (C)
TH000048325,MAE SARIANG,18.167,97.933,213.0,2026-03-03,TMIN,158.0,2026-03,15.8,Min temperature (C)
TH000048325,MAE SARIANG,18.167,97.933,213.0,2026-03-04,TAVG,260.0,2026-03,26.0,Average temperature (C)
TH000048383,MUKDAHAN,16.533,104.717,139.0,2026-03-04,TMAX,324.0,2026-03,32.4,Max temperature (C)
TH000048450,KANCHANABURI,14.017,99.533,29.0,2026-03-05,TMAX,348.0,2026-03,34.8,Max temperature (C)
TH000048501,KHLONG YAI,11.767,102.883,4.0,2026-03-05,TAVG,286.0,2026-03,28.6,Average temperature (C)
TH000048462,ARANYAPRATHET,13.7,102.583,49.0,2026-03-07,TMIN,260.0,2026-03,26.0,Min temperature (C)
TH000048455,BANGKOK METROPOLIS,13.733,100.567,4.0,2026-03-07,TMIN,285.0,2026-03,28.5,Min temperature (C)
TH000048501,KHLONG YAI,11.767,102.883,4.0,2026-03-08,TAVG,275.0,2026-03,27.5,Average temperature (C)
TH000048357,NAKHON PHANOM,17.417,104.783,148.0,2026-03-08,TAVG,271.0,2026-03,27.1,Average temperature (C)
TH000048383,MUKDAHAN,16.533,104.717,139.0,2026-03-08,TMIN,213.0,2026-03,21.3,Min temperature (C)
TH000048426,LOP BURI,14.8,100.617,11.0,2026-03-09,TMAX,373.0,2026-03,37.3,Max temperature (C)
TH000048383,MUKDAHAN,16.533,104.717,139.0,2026-03-09,TMIN,217.0,2026-03,21.7,Min temperature (C)
TH000048425,SUPHAN BURI,14.467,100.133,8.0,2026-03-09,TMAX,352.0,2026-03,35.2,Max temperature (C)
TH000048325,MAE SARIANG,18.167,97.933,213.0,2026-03-09,TAVG,282.0,2026-03,28.2,Average temperature (C)
TH000048564,PHUKET,7.883,98.4,3.0,2026-03-10,TAVG,296.0,2026-03,29.6,Average temperature (C)
TH000048383,MUKDAHAN,16.533,104.717,139.0,2026-03-10,TAVG,240.0,2026-03,24.0,Average temperature (C)
TH000048455,BANGKOK METROPOLIS,13.733,100.567,4.0,2026-03-11,TMAX,345.0,2026-03,34.5,Max temperature (C)
TH000048383,MUKDAHAN,16.533,104.717,139.0,2026-03-11,TMAX,312.0,2026-03,31.2,Max temperature (C)
TH000048501,KHLONG YAI,11.767,102.883,4.0,2026-03-11,TMAX,314.0,2026-03,31.4,Max temperature (C)
TH000048357,NAKHON PHANOM,17.417,104.783,148.0,2026-03-13,TMIN,200.0,2026-03,20.0,Min temperature (C)
TH000048455,BANGKOK METROPOLIS,13.733,100.567,4.0,2026-03-13,TMIN,266.0,2026-03,26.6,Min temperature (C)
TH000048432,SURIN,14.883,103.5,147.0,2026-03-14,TMIN,225.0,2026-03,22.5,Min temperature (C)
TH000048325,MAE SARIANG,18.167,97.933,213.0,2026-03-14,TMAX,299.0,2026-03,29.9,Max temperature (C)
THM00048453,BANG NA AGROMET,13.667,100.617,6.0,2026-03-15,TMAX,362.0,2026-03,36.2,Max temperature (C)
TH000048425,SUPHAN BURI,14.467,100.133,8.0,2026-03-16,TMIN,261.0,2026-03,26.1,Min temperature (C)
TH000048455,BANGKOK METROPOLIS,13.733,100.567,4.0,2026-03-16,TMIN,253.0,2026-03,25.3,Min temperature (C)
TH000048426,LOP BURI,14.8,100.617,11.0,2026-03-17,TMIN,256.0,2026-03,25.6,Min temperature (C)
TH000048351,UTTARADIT,17.617,100.1,64.0,2026-03-17,TAVG,287.0,2026-03,28.7,Average temperature (C)
TH000048426,LOP BURI,14.8,100.617,11.0,2026-03-17,TMAX,360.0,2026-03,36.0,Max temperature (C)
TH000048325,MAE SARIANG,18.167,97.933,213.0,2026-03-18,TMIN,171.0,2026-03,17.1,Min temperature (C)
TH000048383,MUKDAHAN,16.533,104.717,139.0,2026-03-20,TMAX,344.0,2026-03,34.4,Max temperature (C)
TH000048462,ARANYAPRATHET,13.7,102.583,49.0,2026-03-20,TAVG,273.0,2026-03,27.3,Average temperature (C)
TH000048351,UTTARADIT,17.617,100.1,64.0,2026-03-21,TMAX,360.0,2026-03,36.0,Max temperature (C)
TH000048450,KANCHANABURI,14.017,99.533,29.0,2026-03-21,TMIN,250.0,2026-03,25.0,Min temperature (C)
TH000048432,SURIN,14.883,103.5,147.0,2026-03-21,TMAX,352.0,2026-03,35.2,Max temperature (C)
TH000048425,SUPHAN BURI,14.467,100.133,8.0,2026-03-21,TAVG,297.0,2026-03,29.7,Average temperature (C)
TH000048450,KANCHANABURI,14.017,99.533,29.0,2026-03-22,TMIN,265.0,2026-03,26.5,Min temperature (C)
TH000048325,MAE SARIANG,18.167,97.933,213.0,2026-03-22,TAVG,273.0,2026-03,27.3,Average temperature (C)
TH000048450,KANCHANABURI,14.017,99.533,29.0,2026-03-24,TAVG,316.0,2026-03,31.6,Average temperature (C)
TH000048564,PHUKET,7.883,98.4,3.0,2026-03-24,TAVG,307.0,2026-03,30.7,Average temperature (C)
TH000048351,UTTARADIT,17.617,100.1,64.0,2026-03-25,TMIN,260.0,2026-03,26.0,Min temperature (C)
TH000048564,PHUKET,7.883,98.4,3.0,2026-03-25,TMIN,278.0,2026-03,27.8,Min temperature (C)
TH000048383,MUKDAHAN,16.533,104.717,139.0,2026-04-04,TMAX,385.0,2026-04,38.5,Max temperature (C)
TH000048432,SURIN,14.883,103.5,147.0,2026-04-04,TMIN,269.0,2026-04,26.9,Min temperature (C)
TH000048462,ARANYAPRATHET,13.7,102.583,49.0,2026-04-05,TMAX,397.0,2026-04,39.7,Max temperature (C)
TH000048425,SUPHAN BURI,14.467,100.133,8.0,2026-04-05,TMAX,382.0,2026-04,38.2,Max temperature (C)
TH000048357,NAKHON PHANOM,17.417,104.783,148.0,2026-04-06,TAVG,331.0,2026-04,33.1,Average temperature (C)
TH000048462,ARANYAPRATHET,13.7,102.583,49.0,2026-04-06,TMIN,252.0,2026-04,25.2,Min temperature (C)
THM00048453,BANG NA AGROMET,13.667,100.617,6.0,2026-04-07,TMIN,290.0,2026-04,29.0,Min temperature (C)
TH000048351,UTTARADIT,17.617,100.1,64.0,2026-04-08,TMIN,245.0,2026-04,24.5,Min temperature (C)
TH000048501,KHLONG YAI,11.767,102.883,4.0,2026-04-08,TMIN,255.0,2026-04,25.5,Min temperature (C)
TH000048455,BANGKOK METROPOLIS,13.733,100.567,4.0,2026-04-08,TAVG,320.0,2026-04,32.0,Average temperature (C)
TH000048351,UTTARADIT,17.617,100.1,64.0,2026-04-08,TMAX,393.0,2026-04,39.3,Max temperature (C)
TH000048325,MAE SARIANG,18.167,97.933,213.0,2026-04-09,TAVG,291.0,2026-04,29.1,Average temperature (C)
TH000048455,BANGKOK METROPOLIS,13.733,100.567,4.0,2026-04-09,TMAX,359.0,2026-04,35.9,Max temperature (C)
TH000048357,NAKHON PHANOM,17.417,104.783,148.0,2026-04-09,TAVG,336.0,2026-04,33.6,Average temperature (C)
TH000048450,KANCHANABURI,14.017,99.533,29.0,2026-04-09,TAVG,328.0,2026-04,32.8,Average temperature (C)
TH000048357,NAKHON PHANOM,17.417,104.783,148.0,2026-04-10,TMAX,401.0,2026-04,40.1,Max temperature (C)
THM00048453,BANG NA AGROMET,13.667,100.617,6.0,2026-04-10,TMAX,352.0,2026-04,35.2,Max temperature (C)
THM00048453,BANG NA AGROMET,13.667,100.617,6.0,2026-04-10,TMIN,288.0,2026-04,28.8,Min temperature (C)
TH000048564,PHUKET,7.883,98.4,3.0,2026-04-11,TMAX,362.0,2026-04,36.2,Max temperature (C)
TH000048351,UTTARADIT,17.617,100.1,64.0,2026-04-11,TMAX,404.0,2026-04,40.4,Max temperature (C)
TH000048325,MAE SARIANG,18.167,97.933,213.0,2026-04-11,TMAX,375.0,2026-04,37.5,Max temperature (C)
TH000048450,KANCHANABURI,14.017,99.533,29.0,2026-04-14,TMIN,269.0,2026-04,26.9,Min temperature (C)
THM00048453,BANG NA AGROMET,13.667,100.617,6.0,2026-04-14,TAVG,320.0,2026-04,32.0,Average temperature (C)
TH000048462,ARANYAPRATHET,13.7,102.583,49.0,2026-04-14,TAVG,330.0,2026-04,33.0,Average temperature (C)
TH000048432,SURIN,14.883,103.5,147.0,2026-04-14,TAVG,335.0,2026-04,33.5,Average temperature (C)
TH000048462,ARANYAPRATHET,13.7,102.583,49.0,2026-04-15,TAVG,325.0,2026-04,32.5,Average temperature (C)
TH000048564,PHUKET,7.883,98.4,3.0,2026-04-16,TAVG,306.0,2026-04,30.6,Average temperature (C)
TH000048501,KHLONG YAI,11.767,102.883,4.0,2026-04-16,TAVG,293.0,2026-04,29.3,Average temperature (C)
TH000048455,BANGKOK METROPOLIS,13.733,100.567,4.0,2026-04-16,TMIN,297.0,2026-04,29.7,Min temperature (C)
TH000048462,ARANYAPRATHET,13.7,102.583,49.0,2026-04-16,TMAX,403.0,2026-04,40.3,Max temperature (C)
TH000048501,KHLONG YAI,11.767,102.883,4.0,2026-04-17,TAVG,279.0,2026-04,27.9,Average temperature (C)
TH000048462,ARANYAPRATHET,13.7,102.583,49.0,2026-04-17,TMAX,396.0,2026-04,39.6,Max temperature (C)
TH000048426,LOP BURI,14.8,100.617,11.0,2026-04-18,TAVG,328.0,2026-04,32.8,Average temperature (C)
TH000048351,UTTARADIT,17.617,100.1,64.0,2026-04-19,TAVG,322.0,2026-04,32.2,Average temperature (C)
TH000048462,ARANYAPRATHET,13.7,102.583,49.0,2026-04-19,TMIN,249.0,2026-04,24.9,Min temperature (C)
TH000048450,KANCHANABURI,14.017,99.533,29.0,2026-04-20,TAVG,328.0,2026-04,32.8,Average temperature (C)
TH000048462,ARANYAPRATHET,13.7,102.583,49.0,2026-04-20,TMIN,253.0,2026-04,25.3,Min temperature (C)
TH000048325,MAE SARIANG,18.167,97.933,213.0,2026-04-22,TMAX,407.0,2026-04,40.7,Max temperature (C)
TH000048450,KANCHANABURI,14.017,99.533,29.0,2026-04-23,TAVG,316.0,2026-04,31.6,Average temperature (C)
TH000048357,NAKHON PHANOM,17.417,104.783,148.0,2026-04-27,TMAX,344.0,2026-04,34.4,Max temperature (C)
TH000048564,PHUKET,7.883,98.4,3.0,2026-04-27,TMAX,360.0,2026-04,36.0,Max temperature (C)
TH000048450,KANCHANABURI,14.017,99.533,29.0,2026-04-27,TMIN,277.0,2026-04,27.7,Min temperature (C)
TH000048501,KHLONG YAI,11.767,102.883,4.0,2026-04-27,TMIN,258.0,2026-04,25.8,Min temperature (C)
TH000048426,LOP BURI,14.8,100.617,11.0,2026-04-28,TAVG,319.0,2026-04,31.9,Average temperature (C)
TH000048432,SURIN,14.883,103.5,147.0,2026-04-29,TAVG,311.0,2026-04,31.1,Average temperature (C)
TH000048357,NAKHON PHANOM,17.417,104.783,148.0,2026-04-29,TMAX,340.0,2026-04,34.0,Max temperature (C)
TH000048357,NAKHON PHANOM,17.417,104.783,148.0,2026-04-29,TMIN,248.0,2026-04,24.8,Min temperature (C)
TH000048564,PHUKET,7.883,98.4,3.0,2026-04-29,TMAX,352.0,2026-04,35.2,Max temperature (C)
TH000048425,SUPHAN BURI,14.467,100.133,8.0,2026-04-30,TMAX,365.0,2026-04,36.5,Max temperature (C)
THM00048453,BANG NA AGROMET,13.667,100.617,6.0,2026-04-30,TAVG,320.0,2026-04,32.0,Average temperature (C)
TH000048383,MUKDAHAN,16.533,104.717,139.0,2026-04-30,TMAX,325.0,2026-04,32.5,Max temperature (C)
TH000048325,MAE SARIANG,18.167,97.933,213.0,2026-04-30,TMAX,377.0,2026-04,37.7,Max temperature (C)
TH000048432,SURIN,14.883,103.5,147.0,2026-05-01,TMAX,340.0,2026-05,34.0,Max temperature (C)
TH000048450,KANCHANABURI,14.017,99.533,29.0,2026-05-04,TAVG,314.0,2026-05,31.4,Average temperature (C)
TH000048455,BANGKOK METROPOLIS,13.733,100.567,4.0,2026-05-04,TAVG,303.0,2026-05,30.3,Average temperature (C)
TH000048462,ARANYAPRATHET,13.7,102.583,49.0,2026-05-04,TMAX,365.0,2026-05,36.5,Max temperature (C)
TH000048455,BANGKOK METROPOLIS,13.733,100.567,4.0,2026-05-05,TMAX,366.0,2026-05,36.6,Max temperature (C)
TH000048432,SURIN,14.883,103.5,147.0,2026-05-06,TAVG,299.0,2026-05,29.9,Average temperature (C)
TH000048564,PHUKET,7.883,98.4,3.0,2026-05-06,TAVG,292.0,2026-05,29.2,Average temperature (C)
TH000048383,MUKDAHAN,16.533,104.717,139.0,2026-05-06,TAVG,296.0,2026-05,29.6,Average temperature (C)
TH000048425,SUPHAN BURI,14.467,100.133,8.0,2026-05-07,TMIN,273.0,2026-05,27.3,Min temperature (C)
TH000048501,KHLONG YAI,11.767,102.883,4.0,2026-05-08,TMIN,238.0,2026-05,23.8,Min temperature (C)
TH000048425,SUPHAN BURI,14.467,100.133,8.0,2026-05-08,TMAX,348.0,2026-05,34.8,Max temperature (C)
TH000048425,SUPHAN BURI,14.467,100.133,8.0,2026-05-08,TAVG,283.0,2026-05,28.3,Average temperature (C)
TH000048564,PHUKET,7.883,98.4,3.0,2026-05-08,TMAX,341.0,2026-05,34.1,Max temperature (C)
TH000048501,KHLONG YAI,11.767,102.883,4.0,2026-05-09,TAVG,279.0,2026-05,27.9,Average temperature (C)
TH000048564,PHUKET,7.883,98.4,3.0,2026-05-10,TMAX,322.0,2026-05,32.2,Max temperature (C)
TH000048564,PHUKET,7.883,98.4,3.0,2026-05-11,TMIN,266.0,2026-05,26.6,Min temperature (C)
TH000048432,SURIN,14.883,103.5,147.0,2026-05-11,TMAX,352.0,2026-05,35.2,Max temperature (C)
TH000048425,SUPHAN BURI,14.467,100.133,8.0,2026-05-11,TMAX,347.0,2026-05,34.7,Max temperature (C)
THM00048453,BANG NA AGROMET,13.667,100.617,6.0,2026-05-12,TMIN,267.0,2026-05,26.7,Min temperature (C)
TH000048462,ARANYAPRATHET,13.7,102.583,49.0,2026-05-13,TMAX,334.0,2026-05,33.4,Max temperature (C)
TH000048351,UTTARADIT,17.617,100.1,64.0,2026-05-13,TAVG,293.0,2026-05,29.3,Average temperature (C)
TH000048450,KANCHANABURI,14.017,99.533,29.0,2026-05-14,TAVG,311.0,2026-05,31.1,Average temperature (C)
TH000048450,KANCHANABURI,14.017,99.533,29.0,2026-05-16,TMAX,360.0,2026-05,36.0,Max temperature (C)
TH000048383,MUKDAHAN,16.533,104.717,139.0,2026-05-16,TMIN,265.0,2026-05,26.5,Min temperature (C)
TH000048425,SUPHAN BURI,14.467,100.133,8.0,2026-05-16,TMIN,265.0,2026-05,26.5,Min temperature (C)
TH000048426,LOP BURI,14.8,100.617,11.0,2026-05-16,TMIN,264.0,2026-05,26.4,Min temperature (C)
TH000048501,KHLONG YAI,11.767,102.883,4.0,2026-05-17,TAVG,299.0,2026-05,29.9,Average temperature (C)
TH000048351,UTTARADIT,17.617,100.1,64.0,2026-05-17,TMIN,277.0,2026-05,27.7,Min temperature (C)
TH000048501,KHLONG YAI,11.767,102.883,4.0,2026-05-20,TMIN,272.0,2026-05,27.2,Min temperature (C)
TH000048432,SURIN,14.883,103.5,147.0,2026-05-20,TMAX,318.0,2026-05,31.8,Max temperature (C)
TH000048357,NAKHON PHANOM,17.417,104.783,148.0,2026-01-01,TMIN,175.0,2026-01,17.5,Min temperature (C)
TH000048432,SURIN,14.883,103.5,147.0,2026-01-03,TMIN,177.0,2026-01,17.7,Min temperature (C)
TH000048455,BANGKOK METROPOLIS,13.733,100.567,4.0,2026-01-03,TAVG,273.0,2026-01,27.3,Average temperature (C)
TH000048462,ARANYAPRATHET,13.7,102.583,49.0,2026-01-05,TAVG,255.0,2026-01,25.5,Average temperature (C)
TH000048351,UTTARADIT,17.617,100.1,64.0,2026-01-05,TAVG,236.0,2026-01,23.6,Average temperature (C)
TH000048450,KANCHANABURI,14.017,99.533,29.0,2026-01-05,TAVG,248.0,2026-01,24.8,Average temperature (C)
TH000048383,MUKDAHAN,16.533,104.717,139.0,2026-01-05,TAVG,232.0,2026-01,23.2,Average temperature (C)
TH000048383,MUKDAHAN,16.533,104.717,139.0,2026-01-06,TAVG,215.0,2026-01,21.5,Average temperature (C)
TH000048462,ARANYAPRATHET,13.7,102.583,49.0,2026-01-06,TMIN,205.0,2026-01,20.5,Min temperature (C)
TH000048564,PHUKET,7.883,98.4,3.0,2026-01-09,TMIN,242.0,2026-01,24.2,Min temperature (C)
TH000048425,SUPHAN BURI,14.467,100.133,8.0,2026-01-09,TMAX,270.0,2026-01,27.0,Max temperature (C)
TH000048462,ARANYAPRATHET,13.7,102.583,49.0,2026-01-10,TMIN,155.0,2026-01,15.5,Min temperature (C)
TH000048455,BANGKOK METROPOLIS,13.733,100.567,4.0,2026-01-10,TMIN,201.0,2026-01,20.1,Min temperature (C)
TH000048383,MUKDAHAN,16.533,104.717,139.0,2026-01-10,TMAX,261.0,2026-01,26.1,Max temperature (C)
TH000048564,PHUKET,7.883,98.4,3.0,2026-01-11,TMIN,237.0,2026-01,23.7,Min temperature (C)
TH000048432,SURIN,14.883,103.5,147.0,2026-01-12,TMIN,150.0,2026-01,15.0,Min temperature (C)
TH000048564,PHUKET,7.883,98.4,3.0,2026-01-12,TMAX,320.0,2026-01,32.0,Max temperature (C)
TH000048426,LOP BURI,14.8,100.617,11.0,2026-01-12,TMAX,293.0,2026-01,29.3,Max temperature (C)
TH000048325,MAE SARIANG,18.167,97.933,213.0,2026-01-14,TMAX,302.0,2026-01,30.2,Max temperature (C)
TH000048432,SURIN,14.883,103.5,147.0,2026-01-14,TAVG,243.0,2026-01,24.3,Average temperature (C)
TH000048564,PHUKET,7.883,98.4,3.0,2026-01-16,TAVG,285.0,2026-01,28.5,Average temperature (C)
TH000048432,SURIN,14.883,103.5,147.0,2026-01-17,TMIN,205.0,2026-01,20.5,Min temperature (C)
TH000048432,SURIN,14.883,103.5,147.0,2026-01-18,TAVG,272.0,2026-01,27.2,Average temperature (C)
TH000048425,SUPHAN BURI,14.467,100.133,8.0,2026-01-20,TMIN,221.0,2026-01,22.1,Min temperature (C)
TH000048325,MAE SARIANG,18.167,97.933,213.0,2026-01-20,TMAX,310.0,2026-01,31.0,Max temperature (C)
TH000048450,KANCHANABURI,14.017,99.533,29.0,2026-01-21,TMIN,220.0,2026-01,22.0,Min temperature (C)
TH000048501,KHLONG YAI,11.767,102.883,4.0,2026-01-21,TMAX,311.0,2026-01,31.1,Max temperature (C)
TH000048462,ARANYAPRATHET,13.7,102.583,49.0,2026-01-21,TAVG,263.0,2026-01,26.3,Average temperature (C)
TH000048357,NAKHON PHANOM,17.417,104.783,148.0,2026-01-22,TMAX,286.0,2026-01,28.6,Max temperature (C)
TH000048325,MAE SARIANG,18.167,97.933,213.0,2026-01-22,TAVG,208.0,2026-01,20.8,Average temperature (C)
THM00048453,BANG NA AGROMET,13.667,100.617,6.0,2026-01-24,TMIN,208.0,2026-01,20.8,Min temperature (C)
TH000048462,ARANYAPRATHET,13.7,102.583,49.0,2026-01-25,TMIN,188.0,2026-01,18.8,Min temperature (C)
TH000048450,KANCHANABURI,14.017,99.533,29.0,2026-01-27,TAVG,254.0,2026-01,25.4,Average temperature (C)
TH000048564,PHUKET,7.883,98.4,3.0,2026-01-27,TAVG,289.0,2026-01,28.9,Average temperature (C)
TH000048426,LOP BURI,14.8,100.617,11.0,2026-01-27,TAVG,256.0,2026-01,25.6,Average temperature (C)
TH000048351,UTTARADIT,17.617,100.1,64.0,2026-01-28,TMAX,335.0,2026-01,33.5,Max temperature (C)
TH000048450,KANCHANABURI,14.017,99.533,29.0,2026-01-29,TMIN,192.0,2026-01,19.2,Min temperature (C)
TH000048564,PHUKET,7.883,98.4,3.0,2026-01-29,TMIN,255.0,2026-01,25.5,Min temperature (C)
TH000048450,KANCHANABURI,14.017,99.533,29.0,2026-01-30,TAVG,271.0,2026-01,27.1,Average temperature (C)
TH000048351,UTTARADIT,17.617,100.1,64.0,2026-01-31,TAVG,259.0,2026-01,25.9,Average temperature (C)
TH000048564,PHUKET,7.883,98.4,3.0,2026-01-31,TMAX,339.0,2026-01,33.9,Max temperature (C)
TH000048450,KANCHANABURI,14.017,99.533,29.0,2026-01-31,TMAX,340.0,2026-01,34.0,Max temperature (C)
TH000048357,NAKHON PHANOM,17.417,104.783,148.0,2026-01-31,TMAX,303.0,2026-01,30.3,Max temperature (C)
TH000048432,SURIN,14.883,103.5,147.0,2026-02-02,TMAX,306.0,2026-02,30.6,Max temperature (C)
TH000048351,UTTARADIT,17.617,100.1,64.0,2026-02-02,TMAX,325.0,2026-02,32.5,Max temperature (C)
TH000048462,ARANYAPRATHET,13.7,102.583,49.0,2026-02-03,TAVG,266.0,2026-02,26.6,Average temperature (C)
TH000048351,UTTARADIT,17.617,100.1,64.0,2026-02-03,TMAX,320.0,2026-02,32.0,Max temperature (C)
TH000048462,ARANYAPRATHET,13.7,102.583,49.0,2026-02-03,TMIN,223.0,2026-02,22.3,Min temperature (C)
THM00048453,BANG NA AGROMET,13.667,100.617,6.0,2026-02-05,TAVG,294.0,2026-02,29.4,Average temperature (C)
TH000048426,LOP BURI,14.8,100.617,11.0,2026-02-06,TMIN,239.0,2026-02,23.9,Min temperature (C)
TH000048325,MAE SARIANG,18.167,97.933,213.0,2026-02-07,TMIN,145.0,2026-02,14.5,Min temperature (C)
TH000048432,SURIN,14.883,103.5,147.0,2026-02-07,TMAX,357.0,2026-02,35.7,Max temperature (C)
TH000048325,MAE SARIANG,18.167,97.933,213.0,2026-02-09,TMAX,347.0,2026-02,34.7,Max temperature (C)
TH000048450,KANCHANABURI,14.017,99.533,29.0,2026-02-10,TMIN,220.0,2026-02,22.0,Min temperature (C)
TH000048425,SUPHAN BURI,14.467,100.133,8.0,2026-02-10,TAVG,274.0,2026-02,27.4,Average temperature (C)
TH000048501,KHLONG YAI,11.767,102.883,4.0,2026-02-11,TMAX,310.0,2026-02,31.0,Max temperature (C)
TH000048325,MAE SARIANG,18.167,97.933,213.0,2026-02-11,TAVG,240.0,2026-02,24.0,Average temperature (C)
TH000048425,SUPHAN BURI,14.467,100.133,8.0,2026-02-11,TMAX,347.0,2026-02,34.7,Max temperature (C)
TH000048462,ARANYAPRATHET,13.7,102.583,49.0,2026-02-12,TMIN,243.0,2026-02,24.3,Min temperature (C)
TH000048455,BANGKOK METROPOLIS,13.733,100.567,4.0,2026-02-12,TMAX,341.0,2026-02,34.1,Max temperature (C)
TH000048383,MUKDAHAN,16.533,104.717,139.0,2026-02-12,TMIN,207.0,2026-02,20.7,Min temperature (C)
TH000048455,BANGKOK METROPOLIS,13.733,100.567,4.0,2026-02-13,TMAX,322.0,2026-02,32.2,Max temperature (C)
TH000048357,NAKHON PHANOM,17.417,104.783,148.0,2026-02-13,TAVG,273.0,2026-02,27.3,Average temperature (C)
TH000048450,KANCHANABURI,14.017,99.533,29.0,2026-02-13,TMIN,259.0,2026-02,25.9,Min temperature (C)
TH000048383,MUKDAHAN,16.533,104.717,139.0,2026-02-15,TAVG,283.0,2026-02,28.3,Average temperature (C)
TH000048425,SUPHAN BURI,14.467,100.133,8.0,2026-02-16,TMIN,269.0,2026-02,26.9,Min temperature (C)
TH000048455,BANGKOK METROPOLIS,13.733,100.567,4.0,2026-02-16,TMIN,278.0,2026-02,27.8,Min temperature (C)
TH000048564,PHUKET,7.883,98.4,3.0,2026-02-16,TMIN,256.0,2026-02,25.6,Min temperature (C)
TH000048432,SURIN,14.883,103.5,147.0,2026-02-16,TMAX,338.0,2026-02,33.8,Max temperature (C)
THM00048453,BANG NA AGROMET,13.667,100.617,6.0,2026-02-17,TMIN,278.0,2026-02,27.8,Min temperature (C)
TH000048432,SURIN,14.883,103.5,147.0,2026-02-17,TMAX,323.0,2026-02,32.3,Max temperature (C)
TH000048455,BANGKOK METROPOLIS,13.733,100.567,4.0,2026-02-18,TAVG,301.0,2026-02,30.1,Average temperature (C)
THM00048453,BANG NA AGROMET,13.667,100.617,6.0,2026-02-18,TMAX,332.0,2026-02,33.2,Max temperature (C)
TH000048462,ARANYAPRATHET,13.7,102.583,49.0,2026-02-18,TMAX,333.0,2026-02,33.3,Max temperature (C)
TH000048425,SUPHAN BURI,14.467,100.133,8.0,2026-02-20,TAVG,291.0,2026-02,29.1,Average temperature (C)
TH000048564,PHUKET,7.883,98.4,3.0,2026-02-21,TMIN,252.0,2026-02,25.2,Min temperature (C)
TH000048357,NAKHON PHANOM,17.417,104.783,148.0,2026-02-21,TMIN,233.0,2026-02,23.3,Min temperature (C)
TH000048351,UTTARADIT,17.617,100.1,64.0,2026-02-23,TMAX,318.0,2026-02,31.8,Max temperature (C)
TH000048432,SURIN,14.883,103.5,147.0,2026-02-23,TMIN,265.0,2026-02,26.5,Min temperature (C)
TH000048325,MAE SARIANG,18.167,97.933,213.0,2026-02-24,TMAX,274.0,2026-02,27.4,Max temperature (C)
TH000048432,SURIN,14.883,103.5,147.0,2026-02-24,TMIN,247.0,2026-02,24.7,Min temperature (C)
THM00048453,BANG NA AGROMET,13.667,100.617,6.0,2026-02-25,TMAX,330.0,2026-02,33.0,Max temperature (C)
TH000048432,SURIN,14.883,103.5,147.0,2026-02-25,TMIN,251.0,2026-02,25.1,Min temperature (C)
TH000048462,ARANYAPRATHET,13.7,102.583,49.0,2026-02-26,TAVG,290.0,2026-02,29.0,Average temperature (C)
TH000048455,BANGKOK METROPOLIS,13.733,100.567,4.0,2026-02-26,TAVG,297.0,2026-02,29.7,Average temperature (C)
TH000048351,UTTARADIT,17.617,100.1,64.0,2026-02-27,TAVG,297.0,2026-02,29.7,Average temperature (C)
TH000048455,BANGKOK METROPOLIS,13.733,100.567,4.0,2026-02-28,TAVG,314.0,2026-02,31.4,Average temperature (C)
TH000048325,MAE SARIANG,18.167,97.933,213.0,2026-03-02,TMAX,345.0,2026-03,34.5,Max temperature (C)
TH000048426,LOP BURI,14.8,100.617,11.0,2026-03-04,TMIN,241.0,2026-03,24.1,Min temperature (C)
TH000048351,UTTARADIT,17.617,100.1,64.0,2026-03-05,TMIN,261.0,2026-03,26.1,Min temperature (C)
TH000048351,UTTARADIT,17.617,100.1,64.0,2026-03-05,TMAX,345.0,2026-03,34.5,Max temperature (C)
TH000048432,SURIN,14.883,103.5,147.0,2026-03-05,TAVG,270.0,2026-03,27.0,Average temperature (C)
TH000048455,BANGKOK METROPOLIS,13.733,100.567,4.0,2026-03-08,TMIN,280.0,2026-03,28.0,Min temperature (C)
TH000048450,KANCHANABURI,14.017,99.533,29.0,2026-03-08,TAVG,294.0,2026-03,29.4,Average temperature (C)
TH000048351,UTTARADIT,17.617,100.1,64.0,2026-03-08,TMIN,232.0,2026-03,23.2,Min temperature (C)
TH000048455,BANGKOK METROPOLIS,13.733,100.567,4.0,2026-03-09,TMAX,373.0,2026-03,37.3,Max temperature (C)
TH000048426,LOP BURI,14.8,100.617,11.0,2026-03-10,TAVG,308.0,2026-03,30.8,Average temperature (C)
TH000048425,SUPHAN BURI,14.467,100.133,8.0,2026-03-10,TMIN,248.0,2026-03,24.8,Min temperature (C)
TH000048425,SUPHAN BURI,14.467,100.133,8.0,2026-03-10,TAVG,292.0,2026-03,29.2,Average temperature (C)
TH000048501,KHLONG YAI,11.767,102.883,4.0,2026-03-10,TAVG,271.0,2026-03,27.1,Average temperature (C)
TH000048455,BANGKOK METROPOLIS,13.733,100.567,4.0,2026-03-10,TAVG,312.0,2026-03,31.2,Average temperature (C)
TH000048357,NAKHON PHANOM,17.417,104.783,148.0,2026-03-12,TMIN,197.0,2026-03,19.7,Min temperature (C)
TH000048383,MUKDAHAN,16.533,104.717,139.0,2026-03-13,TMAX,291.0,2026-03,29.1,Max temperature (C)
TH000048426,LOP BURI,14.8,100.617,11.0,2026-03-14,TMIN,271.0,2026-03,27.1,Min temperature (C)
TH000048455,BANGKOK METROPOLIS,13.733,100.567,4.0,2026-03-15,TMIN,275.0,2026-03,27.5,Min temperature (C)
TH000048462,ARANYAPRATHET,13.7,102.583,49.0,2026-03-16,TAVG,297.0,2026-03,29.7,Average temperature (C)
TH000048564,PHUKET,7.883,98.4,3.0,2026-03-18,TMIN,261.0,2026-03,26.1,Min temperature (C)
TH000048455,BANGKOK METROPOLIS,13.733,100.567,4.0,2026-03-18,TMIN,271.0,2026-03,27.1,Min temperature (C)
TH000048357,NAKHON PHANOM,17.417,104.783,148.0,2026-03-19,TMIN,263.0,2026-03,26.3,Min temperature (C)
TH000048383,MUKDAHAN,16.533,104.717,139.0,2026-03-19,TMAX,335.0,2026-03,33.5,Max temperature (C)
TH000048455,BANGKOK METROPOLIS,13.733,100.567,4.0,2026-03-19,TAVG,304.0,2026-03,30.4,Average temperature (C)
TH000048462,ARANYAPRATHET,13.7,102.583,49.0,2026-03-19,TMIN,279.0,2026-03,27.9,Min temperature (C)
TH000048426,LOP BURI,14.8,100.617,11.0,2026-03-19,TMAX,337.0,2026-03,33.7,Max temperature (C)
TH000048455,BANGKOK METROPOLIS,13.733,100.567,4.0,2026-03-21,TMAX,347.0,2026-03,34.7,Max temperature (C)
TH000048462,ARANYAPRATHET,13.7,102.583,49.0,2026-03-22,TAVG,303.0,2026-03,30.3,Average temperature (C)
TH000048450,KANCHANABURI,14.017,99.533,29.0,2026-03-22,TMAX,374.0,2026-03,37.4,Max temperature (C)
TH000048462,ARANYAPRATHET,13.7,102.583,49.0,2026-03-23,TMAX,363.0,2026-03,36.3,Max temperature (C)
TH000048455,BANGKOK METROPOLIS,13.733,100.567,4.0,2026-03-24,TMIN,282.0,2026-03,28.2,Min temperature (C)
TH000048351,UTTARADIT,17.617,100.1,64.0,2026-03-24,TAVG,311.0,2026-03,31.1,Average temperature (C)
TH000048325,MAE SARIANG,18.167,97.933,213.0,2026-03-24,TMIN,151.0,2026-03,15.1,Min temperature (C)
TH000048462,ARANYAPRATHET,13.7,102.583,49.0,2026-03-25,TMIN,272.0,2026-03,27.2,Min temperature (C)
TH000048455,BANGKOK METROPOLIS,13.733,100.567,4.0,2026-03-25,TMIN,289.0,2026-03,28.9,Min temperature (C)
THM00048453,BANG NA AGROMET,13.667,100.617,6.0,2026-04-02,TAVG,311.0,2026-04,31.1,Average temperature (C)
TH000048462,ARANYAPRATHET,13.7,102.583,49.0,2026-04-03,TMIN,262.0,2026-04,26.2,Min temperature (C)
TH000048432,SURIN,14.883,103.5,147.0,2026-04-03,TMAX,380.0,2026-04,38.0,Max temperature (C)
TH000048432,SURIN,14.883,103.5,147.0,2026-04-04,TAVG,325.0,2026-04,32.5,Average temperature (C)
TH000048383,MUKDAHAN,16.533,104.717,139.0,2026-04-04,TAVG,332.0,2026-04,33.2,Average temperature (C)
TH000048564,PHUKET,7.883,98.4,3.0,2026-04-04,TMIN,271.0,2026-04,27.1,Min temperature (C)
TH000048426,LOP BURI,14.8,100.617,11.0,2026-04-06,TMAX,379.0,2026-04,37.9,Max temperature (C)
THM00048453,BANG NA AGROMET,13.667,100.617,6.0,2026-04-06,TMAX,379.0,2026-04,37.9,Max temperature (C)
TH000048426,LOP BURI,14.8,100.617,11.0,2026-04-07,TAVG,319.0,2026-04,31.9,Average temperature (C)
TH000048455,BANGKOK METROPOLIS,13.733,100.567,4.0,2026-04-07,TAVG,326.0,2026-04,32.6,Average temperature (C)
TH000048462,ARANYAPRATHET,13.7,102.583,49.0,2026-04-08,TMIN,258.0,2026-04,25.8,Min temperature (C)
TH000048462,ARANYAPRATHET,13.7,102.583,49.0,2026-04-08,TAVG,320.0,2026-04,32.0,Average temperature (C)
TH000048351,UTTARADIT,17.617,100.1,64.0,2026-04-08,TAVG,315.0,2026-04,31.5,Average temperature (C)
TH000048325,MAE SARIANG,18.167,97.933,213.0,2026-04-09,TMAX,382.0,2026-04,38.2,Max temperature (C)
TH000048325,MAE SARIANG,18.167,97.933,213.0,2026-04-09,TMIN,215.0,2026-04,21.5,Min temperature (C)
TH000048383,MUKDAHAN,16.533,104.717,139.0,2026-04-10,TMIN,285.0,2026-04,28.5,Min temperature (C)
TH000048325,MAE SARIANG,18.167,97.933,213.0,2026-04-10,TAVG,295.0,2026-04,29.5,Average temperature (C)
TH000048462,ARANYAPRATHET,13.7,102.583,49.0,2026-04-10,TAVG,324.0,2026-04,32.4,Average temperature (C)
TH000048564,PHUKET,7.883,98.4,3.0,2026-04-11,TMIN,268.0,2026-04,26.8,Min temperature (C)
TH000048325,MAE SARIANG,18.167,97.933,213.0,2026-04-11,TMIN,197.0,2026-04,19.7,Min temperature (C)
TH000048426,LOP BURI,14.8,100.617,11.0,2026-04-11,TAVG,319.0,2026-04,31.9,Average temperature (C)
TH000048426,LOP BURI,14.8,100.617,11.0,2026-04-12,TAVG,319.0,2026-04,31.9,Average temperature (C)
TH000048425,SUPHAN BURI,14.467,100.133,8.0,2026-04-12,TAVG,314.0,2026-04,31.4,Average temperature (C)
TH000048383,MUKDAHAN,16.533,104.717,139.0,2026-04-12,TMAX,397.0,2026-04,39.7,Max temperature (C)
TH000048351,UTTARADIT,17.617,100.1,64.0,2026-04-13,TAVG,325.0,2026-04,32.5,Average temperature (C)
TH000048564,PHUKET,7.883,98.4,3.0,2026-04-15,TMAX,352.0,2026-04,35.2,Max temperature (C)
TH000048501,KHLONG YAI,11.767,102.883,4.0,2026-04-16,TMIN,258.0,2026-04,25.8,Min temperature (C)
THM00048453,BANG NA AGROMET,13.667,100.617,6.0,2026-04-17,TAVG,319.0,2026-04,31.9,Average temperature (C)
TH000048425,SUPHAN BURI,14.467,100.133,8.0,2026-04-17,TAVG,319.0,2026-04,31.9,Average temperature (C)
TH000048432,SURIN,14.883,103.5,147.0,2026-04-17,TMIN,242.0,2026-04,24.2,Min temperature (C)
TH000048450,KANCHANABURI,14.017,99.533,29.0,2026-04-17,TMIN,272.0,2026-04,27.2,Min temperature (C)
TH000048425,SUPHAN BURI,14.467,100.133,8.0,2026-04-18,TAVG,320.0,2026-04,32.0,Average temperature (C)
TH000048462,ARANYAPRATHET,13.7,102.583,49.0,2026-04-18,TAVG,315.0,2026-04,31.5,Average temperature (C)
TH000048455,BANGKOK METROPOLIS,13.733,100.567,4.0,2026-04-19,TMIN,298.0,2026-04,29.8,Min temperature (C)
TH000048357,NAKHON PHANOM,17.417,104.783,148.0,2026-04-19,TMAX,307.0,2026-04,30.7,Max temperature (C)
TH000048351,UTTARADIT,17.617,100.1,64.0,2026-04-20,TMAX,390.0,2026-04,39.0,Max temperature (C)
TH000048325,MAE SARIANG,18.167,97.933,213.0,2026-04-20,TMIN,240.0,2026-04,24.0,Min temperature (C)
TH000048455,BANGKOK METROPOLIS,13.733,100.567,4.0,2026-04-20,TMAX,361.0,2026-04,36.1,Max temperature (C)
TH000048432,SURIN,14.883,103.5,147.0,2026-04-21,TAVG,311.0,2026-04,31.1,Average temperature (C)
TH000048432,SURIN,14.883,103.5,147.0,2026-04-21,TMIN,260.0,2026-04,26.0,Min temperature (C)
TH000048325,MAE SARIANG,18.167,97.933,213.0,2026-04-25,TAVG,275.0,2026-04,27.5,Average temperature (C)
TH000048351,UTTARADIT,17.617,100.1,64.0,2026-04-25,TMAX,292.0,2026-04,29.2,Max temperature (C)
TH000048501,KHLONG YAI,11.767,102.883,4.0,2026-04-25,TMIN,260.0,2026-04,26.0,Min temperature (C)
THM00048453,BANG NA AGROMET,13.667,100.617,6.0,2026-04-25,TMIN,292.0,2026-04,29.2,Min temperature (C)
TH000048564,PHUKET,7.883,98.4,3.0,2026-04-27,TAVG,311.0,2026-04,31.1,Average temperature (C)
TH000048357,NAKHON PHANOM,17.417,104.783,148.0,2026-04-27,TMIN,239.0,2026-04,23.9,Min temperature (C)
TH000048501,KHLONG YAI,11.767,102.883,4.0,2026-04-27,TMAX,340.0,2026-04,34.0,Max temperature (C)
TH000048462,ARANYAPRATHET,13.7,102.583,49.0,2026-04-27,TMAX,380.0,2026-04,38.0,Max temperature (C)
TH000048455,BANGKOK METROPOLIS,13.733,100.567,4.0,2026-04-27,TAVG,320.0,2026-04,32.0,Average temperature (C)
TH000048426,LOP BURI,14.8,100.617,11.0,2026-04-28,TMIN,275.0,2026-04,27.5,Min temperature (C)
TH000048501,KHLONG YAI,11.767,102.883,4.0,2026-04-28,TMIN,262.0,2026-04,26.2,Min temperature (C)
TH000048425,SUPHAN BURI,14.467,100.133,8.0,2026-04-30,TMIN,245.0,2026-04,24.5,Min temperature (C)
TH000048425,SUPHAN BURI,14.467,100.133,8.0,2026-05-01,TAVG,310.0,2026-05,31.0,Average temperature (C)
TH000048351,UTTARADIT,17.617,100.1,64.0,2026-05-03,TAVG,331.0,2026-05,33.1,Average temperature (C)
TH000048383,MUKDAHAN,16.533,104.717,139.0,2026-05-03,TAVG,283.0,2026-05,28.3,Average temperature (C)
TH000048357,NAKHON PHANOM,17.417,104.783,148.0,2026-05-06,TMAX,354.0,2026-05,35.4,Max temperature (C)
THM00048453,BANG NA AGROMET,13.667,100.617,6.0,2026-05-06,TAVG,317.0,2026-05,31.7,Average temperature (C)
TH000048351,UTTARADIT,17.617,100.1,64.0,2026-05-06,TAVG,329.0,2026-05,32.9,Average temperature (C)
TH000048455,BANGKOK METROPOLIS,13.733,100.567,4.0,2026-05-08,TMAX,362.0,2026-05,36.2,Max temperature (C)
TH000048450,KANCHANABURI,14.017,99.533,29.0,2026-05-08,TAVG,298.0,2026-05,29.8,Average temperature (C)
TH000048325,MAE SARIANG,18.167,97.933,213.0,2026-05-10,TMAX,390.0,2026-05,39.0,Max temperature (C)
TH000048425,SUPHAN BURI,14.467,100.133,8.0,2026-05-10,TAVG,306.0,2026-05,30.6,Average temperature (C)
TH000048455,BANGKOK METROPOLIS,13.733,100.567,4.0,2026-05-11,TMIN,283.0,2026-05,28.3,Min temperature (C)
TH000048351,UTTARADIT,17.617,100.1,64.0,2026-05-11,TMAX,379.0,2026-05,37.9,Max temperature (C)
THM00048453,BANG NA AGROMET,13.667,100.617,6.0,2026-05-12,TMAX,317.0,2026-05,31.7,Max temperature (C)
TH000048450,KANCHANABURI,14.017,99.533,29.0,2026-05-12,TAVG,287.0,2026-05,28.7,Average temperature (C)
TH000048383,MUKDAHAN,16.533,104.717,139.0,2026-05-14,TMIN,273.0,2026-05,27.3,Min temperature (C)
TH000048425,SUPHAN BURI,14.467,100.133,8.0,2026-05-14,TMIN,251.0,2026-05,25.1,Min temperature (C)
TH000048462,ARANYAPRATHET,13.7,102.583,49.0,2026-05-16,TMAX,360.0,2026-05,36.0,Max temperature (C)
TH000048501,KHLONG YAI,11.767,102.883,4.0,2026-05-17,TMAX,333.0,2026-05,33.3,Max temperature (C)
TH000048462,ARANYAPRATHET,13.7,102.583,49.0,2026-05-18,TAVG,288.0,2026-05,28.8,Average temperature (C)
TH000048425,SUPHAN BURI,14.467,100.133,8.0,2026-05-19,TMIN,263.0,2026-05,26.3,Min temperature (C)
TH000048432,SURIN,14.883,103.5,147.0,2026-05-19,TMIN,256.0,2026-05,25.6,Min temperature (C)
TH000048432,SURIN,14.883,103.5,147.0,2026-05-21,TMIN,267.0,2026-05,26.7,Min temperature (C)
TH000048450,KANCHANABURI,14.017,99.533,29.0,2026-05-21,TAVG,300.0,2026-05,30.0,Average temperature (C)
TH000048351,UTTARADIT,17.617,100.1,64.0,2026-05-21,TMAX,332.0,2026-05,33.2,Max temperature (C)
THM00048453,BANG NA AGROMET,13.667,100.617,6.0,2026-01-02,TMAX,318.0,2026-01,31.8,Max temperature (C)
TH000048357,NAKHON PHANOM,17.417,104.783,148.0,2026-01-02,TAVG,231.0,2026-01,23.1,Average temperature (C)
TH000048564,PHUKET,7.883,98.4,3.0,2026-01-02,TMAX,322.0,2026-01,32.2,Max temperature (C)
THM00048453,BANG NA AGROMET,13.667,100.617,6.0,2026-01-03,TMAX,310.0,2026-01,31.0,Max temperature (C)
THM00048453,BANG NA AGROMET,13.667,100.617,6.0,2026-01-03,TMIN,218.0,2026-01,21.8,Min temperature (C)
TH000048564,PHUKET,7.883,98.4,3.0,2026-01-03,TMAX,322.0,2026-01,32.2,Max temperature (C)
TH000048325,MAE SARIANG,18.167,97.933,213.0,2026-01-05,TAVG,203.0,2026-01,20.3,Average temperature (C)
TH000048432,SURIN,14.883,103.5,147.0,2026-01-05,TAVG,243.0,2026-01,24.3,Average temperature (C)
TH000048564,PHUKET,7.883,98.4,3.0,2026-01-05,TMAX,337.0,2026-01,33.7,Max temperature (C)
TH000048455,BANGKOK METROPOLIS,13.733,100.567,4.0,2026-01-06,TMIN,232.0,2026-01,23.2,Min temperature (C)
TH000048325,MAE SARIANG,18.167,97.933,213.0,2026-01-06,TAVG,206.0,2026-01,20.6,Average temperature (C)
TH000048450,KANCHANABURI,14.017,99.533,29.0,2026-01-06,TAVG,262.0,2026-01,26.2,Average temperature (C)
TH000048383,MUKDAHAN,16.533,104.717,139.0,2026-01-06,TMAX,280.0,2026-01,28.0,Max temperature (C)
TH000048450,KANCHANABURI,14.017,99.533,29.0,2026-01-06,TMIN,196.0,2026-01,19.6,Min temperature (C)
TH000048383,MUKDAHAN,16.533,104.717,139.0,2026-01-07,TMAX,257.0,2026-01,25.7,Max temperature (C)
TH000048351,UTTARADIT,17.617,100.1,64.0,2026-01-07,TMAX,287.0,2026-01,28.7,Max temperature (C)
TH000048351,UTTARADIT,17.617,100.1,64.0,2026-01-07,TAVG,223.0,2026-01,22.3,Average temperature (C)
TH000048425,SUPHAN BURI,14.467,100.133,8.0,2026-01-07,TMIN,185.0,2026-01,18.5,Min temperature (C)
TH000048432,SURIN,14.883,103.5,147.0,2026-01-08,TMAX,262.0,2026-01,26.2,Max temperature (C)
TH000048425,SUPHAN BURI,14.467,100.133,8.0,2026-01-08,TAVG,222.0,2026-01,22.2,Average temperature (C)
THM00048453,BANG NA AGROMET,13.667,100.617,6.0,2026-01-08,TMAX,285.0,2026-01,28.5,Max temperature (C)
THM00048453,BANG NA AGROMET,13.667,100.617,6.0,2026-01-09,TMAX,281.0,2026-01,28.1,Max temperature (C)
THM00048453,BANG NA AGROMET,13.667,100.617,6.0,2026-01-10,TAVG,235.0,2026-01,23.5,Average temperature (C)
TH000048432,SURIN,14.883,103.5,147.0,2026-01-11,TMAX,275.0,2026-01,27.5,Max temperature (C)
TH000048357,NAKHON PHANOM,17.417,104.783,148.0,2026-01-13,TMIN,150.0,2026-01,15.0,Min temperature (C)
TH000048564,PHUKET,7.883,98.4,3.0,2026-01-13,TMAX,337.0,2026-01,33.7,Max temperature (C)
TH000048426,LOP BURI,14.8,100.617,11.0,2026-01-13,TMAX,317.0,2026-01,31.7,Max temperature (C)
TH000048455,BANGKOK METROPOLIS,13.733,100.567,4.0,2026-01-15,TMIN,238.0,2026-01,23.8,Min temperature (C)
TH000048357,NAKHON PHANOM,17.417,104.783,148.0,2026-01-16,TMAX,307.0,2026-01,30.7,Max temperature (C)
TH000048450,KANCHANABURI,14.017,99.533,29.0,2026-01-16,TAVG,276.0,2026-01,27.6,Average temperature (C)
THM00048453,BANG NA AGROMET,13.667,100.617,6.0,2026-01-17,TMIN,237.0,2026-01,23.7,Min temperature (C)
TH000048426,LOP BURI,14.8,100.617,11.0,2026-01-18,TAVG,276.0,2026-01,27.6,Average temperature (C)
TH000048425,SUPHAN BURI,14.467,100.133,8.0,2026-01-18,TMIN,213.0,2026-01,21.3,Min temperature (C)
THM00048453,BANG NA AGROMET,13.667,100.617,6.0,2026-01-18,TMAX,344.0,2026-01,34.4,Max temperature (C)
TH000048383,MUKDAHAN,16.533,104.717,139.0,2026-01-18,TMIN,200.0,2026-01,20.0,Min temperature (C)
TH000048383,MUKDAHAN,16.533,104.717,139.0,2026-01-18,TAVG,259.0,2026-01,25.9,Average temperature (C)
TH000048432,SURIN,14.883,103.5,147.0,2026-01-19,TAVG,267.0,2026-01,26.7,Average temperature (C)
TH000048325,MAE SARIANG,18.167,97.933,213.0,2026-01-19,TMIN,131.0,2026-01,13.1,Min temperature (C)
TH000048455,BANGKOK METROPOLIS,13.733,100.567,4.0,2026-01-19,TMAX,352.0,2026-01,35.2,Max temperature (C)
TH000048383,MUKDAHAN,16.533,104.717,139.0,2026-01-21,TAVG,239.0,2026-01,23.9,Average temperature (C)
TH000048357,NAKHON PHANOM,17.417,104.783,148.0,2026-01-21,TMAX,302.0,2026-01,30.2,Max temperature (C)
TH000048426,LOP BURI,14.8,100.617,11.0,2026-01-21,TAVG,272.0,2026-01,27.2,Average temperature (C)
TH000048564,PHUKET,7.883,98.4,3.0,2026-01-22,TAVG,290.0,2026-01,29.0,Average temperature (C)
TH000048450,KANCHANABURI,14.017,99.533,29.0,2026-01-22,TMAX,332.0,2026-01,33.2,Max temperature (C)
TH000048462,ARANYAPRATHET,13.7,102.583,49.0,2026-01-22,TAVG,258.0,2026-01,25.8,Average temperature (C)
TH000048425,SUPHAN BURI,14.467,100.133,8.0,2026-01-23,TMAX,310.0,2026-01,31.0,Max temperature (C)
TH000048426,LOP BURI,14.8,100.617,11.0,2026-01-23,TAVG,259.0,2026-01,25.9,Average temperature (C)
TH000048425,SUPHAN BURI,14.467,100.133,8.0,2026-01-26,TMAX,315.0,2026-01,31.5,Max temperature (C)
TH000048383,MUKDAHAN,16.533,104.717,139.0,2026-01-26,TMIN,173.0,2026-01,17.3,Min temperature (C)
TH000048425,SUPHAN BURI,14.467,100.133,8.0,2026-01-27,TAVG,256.0,2026-01,25.6,Average temperature (C)
TH000048432,SURIN,14.883,103.5,147.0,2026-01-27,TAVG,246.0,2026-01,24.6,Average temperature (C)
TH000048432,SURIN,14.883,103.5,147.0,2026-01-27,TMIN,185.0,2026-01,18.5,Min temperature (C)
TH000048432,SURIN,14.883,103.5,147.0,2026-01-27,TMAX,317.0,2026-01,31.7,Max temperature (C)
TH000048455,BANGKOK METROPOLIS,13.733,100.567,4.0,2026-01-27,TMAX,340.0,2026-01,34.0,Max temperature (C)
TH000048357,NAKHON PHANOM,17.417,104.783,148.0,2026-01-28,TMIN,157.0,2026-01,15.7,Min temperature (C)
TH000048455,BANGKOK METROPOLIS,13.733,100.567,4.0,2026-01-28,TMIN,240.0,2026-01,24.0,Min temperature (C)
TH000048425,SUPHAN BURI,14.467,100.133,8.0,2026-01-28,TAVG,257.0,2026-01,25.7,Average temperature (C)
TH000048455,BANGKOK METROPOLIS,13.733,100.567,4.0,2026-01-29,TMAX,343.0,2026-01,34.3,Max temperature (C)
TH000048351,UTTARADIT,17.617,100.1,64.0,2026-01-29,TMIN,183.0,2026-01,18.3,Min temperature (C)
TH000048501,KHLONG YAI,11.767,102.883,4.0,2026-01-29,TMAX,311.0,2026-01,31.1,Max temperature (C)
TH000048462,ARANYAPRATHET,13.7,102.583,49.0,2026-01-29,TAVG,260.0,2026-01,26.0,Average temperature (C)
TH000048426,LOP BURI,14.8,100.617,11.0,2026-01-30,TAVG,263.0,2026-01,26.3,Average temperature (C)
TH000048351,UTTARADIT,17.617,100.1,64.0,2026-02-02,TAVG,257.0,2026-02,25.7,Average temperature (C)
TH000048462,ARANYAPRATHET,13.7,102.583,49.0,2026-02-03,TMAX,316.0,2026-02,31.6,Max temperature (C)
TH000048455,BANGKOK METROPOLIS,13.733,100.567,4.0,2026-02-03,TMAX,340.0,2026-02,34.0,Max temperature (C)
TH000048501,KHLONG YAI,11.767,102.883,4.0,2026-02-04,TAVG,272.0,2026-02,27.2,Average temperature (C)
TH000048425,SUPHAN BURI,14.467,100.133,8.0,2026-02-04,TAVG,272.0,2026-02,27.2,Average temperature (C)
TH000048432,SURIN,14.883,103.5,147.0,2026-02-05,TMAX,352.0,2026-02,35.2,Max temperature (C)
TH000048325,MAE SARIANG,18.167,97.933,213.0,2026-02-05,TMAX,327.0,2026-02,32.7,Max temperature (C)
TH000048564,PHUKET,7.883,98.4,3.0,2026-02-06,TMAX,335.0,2026-02,33.5,Max temperature (C)
TH000048432,SURIN,14.883,103.5,147.0,2026-02-06,TAVG,283.0,2026-02,28.3,Average temperature (C)
TH000048383,MUKDAHAN,16.533,104.717,139.0,2026-02-08,TMIN,200.0,2026-02,20.0,Min temperature (C)
TH000048351,UTTARADIT,17.617,100.1,64.0,2026-02-08,TMAX,340.0,2026-02,34.0,Max temperature (C)
TH000048426,LOP BURI,14.8,100.617,11.0,2026-02-08,TAVG,282.0,2026-02,28.2,Average temperature (C)
TH000048455,BANGKOK METROPOLIS,13.733,100.567,4.0,2026-02-08,TAVG,284.0,2026-02,28.4,Average temperature (C)
TH000048462,ARANYAPRATHET,13.7,102.583,49.0,2026-02-08,TMAX,316.0,2026-02,31.6,Max temperature (C)
TH000048455,BANGKOK METROPOLIS,13.733,100.567,4.0,2026-02-09,TMAX,347.0,2026-02,34.7,Max temperature (C)
TH000048351,UTTARADIT,17.617,100.1,64.0,2026-02-09,TAVG,267.0,2026-02,26.7,Average temperature (C)
TH000048383,MUKDAHAN,16.533,104.717,139.0,2026-02-11,TAVG,261.0,2026-02,26.1,Average temperature (C)
TH000048501,KHLONG YAI,11.767,102.883,4.0,2026-02-12,TMIN,248.0,2026-02,24.8,Min temperature (C)
TH000048351,UTTARADIT,17.617,100.1,64.0,2026-02-12,TMIN,222.0,2026-02,22.2,Min temperature (C)
TH000048425,SUPHAN BURI,14.467,100.133,8.0,2026-02-12,TAVG,292.0,2026-02,29.2,Average temperature (C)
TH000048325,MAE SARIANG,18.167,97.933,213.0,2026-02-14,TAVG,208.0,2026-02,20.8,Average temperature (C)
TH000048325,MAE SARIANG,18.167,97.933,213.0,2026-02-14,TMIN,138.0,2026-02,13.8,Min temperature (C)
TH000048455,BANGKOK METROPOLIS,13.733,100.567,4.0,2026-02-15,TAVG,302.0,2026-02,30.2,Average temperature (C)
TH000048425,SUPHAN BURI,14.467,100.133,8.0,2026-02-15,TAVG,301.0,2026-02,30.1,Average temperature (C)
TH000048455,BANGKOK METROPOLIS,13.733,100.567,4.0,2026-02-16,TMAX,318.0,2026-02,31.8,Max temperature (C)
TH000048325,MAE SARIANG,18.167,97.933,213.0,2026-02-16,TMAX,330.0,2026-02,33.0,Max temperature (C)
TH000048462,ARANYAPRATHET,13.7,102.583,49.0,2026-02-18,TMIN,287.0,2026-02,28.7,Min temperature (C)
TH000048501,KHLONG YAI,11.767,102.883,4.0,2026-02-19,TMAX,308.0,2026-02,30.8,Max temperature (C)
TH000048426,LOP BURI,14.8,100.617,11.0,2026-02-19,TMAX,324.0,2026-02,32.4,Max temperature (C)
TH000048455,BANGKOK METROPOLIS,13.733,100.567,4.0,2026-02-19,TAVG,314.0,2026-02,31.4,Average temperature (C)
TH000048351,UTTARADIT,17.617,100.1,64.0,2026-02-20,TMIN,237.0,2026-02,23.7,Min temperature (C)
TH000048383,MUKDAHAN,16.533,104.717,139.0,2026-02-21,TMAX,327.0,2026-02,32.7,Max temperature (C)
TH000048351,UTTARADIT,17.617,100.1,64.0,2026-02-21,TAVG,292.0,2026-02,29.2,Average temperature (C)
TH000048357,NAKHON PHANOM,17.417,104.783,148.0,2026-02-21,TAVG,270.0,2026-02,27.0,Average temperature (C)
TH000048325,MAE SARIANG,18.167,97.933,213.0,2026-02-22,TAVG,256.0,2026-02,25.6,Average temperature (C)
THM00048453,BANG NA AGROMET,13.667,100.617,6.0,2026-02-22,TAVG,300.0,2026-02,30.0,Average temperature (C)
TH000048455,BANGKOK METROPOLIS,13.733,100.567,4.0,2026-02-22,TMAX,342.0,2026-02,34.2,Max temperature (C)
TH000048383,MUKDAHAN,16.533,104.717,139.0,2026-02-22,TAVG,314.0,2026-02,31.4,Average temperature (C)
TH000048455,BANGKOK METROPOLIS,13.733,100.567,4.0,2026-02-23,TMAX,331.0,2026-02,33.1,Max temperature (C)
THM00048453,BANG NA AGROMET,13.667,100.617,6.0,2026-02-23,TMAX,317.0,2026-02,31.7,Max temperature (C)
TH000048501,KHLONG YAI,11.767,102.883,4.0,2026-02-24,TMAX,319.0,2026-02,31.9,Max temperature (C)
TH000048383,MUKDAHAN,16.533,104.717,139.0,2026-02-25,TAVG,288.0,2026-02,28.8,Average temperature (C)
TH000048426,LOP BURI,14.8,100.617,11.0,2026-02-25,TMIN,252.0,2026-02,25.2,Min temperature (C)
TH000048501,KHLONG YAI,11.767,102.883,4.0,2026-02-25,TAVG,280.0,2026-02,28.0,Average temperature (C)
TH000048450,KANCHANABURI,14.017,99.533,29.0,2026-02-26,TMAX,336.0,2026-02,33.6,Max temperature (C)
THM00048453,BANG NA AGROMET,13.667,100.617,6.0,2026-02-27,TMIN,283.0,2026-02,28.3,Min temperature (C)
TH000048325,MAE SARIANG,18.167,97.933,213.0,2026-02-28,TMAX,344.0,2026-02,34.4,Max temperature (C)
TH000048426,LOP BURI,14.8,100.617,11.0,2026-03-01,TMIN,266.0,2026-03,26.6,Min temperature (C)
TH000048426,LOP BURI,14.8,100.617,11.0,2026-03-01,TAVG,296.0,2026-03,29.6,Average temperature (C)
TH000048357,NAKHON PHANOM,17.417,104.783,148.0,2026-03-01,TMIN,248.0,2026-03,24.8,Min temperature (C)
TH000048564,PHUKET,7.883,98.4,3.0,2026-03-01,TMAX,346.0,2026-03,34.6,Max temperature (C)
TH000048455,BANGKOK METROPOLIS,13.733,100.567,4.0,2026-03-02,TMIN,283.0,2026-03,28.3,Min temperature (C)
TH000048425,SUPHAN BURI,14.467,100.133,8.0,2026-03-03,TMAX,362.0,2026-03,36.2,Max temperature (C)
TH000048450,KANCHANABURI,14.017,99.533,29.0,2026-03-04,TAVG,310.0,2026-03,31.0,Average temperature (C)
TH000048455,BANGKOK METROPOLIS,13.733,100.567,4.0,2026-03-04,TAVG,322.0,2026-03,32.2,Average temperature (C)
TH000048564,PHUKET,7.883,98.4,3.0,2026-03-04,TMAX,347.0,2026-03,34.7,Max temperature (C)
TH000048426,LOP BURI,14.8,100.617,11.0,2026-03-05,TAVG,304.0,2026-03,30.4,Average temperature (C)
TH000048564,PHUKET,7.883,98.4,3.0,2026-03-05,TMIN,257.0,2026-03,25.7,Min temperature (C)
TH000048462,ARANYAPRATHET,13.7,102.583,49.0,2026-03-05,TAVG,266.0,2026-03,26.6,Average temperature (C)
TH000048351,UTTARADIT,17.617,100.1,64.0,2026-03-06,TAVG,278.0,2026-03,27.8,Average temperature (C)
TH000048383,MUKDAHAN,16.533,104.717,139.0,2026-03-06,TAVG,256.0,2026-03,25.6,Average temperature (C)
TH000048425,SUPHAN BURI,14.467,100.133,8.0,2026-03-07,TAVG,297.0,2026-03,29.7,Average temperature (C)
TH000048432,SURIN,14.883,103.5,147.0,2026-03-09,TMIN,220.0,2026-03,22.0,Min temperature (C)
TH000048357,NAKHON PHANOM,17.417,104.783,148.0,2026-03-10,TAVG,241.0,2026-03,24.1,Average temperature (C)
TH000048462,ARANYAPRATHET,13.7,102.583,49.0,2026-03-10,TMIN,251.0,2026-03,25.1,Min temperature (C)
TH000048462,ARANYAPRATHET,13.7,102.583,49.0,2026-03-11,TMIN,246.0,2026-03,24.6,Min temperature (C)
TH000048501,KHLONG YAI,11.767,102.883,4.0,2026-03-12,TMIN,228.0,2026-03,22.8,Min temperature (C)
TH000048564,PHUKET,7.883,98.4,3.0,2026-03-13,TAVG,299.0,2026-03,29.9,Average temperature (C)
THM00048453,BANG NA AGROMET,13.667,100.617,6.0,2026-03-14,TMIN,270.0,2026-03,27.0,Min temperature (C)
TH000048564,PHUKET,7.883,98.4,3.0,2026-03-15,TMIN,245.0,2026-03,24.5,Min temperature (C)
TH000048351,UTTARADIT,17.617,100.1,64.0,2026-03-15,TMAX,350.0,2026-03,35.0,Max temperature (C)
TH000048426,LOP BURI,14.8,100.617,11.0,2026-03-16,TMIN,266.0,2026-03,26.6,Min temperature (C)
TH000048325,MAE SARIANG,18.167,97.933,213.0,2026-03-17,TAVG,257.0,2026-03,25.7,Average temperature (C)
TH000048357,NAKHON PHANOM,17.417,104.783,148.0,2026-03-17,TMAX,340.0,2026-03,34.0,Max temperature (C)
TH000048462,ARANYAPRATHET,13.7,102.583,49.0,2026-03-17,TMIN,252.0,2026-03,25.2,Min temperature (C)
TH000048425,SUPHAN BURI,14.467,100.133,8.0,2026-03-17,TMIN,247.0,2026-03,24.7,Min temperature (C)
TH000048357,NAKHON PHANOM,17.417,104.783,148.0,2026-03-18,TMAX,348.0,2026-03,34.8,Max temperature (C)
TH000048357,NAKHON PHANOM,17.417,104.783,148.0,2026-03-18,TMIN,227.0,2026-03,22.7,Min temperature (C)
TH000048425,SUPHAN BURI,14.467,100.133,8.0,2026-03-19,TAVG,304.0,2026-03,30.4,Average temperature (C)
TH000048564,PHUKET,7.883,98.4,3.0,2026-03-19,TMAX,334.0,2026-03,33.4,Max temperature (C)
TH000048462,ARANYAPRATHET,13.7,102.583,49.0,2026-03-21,TMAX,367.0,2026-03,36.7,Max temperature (C)
TH000048357,NAKHON PHANOM,17.417,104.783,148.0,2026-03-21,TMAX,345.0,2026-03,34.5,Max temperature (C)
TH000048455,BANGKOK METROPOLIS,13.733,100.567,4.0,2026-03-22,TMIN,277.0,2026-03,27.7,Min temperature (C)
TH000048383,MUKDAHAN,16.533,104.717,139.0,2026-03-22,TMIN,250.0,2026-03,25.0,Min temperature (C)
TH000048383,MUKDAHAN,16.533,104.717,139.0,2026-03-23,TAVG,321.0,2026-03,32.1,Average temperature (C)
TH000048383,MUKDAHAN,16.533,104.717,139.0,2026-03-23,TMAX,374.0,2026-03,37.4,Max temperature (C)
TH000048501,KHLONG YAI,11.767,102.883,4.0,2026-03-23,TMAX,326.0,2026-03,32.6,Max temperature (C)
TH000048325,MAE SARIANG,18.167,97.933,213.0,2026-03-23,TAVG,278.0,2026-03,27.8,Average temperature (C)
TH000048455,BANGKOK METROPOLIS,13.733,100.567,4.0,2026-03-23,TAVG,313.0,2026-03,31.3,Average temperature (C)
TH000048432,SURIN,14.883,103.5,147.0,2026-03-23,TMAX,370.0,2026-03,37.0,Max temperature (C)
THM00048453,BANG NA AGROMET,13.667,100.617,6.0,2026-03-23,TMIN,283.0,2026-03,28.3,Min temperature (C)
TH000048426,LOP BURI,14.8,100.617,11.0,2026-03-24,TAVG,315.0,2026-03,31.5,Average temperature (C)
TH000048432,SURIN,14.883,103.5,147.0,2026-03-24,TMAX,371.0,2026-03,37.1,Max temperature (C)
TH000048450,KANCHANABURI,14.017,99.533,29.0,2026-03-25,TAVG,319.0,2026-03,31.9,Average temperature (C)
TH000048383,MUKDAHAN,16.533,104.717,139.0,2026-03-25,TMIN,278.0,2026-03,27.8,Min temperature (C)
TH000048425,SUPHAN BURI,14.467,100.133,8.0,2026-04-02,TMAX,375.0,2026-04,37.5,Max temperature (C)
TH000048455,BANGKOK METROPOLIS,13.733,100.567,4.0,2026-04-02,TMIN,285.0,2026-04,28.5,Min temperature (C)
TH000048455,BANGKOK METROPOLIS,13.733,100.567,4.0,2026-04-03,TMAX,347.0,2026-04,34.7,Max temperature (C)
TH000048426,LOP BURI,14.8,100.617,11.0,2026-04-04,TMIN,266.0,2026-04,26.6,Min temperature (C)
TH000048325,MAE SARIANG,18.167,97.933,213.0,2026-04-04,TAVG,287.0,2026-04,28.7,Average temperature (C)
TH000048426,LOP BURI,14.8,100.617,11.0,2026-04-05,TAVG,316.0,2026-04,31.6,Average temperature (C)
TH000048501,KHLONG YAI,11.767,102.883,4.0,2026-04-05,TMIN,257.0,2026-04,25.7,Min temperature (C)
TH000048357,NAKHON PHANOM,17.417,104.783,148.0,2026-04-06,TMIN,278.0,2026-04,27.8,Min temperature (C)
TH000048383,MUKDAHAN,16.533,104.717,139.0,2026-04-06,TMAX,395.0,2026-04,39.5,Max temperature (C)
TH000048564,PHUKET,7.883,98.4,3.0,2026-04-06,TMIN,273.0,2026-04,27.3,Min temperature (C)
TH000048325,MAE SARIANG,18.167,97.933,213.0,2026-04-06,TMAX,372.0,2026-04,37.2,Max temperature (C)
TH000048450,KANCHANABURI,14.017,99.533,29.0,2026-04-08,TAVG,332.0,2026-04,33.2,Average temperature (C)
TH000048501,KHLONG YAI,11.767,102.883,4.0,2026-04-08,TAVG,297.0,2026-04,29.7,Average temperature (C)
TH000048432,SURIN,14.883,103.5,147.0,2026-04-09,TAVG,329.0,2026-04,32.9,Average temperature (C)
TH000048383,MUKDAHAN,16.533,104.717,139.0,2026-04-09,TAVG,339.0,2026-04,33.9,Average temperature (C)
THM00048453,BANG NA AGROMET,13.667,100.617,6.0,2026-04-09,TAVG,315.0,2026-04,31.5,Average temperature (C)
TH000048426,LOP BURI,14.8,100.617,11.0,2026-04-10,TMAX,385.0,2026-04,38.5,Max temperature (C)
TH000048425,SUPHAN BURI,14.467,100.133,8.0,2026-04-10,TMAX,385.0,2026-04,38.5,Max temperature (C)
TH000048357,NAKHON PHANOM,17.417,104.783,148.0,2026-04-11,TAVG,336.0,2026-04,33.6,Average temperature (C)
TH000048432,SURIN,14.883,103.5,147.0,2026-04-11,TMIN,260.0,2026-04,26.0,Min temperature (C)
TH000048450,KANCHANABURI,14.017,99.533,29.0,2026-04-12,TMAX,409.0,2026-04,40.9,Max temperature (C)
TH000048325,MAE SARIANG,18.167,97.933,213.0,2026-04-12,TMIN,210.0,2026-04,21.0,Min temperature (C)
TH000048564,PHUKET,7.883,98.4,3.0,2026-04-12,TAVG,309.0,2026-04,30.9,Average temperature (C)
THM00048453,BANG NA AGROMET,13.667,100.617,6.0,2026-04-13,TMIN,290.0,2026-04,29.0,Min temperature (C)
TH000048462,ARANYAPRATHET,13.7,102.583,49.0,2026-04-13,TAVG,325.0,2026-04,32.5,Average temperature (C)
TH000048425,SUPHAN BURI,14.467,100.133,8.0,2026-04-15,TMAX,391.0,2026-04,39.1,Max temperature (C)
TH000048462,ARANYAPRATHET,13.7,102.583,49.0,2026-04-15,TMIN,269.0,2026-04,26.9,Min temperature (C)
TH000048351,UTTARADIT,17.617,100.1,64.0,2026-04-16,TMAX,405.0,2026-04,40.5,Max temperature (C)
TH000048357,NAKHON PHANOM,17.417,104.783,148.0,2026-04-17,TMIN,262.0,2026-04,26.2,Min temperature (C)
TH000048357,NAKHON PHANOM,17.417,104.783,148.0,2026-04-18,TMAX,379.0,2026-04,37.9,Max temperature (C)
TH000048432,SURIN,14.883,103.5,147.0,2026-04-18,TAVG,306.0,2026-04,30.6,Average temperature (C)
TH000048351,UTTARADIT,17.617,100.1,64.0,2026-04-18,TAVG,323.0,2026-04,32.3,Average temperature (C)
TH000048455,BANGKOK METROPOLIS,13.733,100.567,4.0,2026-04-18,TAVG,324.0,2026-04,32.4,Average temperature (C)
TH000048501,KHLONG YAI,11.767,102.883,4.0,2026-04-19,TMIN,248.0,2026-04,24.8,Min temperature (C)
TH000048425,SUPHAN BURI,14.467,100.133,8.0,2026-04-19,TMIN,271.0,2026-04,27.1,Min temperature (C)
TH000048564,PHUKET,7.883,98.4,3.0,2026-04-19,TMAX,354.0,2026-04,35.4,Max temperature (C)
TH000048432,SURIN,14.883,103.5,147.0,2026-04-20,TMIN,253.0,2026-04,25.3,Min temperature (C)
TH000048450,KANCHANABURI,14.017,99.533,29.0,2026-04-20,TMAX,405.0,2026-04,40.5,Max temperature (C)
TH000048425,SUPHAN BURI,14.467,100.133,8.0,2026-04-20,TAVG,315.0,2026-04,31.5,Average temperature (C)
TH000048425,SUPHAN BURI,14.467,100.133,8.0,2026-04-21,TMAX,372.0,2026-04,37.2,Max temperature (C)
TH000048426,LOP BURI,14.8,100.617,11.0,2026-04-21,TAVG,315.0,2026-04,31.5,Average temperature (C)
TH000048501,KHLONG YAI,11.767,102.883,4.0,2026-04-21,TAVG,287.0,2026-04,28.7,Average temperature (C)
TH000048425,SUPHAN BURI,14.467,100.133,8.0,2026-04-22,TMAX,375.0,2026-04,37.5,Max temperature (C)
TH000048455,BANGKOK METROPOLIS,13.733,100.567,4.0,2026-04-22,TAVG,324.0,2026-04,32.4,Average temperature (C)
TH000048450,KANCHANABURI,14.017,99.533,29.0,2026-04-22,TMIN,283.0,2026-04,28.3,Min temperature (C)
TH000048450,KANCHANABURI,14.017,99.533,29.0,2026-04-22,TAVG,328.0,2026-04,32.8,Average temperature (C)
TH000048564,PHUKET,7.883,98.4,3.0,2026-04-22,TMIN,275.0,2026-04,27.5,Min temperature (C)
TH000048450,KANCHANABURI,14.017,99.533,29.0,2026-04-23,TMAX,389.0,2026-04,38.9,Max temperature (C)
TH000048426,LOP BURI,14.8,100.617,11.0,2026-04-23,TAVG,327.0,2026-04,32.7,Average temperature (C)
TH000048425,SUPHAN BURI,14.467,100.133,8.0,2026-04-23,TMAX,378.0,2026-04,37.8,Max temperature (C)
TH000048455,BANGKOK METROPOLIS,13.733,100.567,4.0,2026-04-24,TMAX,352.0,2026-04,35.2,Max temperature (C)
TH000048462,ARANYAPRATHET,13.7,102.583,49.0,2026-04-25,TAVG,316.0,2026-04,31.6,Average temperature (C)
TH000048351,UTTARADIT,17.617,100.1,64.0,2026-04-27,TMIN,262.0,2026-04,26.2,Min temperature (C)
TH000048351,UTTARADIT,17.617,100.1,64.0,2026-04-27,TAVG,321.0,2026-04,32.1,Average temperature (C)
TH000048462,ARANYAPRATHET,13.7,102.583,49.0,2026-04-29,TMIN,273.0,2026-04,27.3,Min temperature (C)
TH000048351,UTTARADIT,17.617,100.1,64.0,2026-04-29,TMIN,265.0,2026-04,26.5,Min temperature (C)
TH000048426,LOP BURI,14.8,100.617,11.0,2026-04-30,TAVG,299.0,2026-04,29.9,Average temperature (C)
TH000048432,SURIN,14.883,103.5,147.0,2026-05-02,TAVG,312.0,2026-05,31.2,Average temperature (C)
TH000048357,NAKHON PHANOM,17.417,104.783,148.0,2026-05-03,TAVG,290.0,2026-05,29.0,Average temperature (C)
TH000048450,KANCHANABURI,14.017,99.533,29.0,2026-05-03,TMAX,400.0,2026-05,40.0,Max temperature (C)
TH000048450,KANCHANABURI,14.017,99.533,29.0,2026-05-04,TMIN,249.0,2026-05,24.9,Min temperature (C)
TH000048432,SURIN,14.883,103.5,147.0,2026-05-05,TAVG,272.0,2026-05,27.2,Average temperature (C)
TH000048564,PHUKET,7.883,98.4,3.0,2026-05-06,TMAX,335.0,2026-05,33.5,Max temperature (C)
TH000048455,BANGKOK METROPOLIS,13.733,100.567,4.0,2026-05-06,TMIN,298.0,2026-05,29.8,Min temperature (C)
TH000048450,KANCHANABURI,14.017,99.533,29.0,2026-05-07,TMAX,388.0,2026-05,38.8,Max temperature (C)
TH000048450,KANCHANABURI,14.017,99.533,29.0,2026-05-08,TMIN,250.0,2026-05,25.0,Min temperature (C)
TH000048462,ARANYAPRATHET,13.7,102.583,49.0,2026-05-09,TMIN,263.0,2026-05,26.3,Min temperature (C)
TH000048425,SUPHAN BURI,14.467,100.133,8.0,2026-05-10,TMAX,352.0,2026-05,35.2,Max temperature (C)
TH000048383,MUKDAHAN,16.533,104.717,139.0,2026-05-10,TMIN,265.0,2026-05,26.5,Min temperature (C)
TH000048462,ARANYAPRATHET,13.7,102.583,49.0,2026-05-11,TMAX,356.0,2026-05,35.6,Max temperature (C)
TH000048564,PHUKET,7.883,98.4,3.0,2026-05-11,TAVG,298.0,2026-05,29.8,Average temperature (C)
TH000048450,KANCHANABURI,14.017,99.533,29.0,2026-05-14,TMAX,364.0,2026-05,36.4,Max temperature (C)
TH000048462,ARANYAPRATHET,13.7,102.583,49.0,2026-05-15,TAVG,298.0,2026-05,29.8,Average temperature (C)
TH000048455,BANGKOK METROPOLIS,13.733,100.567,4.0,2026-05-15,TMAX,357.0,2026-05,35.7,Max temperature (C)
TH000048425,SUPHAN BURI,14.467,100.133,8.0,2026-05-15,TMIN,271.0,2026-05,27.1,Min temperature (C)
TH000048425,SUPHAN BURI,14.467,100.133,8.0,2026-05-16,TMAX,357.0,2026-05,35.7,Max temperature (C)
TH000048325,MAE SARIANG,18.167,97.933,213.0,2026-05-17,TMAX,385.0,2026-05,38.5,Max temperature (C)
THM00048453,BANG NA AGROMET,13.667,100.617,6.0,2026-05-17,TAVG,313.0,2026-05,31.3,Average temperature (C)
TH000048383,MUKDAHAN,16.533,104.717,139.0,2026-05-18,TAVG,294.0,2026-05,29.4,Average temperature (C)
TH000048325,MAE SARIANG,18.167,97.933,213.0,2026-05-18,TAVG,297.0,2026-05,29.7,Average temperature (C)
TH000048325,MAE SARIANG,18.167,97.933,213.0,2026-05-18,TMAX,392.0,2026-05,39.2,Max temperature (C)
TH000048564,PHUKET,7.883,98.4,3.0,2026-05-18,TAVG,268.0,2026-05,26.8,Average temperature (C)
TH000048357,NAKHON PHANOM,17.417,104.783,148.0,2026-05-18,TAVG,275.0,2026-05,27.5,Average temperature (C)
TH000048450,KANCHANABURI,14.017,99.533,29.0,2026-05-18,TMAX,340.0,2026-05,34.0,Max temperature (C)
THM00048453,BANG NA AGROMET,13.667,100.617,6.0,2026-05-19,TMIN,266.0,2026-05,26.6,Min temperature (C)
TH000048383,MUKDAHAN,16.533,104.717,139.0,2026-05-20,TMAX,329.0,2026-05,32.9,Max temperature (C)
TH000048325,MAE SARIANG,18.167,97.933,213.0,2026-05-21,TMIN,253.0,2026-05,25.3,Min temperature (C)
TH000048462,ARANYAPRATHET,13.7,102.583,49.0,2026-01-01,TAVG,264.0,2026-01,26.4,Average temperature (C)
TH000048357,NAKHON PHANOM,17.417,104.783,148.0,2026-01-02,TMIN,181.0,2026-01,18.1,Min temperature (C)
TH000048455,BANGKOK METROPOLIS,13.733,100.567,4.0,2026-01-04,TMAX,320.0,2026-01,32.0,Max temperature (C)
TH000048455,BANGKOK METROPOLIS,13.733,100.567,4.0,2026-01-06,TMAX,327.0,2026-01,32.7,Max temperature (C)
TH000048462,ARANYAPRATHET,13.7,102.583,49.0,2026-01-06,TMAX,311.0,2026-01,31.1,Max temperature (C)
TH000048357,NAKHON PHANOM,17.417,104.783,148.0,2026-01-06,TMIN,165.0,2026-01,16.5,Min temperature (C)
TH000048357,NAKHON PHANOM,17.417,104.783,148.0,2026-01-06,TMAX,263.0,2026-01,26.3,Max temperature (C)
TH000048425,SUPHAN BURI,14.467,100.133,8.0,2026-01-08,TMAX,270.0,2026-01,27.0,Max temperature (C)
TH000048426,LOP BURI,14.8,100.617,11.0,2026-01-09,TAVG,206.0,2026-01,20.6,Average temperature (C)
TH000048383,MUKDAHAN,16.533,104.717,139.0,2026-01-09,TMAX,252.0,2026-01,25.2,Max temperature (C)
TH000048564,PHUKET,7.883,98.4,3.0,2026-01-10,TMAX,322.0,2026-01,32.2,Max temperature (C)
TH000048351,UTTARADIT,17.617,100.1,64.0,2026-01-10,TAVG,211.0,2026-01,21.1,Average temperature (C)
THM00048453,BANG NA AGROMET,13.667,100.617,6.0,2026-01-10,TMAX,290.0,2026-01,29.0,Max temperature (C)
TH000048426,LOP BURI,14.8,100.617,11.0,2026-01-11,TMAX,281.0,2026-01,28.1,Max temperature (C)
TH000048426,LOP BURI,14.8,100.617,11.0,2026-01-11,TAVG,228.0,2026-01,22.8,Average temperature (C)
TH000048426,LOP BURI,14.8,100.617,11.0,2026-01-12,TMIN,161.0,2026-01,16.1,Min temperature (C)
TH000048325,MAE SARIANG,18.167,97.933,213.0,2026-01-12,TMAX,295.0,2026-01,29.5,Max temperature (C)
THM00048453,BANG NA AGROMET,13.667,100.617,6.0,2026-01-12,TAVG,249.0,2026-01,24.9,Average temperature (C)
TH000048351,UTTARADIT,17.617,100.1,64.0,2026-01-14,TMAX,303.0,2026-01,30.3,Max temperature (C)
TH000048450,KANCHANABURI,14.017,99.533,29.0,2026-01-14,TMIN,184.0,2026-01,18.4,Min temperature (C)
TH000048426,LOP BURI,14.8,100.617,11.0,2026-01-15,TMAX,317.0,2026-01,31.7,Max temperature (C)
TH000048383,MUKDAHAN,16.533,104.717,139.0,2026-01-15,TMIN,170.0,2026-01,17.0,Min temperature (C)
TH000048425,SUPHAN BURI,14.467,100.133,8.0,2026-01-16,TMIN,220.0,2026-01,22.0,Min temperature (C)
TH000048383,MUKDAHAN,16.533,104.717,139.0,2026-01-17,TMAX,329.0,2026-01,32.9,Max temperature (C)
TH000048351,UTTARADIT,17.617,100.1,64.0,2026-01-17,TMAX,335.0,2026-01,33.5,Max temperature (C)
TH000048455,BANGKOK METROPOLIS,13.733,100.567,4.0,2026-01-19,TAVG,291.0,2026-01,29.1,Average temperature (C)
TH000048462,ARANYAPRATHET,13.7,102.583,49.0,2026-01-19,TMIN,230.0,2026-01,23.0,Min temperature (C)
TH000048357,NAKHON PHANOM,17.417,104.783,148.0,2026-01-20,TAVG,260.0,2026-01,26.0,Average temperature (C)
TH000048462,ARANYAPRATHET,13.7,102.583,49.0,2026-01-20,TMIN,226.0,2026-01,22.6,Min temperature (C)
TH000048501,KHLONG YAI,11.767,102.883,4.0,2026-01-20,TMIN,217.0,2026-01,21.7,Min temperature (C)
THM00048453,BANG NA AGROMET,13.667,100.617,6.0,2026-01-21,TAVG,276.0,2026-01,27.6,Average temperature (C)
TH000048462,ARANYAPRATHET,13.7,102.583,49.0,2026-01-21,TMIN,213.0,2026-01,21.3,Min temperature (C)
TH000048425,SUPHAN BURI,14.467,100.133,8.0,2026-01-21,TAVG,272.0,2026-01,27.2,Average temperature (C)
TH000048455,BANGKOK METROPOLIS,13.733,100.567,4.0,2026-01-22,TMAX,336.0,2026-01,33.6,Max temperature (C)
TH000048357,NAKHON PHANOM,17.417,104.783,148.0,2026-01-23,TAVG,212.0,2026-01,21.2,Average temperature (C)
TH000048426,LOP BURI,14.8,100.617,11.0,2026-01-23,TMAX,323.0,2026-01,32.3,Max temperature (C)
TH000048462,ARANYAPRATHET,13.7,102.583,49.0,2026-01-26,TMAX,336.0,2026-01,33.6,Max temperature (C)
TH000048425,SUPHAN BURI,14.467,100.133,8.0,2026-01-26,TMIN,198.0,2026-01,19.8,Min temperature (C)
TH000048383,MUKDAHAN,16.533,104.717,139.0,2026-01-26,TMAX,308.0,2026-01,30.8,Max temperature (C)
TH000048462,ARANYAPRATHET,13.7,102.583,49.0,2026-01-28,TMIN,195.0,2026-01,19.5,Min temperature (C)
TH000048501,KHLONG YAI,11.767,102.883,4.0,2026-01-28,TMIN,218.0,2026-01,21.8,Min temperature (C)
TH000048432,SURIN,14.883,103.5,147.0,2026-01-30,TMIN,190.0,2026-01,19.0,Min temperature (C)
TH000048383,MUKDAHAN,16.533,104.717,139.0,2026-01-31,TMIN,190.0,2026-01,19.0,Min temperature (C)
TH000048357,NAKHON PHANOM,17.417,104.783,148.0,2026-01-31,TAVG,243.0,2026-01,24.3,Average temperature (C)
TH000048383,MUKDAHAN,16.533,104.717,139.0,2026-02-01,TMIN,186.0,2026-02,18.6,Min temperature (C)
TH000048426,LOP BURI,14.8,100.617,11.0,2026-02-01,TMIN,215.0,2026-02,21.5,Min temperature (C)
TH000048462,ARANYAPRATHET,13.7,102.583,49.0,2026-02-01,TMIN,217.0,2026-02,21.7,Min temperature (C)
TH000048462,ARANYAPRATHET,13.7,102.583,49.0,2026-02-01,TAVG,274.0,2026-02,27.4,Average temperature (C)
TH000048462,ARANYAPRATHET,13.7,102.583,49.0,2026-02-02,TMAX,315.0,2026-02,31.5,Max temperature (C)
TH000048455,BANGKOK METROPOLIS,13.733,100.567,4.0,2026-02-02,TAVG,290.0,2026-02,29.0,Average temperature (C)
THM00048453,BANG NA AGROMET,13.667,100.617,6.0,2026-02-02,TMIN,238.0,2026-02,23.8,Min temperature (C)
TH000048383,MUKDAHAN,16.533,104.717,139.0,2026-02-05,TAVG,268.0,2026-02,26.8,Average temperature (C)
TH000048357,NAKHON PHANOM,17.417,104.783,148.0,2026-02-06,TAVG,271.0,2026-02,27.1,Average temperature (C)
TH000048426,LOP BURI,14.8,100.617,11.0,2026-02-06,TAVG,286.0,2026-02,28.6,Average temperature (C)
TH000048325,MAE SARIANG,18.167,97.933,213.0,2026-02-07,TAVG,227.0,2026-02,22.7,Average temperature (C)
TH000048426,LOP BURI,14.8,100.617,11.0,2026-02-08,TMAX,330.0,2026-02,33.0,Max temperature (C)
TH000048425,SUPHAN BURI,14.467,100.133,8.0,2026-02-08,TMIN,243.0,2026-02,24.3,Min temperature (C)
TH000048450,KANCHANABURI,14.017,99.533,29.0,2026-02-09,TAVG,260.0,2026-02,26.0,Average temperature (C)
TH000048357,NAKHON PHANOM,17.417,104.783,148.0,2026-02-10,TAVG,252.0,2026-02,25.2,Average temperature (C)
TH000048564,PHUKET,7.883,98.4,3.0,2026-02-11,TMAX,343.0,2026-02,34.3,Max temperature (C)
TH000048564,PHUKET,7.883,98.4,3.0,2026-02-11,TAVG,301.0,2026-02,30.1,Average temperature (C)
TH000048425,SUPHAN BURI,14.467,100.133,8.0,2026-02-14,TAVG,300.0,2026-02,30.0,Average temperature (C)
TH000048564,PHUKET,7.883,98.4,3.0,2026-02-16,TMAX,297.0,2026-02,29.7,Max temperature (C)
TH000048383,MUKDAHAN,16.533,104.717,139.0,2026-02-16,TAVG,275.0,2026-02,27.5,Average temperature (C)
TH000048462,ARANYAPRATHET,13.7,102.583,49.0,2026-02-17,TMIN,274.0,2026-02,27.4,Min temperature (C)
THM00048453,BANG NA AGROMET,13.667,100.617,6.0,2026-02-17,TAVG,292.0,2026-02,29.2,Average temperature (C)
TH000048425,SUPHAN BURI,14.467,100.133,8.0,2026-02-17,TMIN,266.0,2026-02,26.6,Min temperature (C)
TH000048351,UTTARADIT,17.617,100.1,64.0,2026-02-18,TMAX,337.0,2026-02,33.7,Max temperature (C)
TH000048450,KANCHANABURI,14.017,99.533,29.0,2026-02-18,TAVG,287.0,2026-02,28.7,Average temperature (C)
TH000048325,MAE SARIANG,18.167,97.933,213.0,2026-02-19,TMAX,291.0,2026-02,29.1,Max temperature (C)
TH000048351,UTTARADIT,17.617,100.1,64.0,2026-02-20,TMAX,350.0,2026-02,35.0,Max temperature (C)
TH000048383,MUKDAHAN,16.533,104.717,139.0,2026-02-21,TMIN,228.0,2026-02,22.8,Min temperature (C)
TH000048455,BANGKOK METROPOLIS,13.733,100.567,4.0,2026-02-21,TMIN,275.0,2026-02,27.5,Min temperature (C)
TH000048501,KHLONG YAI,11.767,102.883,4.0,2026-02-21,TAVG,282.0,2026-02,28.2,Average temperature (C)
TH000048501,KHLONG YAI,11.767,102.883,4.0,2026-02-22,TMAX,316.0,2026-02,31.6,Max temperature (C)
TH000048462,ARANYAPRATHET,13.7,102.583,49.0,2026-02-23,TMIN,263.0,2026-02,26.3,Min temperature (C)
TH000048462,ARANYAPRATHET,13.7,102.583,49.0,2026-02-23,TMAX,359.0,2026-02,35.9,Max temperature (C)
TH000048450,KANCHANABURI,14.017,99.533,29.0,2026-02-23,TMAX,356.0,2026-02,35.6,Max temperature (C)
TH000048357,NAKHON PHANOM,17.417,104.783,148.0,2026-02-24,TMIN,260.0,2026-02,26.0,Min temperature (C)
TH000048462,ARANYAPRATHET,13.7,102.583,49.0,2026-02-24,TMIN,255.0,2026-02,25.5,Min temperature (C)
TH000048432,SURIN,14.883,103.5,147.0,2026-02-24,TAVG,304.0,2026-02,30.4,Average temperature (C)
TH000048462,ARANYAPRATHET,13.7,102.583,49.0,2026-02-25,TMAX,342.0,2026-02,34.2,Max temperature (C)
TH000048425,SUPHAN BURI,14.467,100.133,8.0,2026-02-28,TMIN,251.0,2026-02,25.1,Min temperature (C)
THM00048453,BANG NA AGROMET,13.667,100.617,6.0,2026-02-28,TMIN,280.0,2026-02,28.0,Min temperature (C)
TH000048426,LOP BURI,14.8,100.617,11.0,2026-02-28,TAVG,306.0,2026-02,30.6,Average temperature (C)
TH000048351,UTTARADIT,17.617,100.1,64.0,2026-03-01,TAVG,281.0,2026-03,28.1,Average temperature (C)
TH000048426,LOP BURI,14.8,100.617,11.0,2026-03-01,TMAX,327.0,2026-03,32.7,Max temperature (C)
TH000048357,NAKHON PHANOM,17.417,104.783,148.0,2026-03-03,TMAX,363.0,2026-03,36.3,Max temperature (C)
TH000048462,ARANYAPRATHET,13.7,102.583,49.0,2026-03-03,TMIN,256.0,2026-03,25.6,Min temperature (C)
TH000048432,SURIN,14.883,103.5,147.0,2026-03-04,TMIN,232.0,2026-03,23.2,Min temperature (C)
TH000048357,NAKHON PHANOM,17.417,104.783,148.0,2026-03-05,TMIN,200.0,2026-03,20.0,Min temperature (C)
TH000048325,MAE SARIANG,18.167,97.933,213.0,2026-03-06,TMAX,359.0,2026-03,35.9,Max temperature (C)
TH000048357,NAKHON PHANOM,17.417,104.783,148.0,2026-03-06,TMAX,318.0,2026-03,31.8,Max temperature (C)
TH000048462,ARANYAPRATHET,13.7,102.583,49.0,2026-03-06,TMIN,239.0,2026-03,23.9,Min temperature (C)
TH000048564,PHUKET,7.883,98.4,3.0,2026-03-06,TAVG,285.0,2026-03,28.5,Average temperature (C)
THM00048453,BANG NA AGROMET,13.667,100.617,6.0,2026-03-07,TMIN,280.0,2026-03,28.0,Min temperature (C)
TH000048501,KHLONG YAI,11.767,102.883,4.0,2026-03-07,TAVG,256.0,2026-03,25.6,Average temperature (C)
TH000048432,SURIN,14.883,103.5,147.0,2026-03-07,TAVG,272.0,2026-03,27.2,Average temperature (C)
TH000048383,MUKDAHAN,16.533,104.717,139.0,2026-03-08,TMAX,330.0,2026-03,33.0,Max temperature (C)
TH000048383,MUKDAHAN,16.533,104.717,139.0,2026-03-09,TAVG,279.0,2026-03,27.9,Average temperature (C)
TH000048325,MAE SARIANG,18.167,97.933,213.0,2026-03-09,TMIN,190.0,2026-03,19.0,Min temperature (C)
TH000048432,SURIN,14.883,103.5,147.0,2026-03-10,TMAX,326.0,2026-03,32.6,Max temperature (C)
THM00048453,BANG NA AGROMET,13.667,100.617,6.0,2026-03-10,TMIN,272.0,2026-03,27.2,Min temperature (C)
TH000048351,UTTARADIT,17.617,100.1,64.0,2026-03-12,TMAX,332.0,2026-03,33.2,Max temperature (C)
TH000048325,MAE SARIANG,18.167,97.933,213.0,2026-03-13,TMIN,200.0,2026-03,20.0,Min temperature (C)
TH000048455,BANGKOK METROPOLIS,13.733,100.567,4.0,2026-03-13,TAVG,295.0,2026-03,29.5,Average temperature (C)
TH000048501,KHLONG YAI,11.767,102.883,4.0,2026-03-14,TMAX,318.0,2026-03,31.8,Max temperature (C)
TH000048425,SUPHAN BURI,14.467,100.133,8.0,2026-03-15,TMAX,340.0,2026-03,34.0,Max temperature (C)
TH000048383,MUKDAHAN,16.533,104.717,139.0,2026-03-15,TMIN,198.0,2026-03,19.8,Min temperature (C)
TH000048462,ARANYAPRATHET,13.7,102.583,49.0,2026-03-15,TAVG,290.0,2026-03,29.0,Average temperature (C)
TH000048501,KHLONG YAI,11.767,102.883,4.0,2026-03-16,TAVG,268.0,2026-03,26.8,Average temperature (C)
TH000048501,KHLONG YAI,11.767,102.883,4.0,2026-03-16,TMAX,312.0,2026-03,31.2,Max temperature (C)
TH000048425,SUPHAN BURI,14.467,100.133,8.0,2026-03-17,TAVG,297.0,2026-03,29.7,Average temperature (C)
TH000048351,UTTARADIT,17.617,100.1,64.0,2026-03-18,TMAX,368.0,2026-03,36.8,Max temperature (C)
TH000048501,KHLONG YAI,11.767,102.883,4.0,2026-03-18,TMIN,241.0,2026-03,24.1,Min temperature (C)
TH000048426,LOP BURI,14.8,100.617,11.0,2026-03-18,TMAX,365.0,2026-03,36.5,Max temperature (C)
TH000048325,MAE SARIANG,18.167,97.933,213.0,2026-03-19,TMIN,210.0,2026-03,21.0,Min temperature (C)
TH000048501,KHLONG YAI,11.767,102.883,4.0,2026-03-20,TMAX,321.0,2026-03,32.1,Max temperature (C)
TH000048425,SUPHAN BURI,14.467,100.133,8.0,2026-03-21,TMIN,258.0,2026-03,25.8,Min temperature (C)
TH000048432,SURIN,14.883,103.5,147.0,2026-03-21,TAVG,292.0,2026-03,29.2,Average temperature (C)
TH000048357,NAKHON PHANOM,17.417,104.783,148.0,2026-03-21,TAVG,285.0,2026-03,28.5,Average temperature (C)
TH000048564,PHUKET,7.883,98.4,3.0,2026-03-22,TMAX,356.0,2026-03,35.6,Max temperature (C)
TH000048432,SURIN,14.883,103.5,147.0,2026-03-22,TAVG,311.0,2026-03,31.1,Average temperature (C)
TH000048564,PHUKET,7.883,98.4,3.0,2026-03-23,TMAX,370.0,2026-03,37.0,Max temperature (C)
TH000048325,MAE SARIANG,18.167,97.933,213.0,2026-03-24,TMAX,364.0,2026-03,36.4,Max temperature (C)
TH000048450,KANCHANABURI,14.017,99.533,29.0,2026-03-24,TMIN,266.0,2026-03,26.6,Min temperature (C)
TH000048501,KHLONG YAI,11.767,102.883,4.0,2026-04-03,TAVG,288.0,2026-04,28.8,Average temperature (C)
TH000048450,KANCHANABURI,14.017,99.533,29.0,2026-04-04,TMIN,261.0,2026-04,26.1,Min temperature (C)
TH000048450,KANCHANABURI,14.017,99.533,29.0,2026-04-05,TAVG,328.0,2026-04,32.8,Average temperature (C)
TH000048425,SUPHAN BURI,14.467,100.133,8.0,2026-04-05,TAVG,310.0,2026-04,31.0,Average temperature (C)
TH000048501,KHLONG YAI,11.767,102.883,4.0,2026-04-06,TMAX,337.0,2026-04,33.7,Max temperature (C)
TH000048325,MAE SARIANG,18.167,97.933,213.0,2026-04-07,TAVG,302.0,2026-04,30.2,Average temperature (C)
TH000048351,UTTARADIT,17.617,100.1,64.0,2026-04-07,TMIN,257.0,2026-04,25.7,Min temperature (C)
TH000048426,LOP BURI,14.8,100.617,11.0,2026-04-07,TMAX,370.0,2026-04,37.0,Max temperature (C)
TH000048501,KHLONG YAI,11.767,102.883,4.0,2026-04-08,TMAX,337.0,2026-04,33.7,Max temperature (C)
TH000048425,SUPHAN BURI,14.467,100.133,8.0,2026-04-08,TAVG,312.0,2026-04,31.2,Average temperature (C)
TH000048455,BANGKOK METROPOLIS,13.733,100.567,4.0,2026-04-12,TMAX,368.0,2026-04,36.8,Max temperature (C)
TH000048455,BANGKOK METROPOLIS,13.733,100.567,4.0,2026-04-12,TAVG,324.0,2026-04,32.4,Average temperature (C)
TH000048432,SURIN,14.883,103.5,147.0,2026-04-12,TAVG,333.0,2026-04,33.3,Average temperature (C)
TH000048325,MAE SARIANG,18.167,97.933,213.0,2026-04-13,TMAX,382.0,2026-04,38.2,Max temperature (C)
TH000048357,NAKHON PHANOM,17.417,104.783,148.0,2026-04-13,TAVG,334.0,2026-04,33.4,Average temperature (C)
TH000048501,KHLONG YAI,11.767,102.883,4.0,2026-04-15,TMIN,267.0,2026-04,26.7,Min temperature (C)
THM00048453,BANG NA AGROMET,13.667,100.617,6.0,2026-04-15,TMIN,296.0,2026-04,29.6,Min temperature (C)
TH000048462,ARANYAPRATHET,13.7,102.583,49.0,2026-04-16,TMIN,278.0,2026-04,27.8,Min temperature (C)
TH000048432,SURIN,14.883,103.5,147.0,2026-04-16,TAVG,337.0,2026-04,33.7,Average temperature (C)
TH000048383,MUKDAHAN,16.533,104.717,139.0,2026-04-17,TMAX,399.0,2026-04,39.9,Max temperature (C)
TH000048455,BANGKOK METROPOLIS,13.733,100.567,4.0,2026-04-17,TAVG,321.0,2026-04,32.1,Average temperature (C)
TH000048455,BANGKOK METROPOLIS,13.733,100.567,4.0,2026-04-17,TMAX,357.0,2026-04,35.7,Max temperature (C)
TH000048351,UTTARADIT,17.617,100.1,64.0,2026-04-18,TMAX,395.0,2026-04,39.5,Max temperature (C)
TH000048501,KHLONG YAI,11.767,102.883,4.0,2026-04-18,TMAX,335.0,2026-04,33.5,Max temperature (C)
TH000048383,MUKDAHAN,16.533,104.717,139.0,2026-04-19,TMIN,246.0,2026-04,24.6,Min temperature (C)
TH000048450,KANCHANABURI,14.017,99.533,29.0,2026-04-21,TMIN,273.0,2026-04,27.3,Min temperature (C)
TH000048426,LOP BURI,14.8,100.617,11.0,2026-04-21,TMIN,278.0,2026-04,27.8,Min temperature (C)
TH000048383,MUKDAHAN,16.533,104.717,139.0,2026-04-22,TAVG,328.0,2026-04,32.8,Average temperature (C)
THM00048453,BANG NA AGROMET,13.667,100.617,6.0,2026-04-22,TAVG,322.0,2026-04,32.2,Average temperature (C)
TH000048501,KHLONG YAI,11.767,102.883,4.0,2026-04-22,TAVG,301.0,2026-04,30.1,Average temperature (C)
TH000048325,MAE SARIANG,18.167,97.933,213.0,2026-04-23,TMAX,392.0,2026-04,39.2,Max temperature (C)
TH000048383,MUKDAHAN,16.533,104.717,139.0,2026-04-23,TMAX,373.0,2026-04,37.3,Max temperature (C)
TH000048351,UTTARADIT,17.617,100.1,64.0,2026-04-24,TAVG,319.0,2026-04,31.9,Average temperature (C)
TH000048383,MUKDAHAN,16.533,104.717,139.0,2026-04-24,TMIN,226.0,2026-04,22.6,Min temperature (C)
TH000048462,ARANYAPRATHET,13.7,102.583,49.0,2026-04-25,TMIN,274.0,2026-04,27.4,Min temperature (C)
TH000048383,MUKDAHAN,16.533,104.717,139.0,2026-04-25,TMIN,243.0,2026-04,24.3,Min temperature (C)
TH000048425,SUPHAN BURI,14.467,100.133,8.0,2026-04-26,TMIN,268.0,2026-04,26.8,Min temperature (C)
TH000048325,MAE SARIANG,18.167,97.933,213.0,2026-04-26,TMIN,232.0,2026-04,23.2,Min temperature (C)
TH000048450,KANCHANABURI,14.017,99.533,29.0,2026-04-26,TMIN,267.0,2026-04,26.7,Min temperature (C)
TH000048462,ARANYAPRATHET,13.7,102.583,49.0,2026-04-28,TAVG,315.0,2026-04,31.5,Average temperature (C)
TH000048383,MUKDAHAN,16.533,104.717,139.0,2026-04-29,TMAX,339.0,2026-04,33.9,Max temperature (C)
THM00048453,BANG NA AGROMET,13.667,100.617,6.0,2026-04-29,TMAX,372.0,2026-04,37.2,Max temperature (C)
TH000048426,LOP BURI,14.8,100.617,11.0,2026-04-30,TMAX,375.0,2026-04,37.5,Max temperature (C)
TH000048425,SUPHAN BURI,14.467,100.133,8.0,2026-05-01,TMIN,268.0,2026-05,26.8,Min temperature (C)
TH000048383,MUKDAHAN,16.533,104.717,139.0,2026-05-02,TMAX,361.0,2026-05,36.1,Max temperature (C)
TH000048426,LOP BURI,14.8,100.617,11.0,2026-05-04,TAVG,304.0,2026-05,30.4,Average temperature (C)
TH000048501,KHLONG YAI,11.767,102.883,4.0,2026-05-04,TMIN,249.0,2026-05,24.9,Min temperature (C)
TH000048357,NAKHON PHANOM,17.417,104.783,148.0,2026-05-05,TMAX,340.0,2026-05,34.0,Max temperature (C)
TH000048351,UTTARADIT,17.617,100.1,64.0,2026-05-07,TMIN,278.0,2026-05,27.8,Min temperature (C)
TH000048357,NAKHON PHANOM,17.417,104.783,148.0,2026-05-07,TAVG,300.0,2026-05,30.0,Average temperature (C)
TH000048462,ARANYAPRATHET,13.7,102.583,49.0,2026-05-07,TMAX,357.0,2026-05,35.7,Max temperature (C)
TH000048351,UTTARADIT,17.617,100.1,64.0,2026-05-08,TAVG,311.0,2026-05,31.1,Average temperature (C)
TH000048357,NAKHON PHANOM,17.417,104.783,148.0,2026-05-08,TAVG,255.0,2026-05,25.5,Average temperature (C)
TH000048564,PHUKET,7.883,98.4,3.0,2026-05-08,TAVG,298.0,2026-05,29.8,Average temperature (C)
TH000048432,SURIN,14.883,103.5,147.0,2026-05-08,TMAX,340.0,2026-05,34.0,Max temperature (C)
TH000048455,BANGKOK METROPOLIS,13.733,100.567,4.0,2026-05-08,TAVG,299.0,2026-05,29.9,Average temperature (C)
TH000048455,BANGKOK METROPOLIS,13.733,100.567,4.0,2026-05-09,TMAX,348.0,2026-05,34.8,Max temperature (C)
TH000048383,MUKDAHAN,16.533,104.717,139.0,2026-05-09,TMIN,260.0,2026-05,26.0,Min temperature (C)
TH000048325,MAE SARIANG,18.167,97.933,213.0,2026-05-11,TMAX,355.0,2026-05,35.5,Max temperature (C)
TH000048425,SUPHAN BURI,14.467,100.133,8.0,2026-05-15,TMAX,347.0,2026-05,34.7,Max temperature (C)
TH000048357,NAKHON PHANOM,17.417,104.783,148.0,2026-05-15,TMAX,348.0,2026-05,34.8,Max temperature (C)
TH000048383,MUKDAHAN,16.533,104.717,139.0,2026-05-16,TMAX,360.0,2026-05,36.0,Max temperature (C)
TH000048357,NAKHON PHANOM,17.417,104.783,148.0,2026-05-16,TAVG,288.0,2026-05,28.8,Average temperature (C)
TH000048455,BANGKOK METROPOLIS,13.733,100.567,4.0,2026-05-16,TMIN,285.0,2026-05,28.5,Min temperature (C)
TH000048455,BANGKOK METROPOLIS,13.733,100.567,4.0,2026-05-16,TAVG,315.0,2026-05,31.5,Average temperature (C)
TH000048455,BANGKOK METROPOLIS,13.733,100.567,4.0,2026-05-19,TMAX,342.0,2026-05,34.2,Max temperature (C)
TH000048501,KHLONG YAI,11.767,102.883,4.0,2026-05-20,TMAX,337.0,2026-05,33.7,Max temperature (C)
TH000048351,UTTARADIT,17.617,100.1,64.0,2026-05-20,TMIN,248.0,2026-05,24.8,Min temperature (C)
TH000048351,UTTARADIT,17.617,100.1,64.0,2026-05-20,TMAX,340.0,2026-05,34.0,Max temperature (C)
TH000048432,SURIN,14.883,103.5,147.0,2026-05-20,TMIN,260.0,2026-05,26.0,Min temperature (C)
TH000048564,PHUKET,7.883,98.4,3.0,2026-05-21,TMIN,246.0,2026-05,24.6,Min temperature (C)
TH000048432,SURIN,14.883,103.5,147.0,2026-01-01,TAVG,250.0,2026-01,25.0,Average temperature (C)
TH000048351,UTTARADIT,17.617,100.1,64.0,2026-01-01,TAVG,244.0,2026-01,24.4,Average temperature (C)
TH000048462,ARANYAPRATHET,13.7,102.583,49.0,2026-01-02,TMAX,321.0,2026-01,32.1,Max temperature (C)
TH000048325,MAE SARIANG,18.167,97.933,213.0,2026-01-03,TMIN,160.0,2026-01,16.0,Min temperature (C)
TH000048425,SUPHAN BURI,14.467,100.133,8.0,2026-01-03,TAVG,247.0,2026-01,24.7,Average temperature (C)
TH000048462,ARANYAPRATHET,13.7,102.583,49.0,2026-01-04,TMAX,305.0,2026-01,30.5,Max temperature (C)
TH000048450,KANCHANABURI,14.017,99.533,29.0,2026-01-04,TMAX,311.0,2026-01,31.1,Max temperature (C)
TH000048383,MUKDAHAN,16.533,104.717,139.0,2026-01-04,TMAX,290.0,2026-01,29.0,Max temperature (C)
TH000048383,MUKDAHAN,16.533,104.717,139.0,2026-01-05,TMAX,302.0,2026-01,30.2,Max temperature (C)
TH000048325,MAE SARIANG,18.167,97.933,213.0,2026-01-06,TMIN,148.0,2026-01,14.8,Min temperature (C)
TH000048383,MUKDAHAN,16.533,104.717,139.0,2026-01-07,TMIN,141.0,2026-01,14.1,Min temperature (C)
TH000048426,LOP BURI,14.8,100.617,11.0,2026-01-09,TMAX,278.0,2026-01,27.8,Max temperature (C)
TH000048455,BANGKOK METROPOLIS,13.733,100.567,4.0,2026-01-09,TMIN,192.0,2026-01,19.2,Min temperature (C)
TH000048351,UTTARADIT,17.617,100.1,64.0,2026-01-10,TMAX,280.0,2026-01,28.0,Max temperature (C)
TH000048357,NAKHON PHANOM,17.417,104.783,148.0,2026-01-10,TAVG,204.0,2026-01,20.4,Average temperature (C)
TH000048425,SUPHAN BURI,14.467,100.133,8.0,2026-01-10,TMIN,160.0,2026-01,16.0,Min temperature (C)
THM00048453,BANG NA AGROMET,13.667,100.617,6.0,2026-01-10,TMIN,187.0,2026-01,18.7,Min temperature (C)
TH000048455,BANGKOK METROPOLIS,13.733,100.567,4.0,2026-01-11,TMAX,301.0,2026-01,30.1,Max temperature (C)
TH000048455,BANGKOK METROPOLIS,13.733,100.567,4.0,2026-01-11,TMIN,192.0,2026-01,19.2,Min temperature (C)
TH000048462,ARANYAPRATHET,13.7,102.583,49.0,2026-01-12,TMIN,175.0,2026-01,17.5,Min temperature (C)
TH000048383,MUKDAHAN,16.533,104.717,139.0,2026-01-13,TMAX,285.0,2026-01,28.5,Max temperature (C)
TH000048501,KHLONG YAI,11.767,102.883,4.0,2026-01-13,TMIN,208.0,2026-01,20.8,Min temperature (C)
TH000048564,PHUKET,7.883,98.4,3.0,2026-01-13,TMIN,238.0,2026-01,23.8,Min temperature (C)
TH000048455,BANGKOK METROPOLIS,13.733,100.567,4.0,2026-01-13,TMAX,330.0,2026-01,33.0,Max temperature (C)
TH000048501,KHLONG YAI,11.767,102.883,4.0,2026-01-13,TMAX,302.0,2026-01,30.2,Max temperature (C)
TH000048325,MAE SARIANG,18.167,97.933,213.0,2026-01-13,TMIN,158.0,2026-01,15.8,Min temperature (C)
THM00048453,BANG NA AGROMET,13.667,100.617,6.0,2026-01-13,TMIN,202.0,2026-01,20.2,Min temperature (C)
THM00048453,BANG NA AGROMET,13.667,100.617,6.0,2026-01-13,TMAX,327.0,2026-01,32.7,Max temperature (C)
TH000048462,ARANYAPRATHET,13.7,102.583,49.0,2026-01-14,TMAX,330.0,2026-01,33.0,Max temperature (C)
TH000048357,NAKHON PHANOM,17.417,104.783,148.0,2026-01-14,TMAX,291.0,2026-01,29.1,Max temperature (C)
TH000048425,SUPHAN BURI,14.467,100.133,8.0,2026-01-14,TMIN,186.0,2026-01,18.6,Min temperature (C)
TH000048450,KANCHANABURI,14.017,99.533,29.0,2026-01-15,TMAX,335.0,2026-01,33.5,Max temperature (C)
THM00048453,BANG NA AGROMET,13.667,100.617,6.0,2026-01-15,TMIN,225.0,2026-01,22.5,Min temperature (C)
TH000048357,NAKHON PHANOM,17.417,104.783,148.0,2026-01-15,TMAX,307.0,2026-01,30.7,Max temperature (C)
TH000048501,KHLONG YAI,11.767,102.883,4.0,2026-01-15,TAVG,262.0,2026-01,26.2,Average temperature (C)
TH000048357,NAKHON PHANOM,17.417,104.783,148.0,2026-01-16,TAVG,237.0,2026-01,23.7,Average temperature (C)
TH000048432,SURIN,14.883,103.5,147.0,2026-01-16,TAVG,268.0,2026-01,26.8,Average temperature (C)
TH000048462,ARANYAPRATHET,13.7,102.583,49.0,2026-01-16,TAVG,280.0,2026-01,28.0,Average temperature (C)
TH000048325,MAE SARIANG,18.167,97.933,213.0,2026-01-17,TMAX,315.0,2026-01,31.5,Max temperature (C)
TH000048564,PHUKET,7.883,98.4,3.0,2026-01-17,TMIN,250.0,2026-01,25.0,Min temperature (C)
TH000048357,NAKHON PHANOM,17.417,104.783,148.0,2026-01-18,TAVG,251.0,2026-01,25.1,Average temperature (C)
TH000048357,NAKHON PHANOM,17.417,104.783,148.0,2026-01-19,TAVG,241.0,2026-01,24.1,Average temperature (C)
TH000048426,LOP BURI,14.8,100.617,11.0,2026-01-19,TMIN,210.0,2026-01,21.0,Min temperature (C)
TH000048383,MUKDAHAN,16.533,104.717,139.0,2026-01-20,TMIN,190.0,2026-01,19.0,Min temperature (C)
TH000048426,LOP BURI,14.8,100.617,11.0,2026-01-20,TMIN,226.0,2026-01,22.6,Min temperature (C)
TH000048455,BANGKOK METROPOLIS,13.733,100.567,4.0,2026-01-21,TAVG,281.0,2026-01,28.1,Average temperature (C)
TH000048383,MUKDAHAN,16.533,104.717,139.0,2026-01-21,TMIN,182.0,2026-01,18.2,Min temperature (C)
TH000048325,MAE SARIANG,18.167,97.933,213.0,2026-01-22,TMAX,324.0,2026-01,32.4,Max temperature (C)
TH000048450,KANCHANABURI,14.017,99.533,29.0,2026-01-22,TMIN,198.0,2026-01,19.8,Min temperature (C)
TH000048450,KANCHANABURI,14.017,99.533,29.0,2026-01-24,TMAX,319.0,2026-01,31.9,Max temperature (C)
TH000048351,UTTARADIT,17.617,100.1,64.0,2026-01-24,TAVG,232.0,2026-01,23.2,Average temperature (C)
TH000048426,LOP BURI,14.8,100.617,11.0,2026-01-24,TAVG,258.0,2026-01,25.8,Average temperature (C)
TH000048455,BANGKOK METROPOLIS,13.733,100.567,4.0,2026-01-24,TMAX,337.0,2026-01,33.7,Max temperature (C)
TH000048455,BANGKOK METROPOLIS,13.733,100.567,4.0,2026-01-24,TAVG,276.0,2026-01,27.6,Average temperature (C)
TH000048564,PHUKET,7.883,98.4,3.0,2026-01-25,TMIN,255.0,2026-01,25.5,Min temperature (C)
TH000048351,UTTARADIT,17.617,100.1,64.0,2026-01-27,TMAX,320.0,2026-01,32.0,Max temperature (C)
TH000048450,KANCHANABURI,14.017,99.533,29.0,2026-01-27,TMIN,191.0,2026-01,19.1,Min temperature (C)
TH000048501,KHLONG YAI,11.767,102.883,4.0,2026-01-28,TMAX,311.0,2026-01,31.1,Max temperature (C)
TH000048425,SUPHAN BURI,14.467,100.133,8.0,2026-01-28,TMIN,196.0,2026-01,19.6,Min temperature (C)
TH000048357,NAKHON PHANOM,17.417,104.783,148.0,2026-01-29,TMAX,305.0,2026-01,30.5,Max temperature (C)
TH000048462,ARANYAPRATHET,13.7,102.583,49.0,2026-01-29,TMIN,201.0,2026-01,20.1,Min temperature (C)
TH000048462,ARANYAPRATHET,13.7,102.583,49.0,2026-01-31,TMIN,216.0,2026-01,21.6,Min temperature (C)
TH000048425,SUPHAN BURI,14.467,100.133,8.0,2026-01-31,TMIN,218.0,2026-01,21.8,Min temperature (C)
TH000048357,NAKHON PHANOM,17.417,104.783,148.0,2026-02-01,TMIN,185.0,2026-02,18.5,Min temperature (C)
TH000048450,KANCHANABURI,14.017,99.533,29.0,2026-02-01,TMAX,342.0,2026-02,34.2,Max temperature (C)
TH000048351,UTTARADIT,17.617,100.1,64.0,2026-02-01,TAVG,265.0,2026-02,26.5,Average temperature (C)
TH000048450,KANCHANABURI,14.017,99.533,29.0,2026-02-02,TAVG,275.0,2026-02,27.5,Average temperature (C)
TH000048357,NAKHON PHANOM,17.417,104.783,148.0,2026-02-03,TMAX,300.0,2026-02,30.0,Max temperature (C)
TH000048325,MAE SARIANG,18.167,97.933,213.0,2026-02-03,TAVG,226.0,2026-02,22.6,Average temperature (C)
TH000048462,ARANYAPRATHET,13.7,102.583,49.0,2026-02-04,TAVG,276.0,2026-02,27.6,Average temperature (C)
TH000048432,SURIN,14.883,103.5,147.0,2026-02-04,TAVG,261.0,2026-02,26.1,Average temperature (C)
TH000048357,NAKHON PHANOM,17.417,104.783,148.0,2026-02-04,TAVG,243.0,2026-02,24.3,Average temperature (C)
TH000048455,BANGKOK METROPOLIS,13.733,100.567,4.0,2026-02-04,TAVG,287.0,2026-02,28.7,Average temperature (C)
TH000048450,KANCHANABURI,14.017,99.533,29.0,2026-02-05,TAVG,291.0,2026-02,29.1,Average temperature (C)
TH000048426,LOP BURI,14.8,100.617,11.0,2026-02-05,TMAX,345.0,2026-02,34.5,Max temperature (C)
TH000048383,MUKDAHAN,16.533,104.717,139.0,2026-02-05,TMAX,342.0,2026-02,34.2,Max temperature (C)
TH000048383,MUKDAHAN,16.533,104.717,139.0,2026-02-06,TMAX,342.0,2026-02,34.2,Max temperature (C)
TH000048564,PHUKET,7.883,98.4,3.0,2026-02-07,TAVG,293.0,2026-02,29.3,Average temperature (C)
TH000048501,KHLONG YAI,11.767,102.883,4.0,2026-02-07,TMIN,246.0,2026-02,24.6,Min temperature (C)
TH000048357,NAKHON PHANOM,17.417,104.783,148.0,2026-02-07,TMAX,330.0,2026-02,33.0,Max temperature (C)
TH000048432,SURIN,14.883,103.5,147.0,2026-02-07,TMIN,230.0,2026-02,23.0,Min temperature (C)
TH000048357,NAKHON PHANOM,17.417,104.783,148.0,2026-02-08,TMIN,207.0,2026-02,20.7,Min temperature (C)
THM00048453,BANG NA AGROMET,13.667,100.617,6.0,2026-02-08,TMIN,250.0,2026-02,25.0,Min temperature (C)
TH000048564,PHUKET,7.883,98.4,3.0,2026-02-08,TAVG,302.0,2026-02,30.2,Average temperature (C)
TH000048501,KHLONG YAI,11.767,102.883,4.0,2026-02-10,TMAX,310.0,2026-02,31.0,Max temperature (C)
TH000048462,ARANYAPRATHET,13.7,102.583,49.0,2026-02-10,TMAX,344.0,2026-02,34.4,Max temperature (C)
TH000048455,BANGKOK METROPOLIS,13.733,100.567,4.0,2026-02-11,TMIN,275.0,2026-02,27.5,Min temperature (C)
TH000048455,BANGKOK METROPOLIS,13.733,100.567,4.0,2026-02-11,TMAX,355.0,2026-02,35.5,Max temperature (C)
TH000048564,PHUKET,7.883,98.4,3.0,2026-02-11,TMIN,266.0,2026-02,26.6,Min temperature (C)
TH000048357,NAKHON PHANOM,17.417,104.783,148.0,2026-02-11,TMAX,330.0,2026-02,33.0,Max temperature (C)
TH000048426,LOP BURI,14.8,100.617,11.0,2026-02-12,TAVG,301.0,2026-02,30.1,Average temperature (C)
TH000048325,MAE SARIANG,18.167,97.933,213.0,2026-02-13,TMAX,357.0,2026-02,35.7,Max temperature (C)
TH000048501,KHLONG YAI,11.767,102.883,4.0,2026-02-13,TMAX,297.0,2026-02,29.7,Max temperature (C)
TH000048383,MUKDAHAN,16.533,104.717,139.0,2026-02-14,TMIN,207.0,2026-02,20.7,Min temperature (C)
THM00048453,BANG NA AGROMET,13.667,100.617,6.0,2026-02-14,TMIN,265.0,2026-02,26.5,Min temperature (C)
TH000048383,MUKDAHAN,16.533,104.717,139.0,2026-02-14,TAVG,264.0,2026-02,26.4,Average temperature (C)
TH000048432,SURIN,14.883,103.5,147.0,2026-02-14,TMAX,326.0,2026-02,32.6,Max temperature (C)
TH000048455,BANGKOK METROPOLIS,13.733,100.567,4.0,2026-02-15,TMAX,332.0,2026-02,33.2,Max temperature (C)
TH000048455,BANGKOK METROPOLIS,13.733,100.567,4.0,2026-02-18,TMAX,332.0,2026-02,33.2,Max temperature (C)
TH000048351,UTTARADIT,17.617,100.1,64.0,2026-02-19,TMIN,247.0,2026-02,24.7,Min temperature (C)
TH000048462,ARANYAPRATHET,13.7,102.583,49.0,2026-02-20,TMIN,245.0,2026-02,24.5,Min temperature (C)
THM00048453,BANG NA AGROMET,13.667,100.617,6.0,2026-02-20,TAVG,303.0,2026-02,30.3,Average temperature (C)
TH000048425,SUPHAN BURI,14.467,100.133,8.0,2026-02-24,TMAX,316.0,2026-02,31.6,Max temperature (C)
TH000048325,MAE SARIANG,18.167,97.933,213.0,2026-02-26,TMAX,297.0,2026-02,29.7,Max temperature (C)
THM00048453,BANG NA AGROMET,13.667,100.617,6.0,2026-02-26,TAVG,294.0,2026-02,29.4,Average temperature (C)
TH000048450,KANCHANABURI,14.017,99.533,29.0,2026-02-26,TMIN,230.0,2026-02,23.0,Min temperature (C)
TH000048357,NAKHON PHANOM,17.417,104.783,148.0,2026-02-27,TMAX,295.0,2026-02,29.5,Max temperature (C)
TH000048426,LOP BURI,14.8,100.617,11.0,2026-02-27,TAVG,300.0,2026-02,30.0,Average temperature (C)
TH000048325,MAE SARIANG,18.167,97.933,213.0,2026-03-01,TMIN,162.0,2026-03,16.2,Min temperature (C)
TH000048450,KANCHANABURI,14.017,99.533,29.0,2026-03-01,TMAX,349.0,2026-03,34.9,Max temperature (C)
TH000048462,ARANYAPRATHET,13.7,102.583,49.0,2026-03-02,TAVG,318.0,2026-03,31.8,Average temperature (C)
TH000048357,NAKHON PHANOM,17.417,104.783,148.0,2026-03-03,TAVG,292.0,2026-03,29.2,Average temperature (C)
TH000048426,LOP BURI,14.8,100.617,11.0,2026-03-03,TMAX,363.0,2026-03,36.3,Max temperature (C)
TH000048450,KANCHANABURI,14.017,99.533,29.0,2026-03-03,TAVG,300.0,2026-03,30.0,Average temperature (C)
TH000048351,UTTARADIT,17.617,100.1,64.0,2026-03-03,TMAX,360.0,2026-03,36.0,Max temperature (C)
TH000048455,BANGKOK METROPOLIS,13.733,100.567,4.0,2026-03-03,TMAX,371.0,2026-03,37.1,Max temperature (C)
TH000048450,KANCHANABURI,14.017,99.533,29.0,2026-03-04,TMAX,373.0,2026-03,37.3,Max temperature (C)
TH000048455,BANGKOK METROPOLIS,13.733,100.567,4.0,2026-03-05,TMAX,340.0,2026-03,34.0,Max temperature (C)
TH000048455,BANGKOK METROPOLIS,13.733,100.567,4.0,2026-03-05,TMIN,267.0,2026-03,26.7,Min temperature (C)
TH000048450,KANCHANABURI,14.017,99.533,29.0,2026-03-06,TMAX,338.0,2026-03,33.8,Max temperature (C)
TH000048450,KANCHANABURI,14.017,99.533,29.0,2026-03-06,TMIN,243.0,2026-03,24.3,Min temperature (C)
TH000048357,NAKHON PHANOM,17.417,104.783,148.0,2026-03-06,TAVG,249.0,2026-03,24.9,Average temperature (C)
TH000048351,UTTARADIT,17.617,100.1,64.0,2026-03-07,TAVG,270.0,2026-03,27.0,Average temperature (C)
TH000048351,UTTARADIT,17.617,100.1,64.0,2026-03-07,TMAX,330.0,2026-03,33.0,Max temperature (C)
TH000048383,MUKDAHAN,16.533,104.717,139.0,2026-03-07,TMIN,221.0,2026-03,22.1,Min temperature (C)
TH000048426,LOP BURI,14.8,100.617,11.0,2026-03-08,TMIN,255.0,2026-03,25.5,Min temperature (C)
TH000048501,KHLONG YAI,11.767,102.883,4.0,2026-03-09,TAVG,291.0,2026-03,29.1,Average temperature (C)
TH000048351,UTTARADIT,17.617,100.1,64.0,2026-03-10,TMIN,245.0,2026-03,24.5,Min temperature (C)
TH000048425,SUPHAN BURI,14.467,100.133,8.0,2026-03-11,TAVG,283.0,2026-03,28.3,Average temperature (C)
TH000048462,ARANYAPRATHET,13.7,102.583,49.0,2026-03-11,TMAX,340.0,2026-03,34.0,Max temperature (C)
TH000048455,BANGKOK METROPOLIS,13.733,100.567,4.0,2026-03-12,TMAX,306.0,2026-03,30.6,Max temperature (C)
TH000048351,UTTARADIT,17.617,100.1,64.0,2026-03-13,TAVG,268.0,2026-03,26.8,Average temperature (C)
TH000048425,SUPHAN BURI,14.467,100.133,8.0,2026-03-13,TMAX,330.0,2026-03,33.0,Max temperature (C)
TH000048426,LOP BURI,14.8,100.617,11.0,2026-03-13,TAVG,292.0,2026-03,29.2,Average temperature (C)
TH000048426,LOP BURI,14.8,100.617,11.0,2026-03-15,TMAX,356.0,2026-03,35.6,Max temperature (C)
THM00048453,BANG NA AGROMET,13.667,100.617,6.0,2026-03-15,TAVG,307.0,2026-03,30.7,Average temperature (C)
TH000048351,UTTARADIT,17.617,100.1,64.0,2026-03-16,TAVG,287.0,2026-03,28.7,Average temperature (C)
TH000048564,PHUKET,7.883,98.4,3.0,2026-03-16,TMAX,307.0,2026-03,30.7,Max temperature (C)
TH000048425,SUPHAN BURI,14.467,100.133,8.0,2026-03-18,TMAX,345.0,2026-03,34.5,Max temperature (C)
TH000048564,PHUKET,7.883,98.4,3.0,2026-03-18,TMAX,349.0,2026-03,34.9,Max temperature (C)
TH000048455,BANGKOK METROPOLIS,13.733,100.567,4.0,2026-03-18,TAVG,302.0,2026-03,30.2,Average temperature (C)
TH000048432,SURIN,14.883,103.5,147.0,2026-03-19,TMIN,280.0,2026-03,28.0,Min temperature (C)
TH000048450,KANCHANABURI,14.017,99.533,29.0,2026-03-20,TMAX,328.0,2026-03,32.8,Max temperature (C)
TH000048425,SUPHAN BURI,14.467,100.133,8.0,2026-03-20,TMIN,261.0,2026-03,26.1,Min temperature (C)
TH000048564,PHUKET,7.883,98.4,3.0,2026-03-21,TAVG,302.0,2026-03,30.2,Average temperature (C)
TH000048383,MUKDAHAN,16.533,104.717,139.0,2026-03-21,TAVG,291.0,2026-03,29.1,Average temperature (C)
TH000048462,ARANYAPRATHET,13.7,102.583,49.0,2026-03-21,TAVG,299.0,2026-03,29.9,Average temperature (C)
TH000048432,SURIN,14.883,103.5,147.0,2026-03-21,TMIN,245.0,2026-03,24.5,Min temperature (C)
TH000048455,BANGKOK METROPOLIS,13.733,100.567,4.0,2026-03-22,TMAX,351.0,2026-03,35.1,Max temperature (C)
TH000048501,KHLONG YAI,11.767,102.883,4.0,2026-03-23,TMIN,258.0,2026-03,25.8,Min temperature (C)
TH000048564,PHUKET,7.883,98.4,3.0,2026-03-24,TMAX,360.0,2026-03,36.0,Max temperature (C)
THM00048453,BANG NA AGROMET,13.667,100.617,6.0,2026-03-24,TMAX,355.0,2026-03,35.5,Max temperature (C)
TH000048501,KHLONG YAI,11.767,102.883,4.0,2026-03-25,TMAX,309.0,2026-03,30.9,Max temperature (C)
TH000048432,SURIN,14.883,103.5,147.0,2026-04-02,TMIN,265.0,2026-04,26.5,Min temperature (C)
TH000048426,LOP BURI,14.8,100.617,11.0,2026-04-02,TAVG,314.0,2026-04,31.4,Average temperature (C)
TH000048383,MUKDAHAN,16.533,104.717,139.0,2026-04-03,TMIN,278.0,2026-04,27.8,Min temperature (C)
TH000048425,SUPHAN BURI,14.467,100.133,8.0,2026-04-04,TMIN,258.0,2026-04,25.8,Min temperature (C)
TH000048325,MAE SARIANG,18.167,97.933,213.0,2026-04-04,TMAX,377.0,2026-04,37.7,Max temperature (C)
TH000048357,NAKHON PHANOM,17.417,104.783,148.0,2026-04-04,TMAX,380.0,2026-04,38.0,Max temperature (C)
TH000048462,ARANYAPRATHET,13.7,102.583,49.0,2026-04-04,TAVG,321.0,2026-04,32.1,Average temperature (C)
TH000048351,UTTARADIT,17.617,100.1,64.0,2026-04-05,TMAX,380.0,2026-04,38.0,Max temperature (C)
THM00048453,BANG NA AGROMET,13.667,100.617,6.0,2026-04-06,TMIN,288.0,2026-04,28.8,Min temperature (C)
TH000048425,SUPHAN BURI,14.467,100.133,8.0,2026-04-08,TMAX,385.0,2026-04,38.5,Max temperature (C)
TH000048564,PHUKET,7.883,98.4,3.0,2026-04-09,TMIN,267.0,2026-04,26.7,Min temperature (C)
TH000048501,KHLONG YAI,11.767,102.883,4.0,2026-04-09,TMIN,255.0,2026-04,25.5,Min temperature (C)
THM00048453,BANG NA AGROMET,13.667,100.617,6.0,2026-04-10,TAVG,313.0,2026-04,31.3,Average temperature (C)
TH000048425,SUPHAN BURI,14.467,100.133,8.0,2026-04-11,TMAX,385.0,2026-04,38.5,Max temperature (C)
TH000048383,MUKDAHAN,16.533,104.717,139.0,2026-04-12,TAVG,338.0,2026-04,33.8,Average temperature (C)
TH000048351,UTTARADIT,17.617,100.1,64.0,2026-04-12,TMIN,250.0,2026-04,25.0,Min temperature (C)
TH000048425,SUPHAN BURI,14.467,100.133,8.0,2026-04-13,TAVG,314.0,2026-04,31.4,Average temperature (C)
TH000048425,SUPHAN BURI,14.467,100.133,8.0,2026-04-13,TMIN,261.0,2026-04,26.1,Min temperature (C)
TH000048462,ARANYAPRATHET,13.7,102.583,49.0,2026-04-14,TMAX,406.0,2026-04,40.6,Max temperature (C)
TH000048501,KHLONG YAI,11.767,102.883,4.0,2026-04-15,TMAX,342.0,2026-04,34.2,Max temperature (C)
TH000048325,MAE SARIANG,18.167,97.933,213.0,2026-04-15,TAVG,296.0,2026-04,29.6,Average temperature (C)
TH000048432,SURIN,14.883,103.5,147.0,2026-04-15,TMAX,391.0,2026-04,39.1,Max temperature (C)
TH000048357,NAKHON PHANOM,17.417,104.783,148.0,2026-04-16,TMIN,294.0,2026-04,29.4,Min temperature (C)
TH000048564,PHUKET,7.883,98.4,3.0,2026-04-16,TMIN,270.0,2026-04,27.0,Min temperature (C)
TH000048425,SUPHAN BURI,14.467,100.133,8.0,2026-04-16,TMIN,270.0,2026-04,27.0,Min temperature (C)
TH000048325,MAE SARIANG,18.167,97.933,213.0,2026-04-17,TMIN,230.0,2026-04,23.0,Min temperature (C)
TH000048564,PHUKET,7.883,98.4,3.0,2026-04-18,TMIN,248.0,2026-04,24.8,Min temperature (C)
TH000048325,MAE SARIANG,18.167,97.933,213.0,2026-04-19,TMAX,389.0,2026-04,38.9,Max temperature (C)
TH000048462,ARANYAPRATHET,13.7,102.583,49.0,2026-04-20,TMAX,358.0,2026-04,35.8,Max temperature (C)
TH000048432,SURIN,14.883,103.5,147.0,2026-04-20,TAVG,297.0,2026-04,29.7,Average temperature (C)
TH000048325,MAE SARIANG,18.167,97.933,213.0,2026-04-21,TMIN,240.0,2026-04,24.0,Min temperature (C)
THM00048453,BANG NA AGROMET,13.667,100.617,6.0,2026-04-21,TMIN,298.0,2026-04,29.8,Min temperature (C)
THM00048453,BANG NA AGROMET,13.667,100.617,6.0,2026-04-21,TMAX,354.0,2026-04,35.4,Max temperature (C)
TH000048351,UTTARADIT,17.617,100.1,64.0,2026-04-21,TMAX,386.0,2026-04,38.6,Max temperature (C)
THM00048453,BANG NA AGROMET,13.667,100.617,6.0,2026-04-22,TMIN,300.0,2026-04,30.0,Min temperature (C)
TH000048432,SURIN,14.883,103.5,147.0,2026-04-24,TAVG,304.0,2026-04,30.4,Average temperature (C)
TH000048426,LOP BURI,14.8,100.617,11.0,2026-04-25,TMAX,351.0,2026-04,35.1,Max temperature (C)
TH000048432,SURIN,14.883,103.5,147.0,2026-04-25,TMAX,359.0,2026-04,35.9,Max temperature (C)
TH000048450,KANCHANABURI,14.017,99.533,29.0,2026-04-25,TMAX,378.0,2026-04,37.8,Max temperature (C)
TH000048357,NAKHON PHANOM,17.417,104.783,148.0,2026-04-26,TMIN,253.0,2026-04,25.3,Min temperature (C)
TH000048383,MUKDAHAN,16.533,104.717,139.0,2026-04-27,TMAX,330.0,2026-04,33.0,Max temperature (C)
THM00048453,BANG NA AGROMET,13.667,100.617,6.0,2026-04-28,TMIN,300.0,2026-04,30.0,Min temperature (C)
TH000048462,ARANYAPRATHET,13.7,102.583,49.0,2026-04-28,TMIN,265.0,2026-04,26.5,Min temperature (C)
TH000048501,KHLONG YAI,11.767,102.883,4.0,2026-04-29,TMIN,254.0,2026-04,25.4,Min temperature (C)
TH000048501,KHLONG YAI,11.767,102.883,4.0,2026-04-29,TMAX,336.0,2026-04,33.6,Max temperature (C)
TH000048426,LOP BURI,14.8,100.617,11.0,2026-05-01,TMAX,359.0,2026-05,35.9,Max temperature (C)
TH000048432,SURIN,14.883,103.5,147.0,2026-05-01,TAVG,290.0,2026-05,29.0,Average temperature (C)
TH000048432,SURIN,14.883,103.5,147.0,2026-05-06,TMAX,356.0,2026-05,35.6,Max temperature (C)
TH000048357,NAKHON PHANOM,17.417,104.783,148.0,2026-05-06,TAVG,308.0,2026-05,30.8,Average temperature (C)
TH000048351,UTTARADIT,17.617,100.1,64.0,2026-05-06,TMAX,384.0,2026-05,38.4,Max temperature (C)
TH000048455,BANGKOK METROPOLIS,13.733,100.567,4.0,2026-05-07,TMAX,352.0,2026-05,35.2,Max temperature (C)
TH000048351,UTTARADIT,17.617,100.1,64.0,2026-05-08,TMAX,379.0,2026-05,37.9,Max temperature (C)
TH000048450,KANCHANABURI,14.017,99.533,29.0,2026-05-09,TMAX,357.0,2026-05,35.7,Max temperature (C)
TH000048325,MAE SARIANG,18.167,97.933,213.0,2026-05-09,TMIN,248.0,2026-05,24.8,Min temperature (C)
TH000048357,NAKHON PHANOM,17.417,104.783,148.0,2026-05-10,TMAX,367.0,2026-05,36.7,Max temperature (C)
TH000048325,MAE SARIANG,18.167,97.933,213.0,2026-05-10,TMIN,246.0,2026-05,24.6,Min temperature (C)
TH000048351,UTTARADIT,17.617,100.1,64.0,2026-05-11,TMIN,264.0,2026-05,26.4,Min temperature (C)
TH000048325,MAE SARIANG,18.167,97.933,213.0,2026-05-11,TAVG,270.0,2026-05,27.0,Average temperature (C)
TH000048426,LOP BURI,14.8,100.617,11.0,2026-05-15,TAVG,300.0,2026-05,30.0,Average temperature (C)
TH000048357,NAKHON PHANOM,17.417,104.783,148.0,2026-05-15,TAVG,285.0,2026-05,28.5,Average temperature (C)
TH000048383,MUKDAHAN,16.533,104.717,139.0,2026-05-15,TMAX,352.0,2026-05,35.2,Max temperature (C)
TH000048325,MAE SARIANG,18.167,97.933,213.0,2026-05-15,TAVG,266.0,2026-05,26.6,Average temperature (C)
TH000048357,NAKHON PHANOM,17.417,104.783,148.0,2026-05-16,TMAX,332.0,2026-05,33.2,Max temperature (C)
TH000048564,PHUKET,7.883,98.4,3.0,2026-05-16,TAVG,278.0,2026-05,27.8,Average temperature (C)
TH000048425,SUPHAN BURI,14.467,100.133,8.0,2026-05-16,TAVG,296.0,2026-05,29.6,Average temperature (C)
TH000048426,LOP BURI,14.8,100.617,11.0,2026-05-17,TAVG,304.0,2026-05,30.4,Average temperature (C)
TH000048351,UTTARADIT,17.617,100.1,64.0,2026-05-17,TAVG,326.0,2026-05,32.6,Average temperature (C)
TH000048426,LOP BURI,14.8,100.617,11.0,2026-05-17,TMIN,272.0,2026-05,27.2,Min temperature (C)
TH000048455,BANGKOK METROPOLIS,13.733,100.567,4.0,2026-05-17,TMIN,283.0,2026-05,28.3,Min temperature (C)
TH000048501,KHLONG YAI,11.767,102.883,4.0,2026-05-18,TAVG,278.0,2026-05,27.8,Average temperature (C)
TH000048564,PHUKET,7.883,98.4,3.0,2026-05-18,TMIN,237.0,2026-05,23.7,Min temperature (C)
TH000048325,MAE SARIANG,18.167,97.933,213.0,2026-05-18,TMIN,242.0,2026-05,24.2,Min temperature (C)
TH000048462,ARANYAPRATHET,13.7,102.583,49.0,2026-05-19,TAVG,280.0,2026-05,28.0,Average temperature (C)
TH000048425,SUPHAN BURI,14.467,100.133,8.0,2026-05-20,TMIN,266.0,2026-05,26.6,Min temperature (C)
TH000048501,KHLONG YAI,11.767,102.883,4.0,2026-05-21,TAVG,272.0,2026-05,27.2,Average temperature (C)
TH000048351,UTTARADIT,17.617,100.1,64.0,2026-05-21,TAVG,288.0,2026-05,28.8,Average temperature (C)
TH000048450,KANCHANABURI,14.017,99.533,29.0,2026-01-01,TAVG,258.0,2026-01,25.8,Average temperature (C)
TH000048426,LOP BURI,14.8,100.617,11.0,2026-01-01,TMAX,324.0,2026-01,32.4,Max temperature (C)
TH000048455,BANGKOK METROPOLIS,13.733,100.567,4.0,2026-01-02,TMAX,335.0,2026-01,33.5,Max temperature (C)
TH000048564,PHUKET,7.883,98.4,3.0,2026-01-03,TAVG,280.0,2026-01,28.0,Average temperature (C)
TH000048455,BANGKOK METROPOLIS,13.733,100.567,4.0,2026-01-03,TMAX,316.0,2026-01,31.6,Max temperature (C)
TH000048383,MUKDAHAN,16.533,104.717,139.0,2026-01-03,TMAX,274.0,2026-01,27.4,Max temperature (C)
TH000048432,SURIN,14.883,103.5,147.0,2026-01-06,TMIN,177.0,2026-01,17.7,Min temperature (C)
TH000048455,BANGKOK METROPOLIS,13.733,100.567,4.0,2026-01-07,TAVG,259.0,2026-01,25.9,Average temperature (C)
TH000048450,KANCHANABURI,14.017,99.533,29.0,2026-01-07,TMIN,191.0,2026-01,19.1,Min temperature (C)
TH000048357,NAKHON PHANOM,17.417,104.783,148.0,2026-01-07,TMIN,160.0,2026-01,16.0,Min temperature (C)
TH000048325,MAE SARIANG,18.167,97.933,213.0,2026-01-08,TMIN,116.0,2026-01,11.6,Min temperature (C)
TH000048455,BANGKOK METROPOLIS,13.733,100.567,4.0,2026-01-09,TMAX,293.0,2026-01,29.3,Max temperature (C)
TH000048450,KANCHANABURI,14.017,99.533,29.0,2026-01-09,TMIN,145.0,2026-01,14.5,Min temperature (C)
THM00048453,BANG NA AGROMET,13.667,100.617,6.0,2026-01-09,TAVG,226.0,2026-01,22.6,Average temperature (C)
TH000048383,MUKDAHAN,16.533,104.717,139.0,2026-01-09,TAVG,191.0,2026-01,19.1,Average temperature (C)
TH000048501,KHLONG YAI,11.767,102.883,4.0,2026-01-10,TMAX,294.0,2026-01,29.4,Max temperature (C)
TH000048432,SURIN,14.883,103.5,147.0,2026-01-10,TAVG,204.0,2026-01,20.4,Average temperature (C)
TH000048351,UTTARADIT,17.617,100.1,64.0,2026-01-11,TMIN,138.0,2026-01,13.8,Min temperature (C)
TH000048425,SUPHAN BURI,14.467,100.133,8.0,2026-01-12,TMAX,285.0,2026-01,28.5,Max temperature (C)
TH000048426,LOP BURI,14.8,100.617,11.0,2026-01-15,TAVG,273.0,2026-01,27.3,Average temperature (C)
TH000048325,MAE SARIANG,18.167,97.933,213.0,2026-01-15,TAVG,210.0,2026-01,21.0,Average temperature (C)
TH000048501,KHLONG YAI,11.767,102.883,4.0,2026-01-16,TAVG,254.0,2026-01,25.4,Average temperature (C)
TH000048426,LOP BURI,14.8,100.617,11.0,2026-01-17,TAVG,269.0,2026-01,26.9,Average temperature (C)
TH000048501,KHLONG YAI,11.767,102.883,4.0,2026-01-17,TMIN,230.0,2026-01,23.0,Min temperature (C)
TH000048462,ARANYAPRATHET,13.7,102.583,49.0,2026-01-18,TMAX,342.0,2026-01,34.2,Max temperature (C)
TH000048351,UTTARADIT,17.617,100.1,64.0,2026-01-18,TMIN,175.0,2026-01,17.5,Min temperature (C)
TH000048425,SUPHAN BURI,14.467,100.133,8.0,2026-01-18,TAVG,269.0,2026-01,26.9,Average temperature (C)
TH000048564,PHUKET,7.883,98.4,3.0,2026-01-19,TMIN,245.0,2026-01,24.5,Min temperature (C)
TH000048455,BANGKOK METROPOLIS,13.733,100.567,4.0,2026-01-22,TAVG,287.0,2026-01,28.7,Average temperature (C)
TH000048425,SUPHAN BURI,14.467,100.133,8.0,2026-01-23,TMIN,193.0,2026-01,19.3,Min temperature (C)
TH000048432,SURIN,14.883,103.5,147.0,2026-01-24,TAVG,234.0,2026-01,23.4,Average temperature (C)
TH000048450,KANCHANABURI,14.017,99.533,29.0,2026-01-24,TAVG,247.0,2026-01,24.7,Average temperature (C)
THM00048453,BANG NA AGROMET,13.667,100.617,6.0,2026-01-24,TMAX,320.0,2026-01,32.0,Max temperature (C)
THM00048453,BANG NA AGROMET,13.667,100.617,6.0,2026-01-25,TAVG,265.0,2026-01,26.5,Average temperature (C)
TH000048462,ARANYAPRATHET,13.7,102.583,49.0,2026-01-25,TAVG,252.0,2026-01,25.2,Average temperature (C)
TH000048351,UTTARADIT,17.617,100.1,64.0,2026-01-25,TMIN,175.0,2026-01,17.5,Min temperature (C)
TH000048450,KANCHANABURI,14.017,99.533,29.0,2026-01-26,TMIN,192.0,2026-01,19.2,Min temperature (C)
TH000048357,NAKHON PHANOM,17.417,104.783,148.0,2026-01-26,TAVG,238.0,2026-01,23.8,Average temperature (C)
TH000048455,BANGKOK METROPOLIS,13.733,100.567,4.0,2026-01-27,TAVG,285.0,2026-01,28.5,Average temperature (C)
TH000048462,ARANYAPRATHET,13.7,102.583,49.0,2026-01-27,TAVG,261.0,2026-01,26.1,Average temperature (C)
TH000048426,LOP BURI,14.8,100.617,11.0,2026-01-28,TAVG,269.0,2026-01,26.9,Average temperature (C)
TH000048383,MUKDAHAN,16.533,104.717,139.0,2026-01-29,TMAX,302.0,2026-01,30.2,Max temperature (C)
THM00048453,BANG NA AGROMET,13.667,100.617,6.0,2026-01-29,TMIN,226.0,2026-01,22.6,Min temperature (C)
TH000048425,SUPHAN BURI,14.467,100.133,8.0,2026-01-30,TAVG,267.0,2026-01,26.7,Average temperature (C)
TH000048325,MAE SARIANG,18.167,97.933,213.0,2026-01-31,TMAX,330.0,2026-01,33.0,Max temperature (C)
TH000048564,PHUKET,7.883,98.4,3.0,2026-02-01,TMAX,344.0,2026-02,34.4,Max temperature (C)
TH000048426,LOP BURI,14.8,100.617,11.0,2026-02-02,TMAX,325.0,2026-02,32.5,Max temperature (C)
TH000048426,LOP BURI,14.8,100.617,11.0,2026-02-02,TMIN,233.0,2026-02,23.3,Min temperature (C)
TH000048357,NAKHON PHANOM,17.417,104.783,148.0,2026-02-02,TMIN,162.0,2026-02,16.2,Min temperature (C)
TH000048383,MUKDAHAN,16.533,104.717,139.0,2026-02-03,TMIN,177.0,2026-02,17.7,Min temperature (C)
TH000048351,UTTARADIT,17.617,100.1,64.0,2026-02-05,TMIN,188.0,2026-02,18.8,Min temperature (C)
TH000048462,ARANYAPRATHET,13.7,102.583,49.0,2026-02-06,TMIN,241.0,2026-02,24.1,Min temperature (C)
TH000048325,MAE SARIANG,18.167,97.933,213.0,2026-02-06,TMAX,335.0,2026-02,33.5,Max temperature (C)
TH000048564,PHUKET,7.883,98.4,3.0,2026-02-07,TMAX,338.0,2026-02,33.8,Max temperature (C)
TH000048462,ARANYAPRATHET,13.7,102.583,49.0,2026-02-07,TMAX,360.0,2026-02,36.0,Max temperature (C)
TH000048450,KANCHANABURI,14.017,99.533,29.0,2026-02-07,TMAX,367.0,2026-02,36.7,Max temperature (C)
TH000048325,MAE SARIANG,18.167,97.933,213.0,2026-02-08,TAVG,239.0,2026-02,23.9,Average temperature (C)
THM00048453,BANG NA AGROMET,13.667,100.617,6.0,2026-02-08,TMAX,325.0,2026-02,32.5,Max temperature (C)
TH000048426,LOP BURI,14.8,100.617,11.0,2026-02-09,TAVG,249.0,2026-02,24.9,Average temperature (C)
TH000048383,MUKDAHAN,16.533,104.717,139.0,2026-02-09,TMIN,190.0,2026-02,19.0,Min temperature (C)
TH000048351,UTTARADIT,17.617,100.1,64.0,2026-02-09,TMAX,325.0,2026-02,32.5,Max temperature (C)
TH000048564,PHUKET,7.883,98.4,3.0,2026-02-09,TAVG,293.0,2026-02,29.3,Average temperature (C)
THM00048453,BANG NA AGROMET,13.667,100.617,6.0,2026-02-09,TMAX,339.0,2026-02,33.9,Max temperature (C)
TH000048357,NAKHON PHANOM,17.417,104.783,148.0,2026-02-09,TAVG,244.0,2026-02,24.4,Average temperature (C)
THM00048453,BANG NA AGROMET,13.667,100.617,6.0,2026-02-10,TAVG,292.0,2026-02,29.2,Average temperature (C)
TH000048462,ARANYAPRATHET,13.7,102.583,49.0,2026-02-10,TAVG,284.0,2026-02,28.4,Average temperature (C)
TH000048501,KHLONG YAI,11.767,102.883,4.0,2026-02-12,TMAX,299.0,2026-02,29.9,Max temperature (C)
TH000048383,MUKDAHAN,16.533,104.717,139.0,2026-02-13,TMAX,334.0,2026-02,33.4,Max temperature (C)
TH000048325,MAE SARIANG,18.167,97.933,213.0,2026-02-13,TMIN,165.0,2026-02,16.5,Min temperature (C)
THM00048453,BANG NA AGROMET,13.667,100.617,6.0,2026-02-13,TMIN,270.0,2026-02,27.0,Min temperature (C)
TH000048425,SUPHAN BURI,14.467,100.133,8.0,2026-02-15,TMIN,262.0,2026-02,26.2,Min temperature (C)
TH000048450,KANCHANABURI,14.017,99.533,29.0,2026-02-15,TMIN,265.0,2026-02,26.5,Min temperature (C)
TH000048383,MUKDAHAN,16.533,104.717,139.0,2026-02-16,TMIN,221.0,2026-02,22.1,Min temperature (C)
TH000048325,MAE SARIANG,18.167,97.933,213.0,2026-02-17,TMIN,200.0,2026-02,20.0,Min temperature (C)
TH000048564,PHUKET,7.883,98.4,3.0,2026-02-17,TMAX,301.0,2026-02,30.1,Max temperature (C)
TH000048501,KHLONG YAI,11.767,102.883,4.0,2026-02-17,TAVG,282.0,2026-02,28.2,Average temperature (C)
TH000048426,LOP BURI,14.8,100.617,11.0,2026-02-19,TAVG,306.0,2026-02,30.6,Average temperature (C)
TH000048501,KHLONG YAI,11.767,102.883,4.0,2026-02-20,TMIN,236.0,2026-02,23.6,Min temperature (C)
TH000048383,MUKDAHAN,16.533,104.717,139.0,2026-02-20,TMAX,308.0,2026-02,30.8,Max temperature (C)
TH000048325,MAE SARIANG,18.167,97.933,213.0,2026-02-20,TMIN,213.0,2026-02,21.3,Min temperature (C)
TH000048501,KHLONG YAI,11.767,102.883,4.0,2026-02-21,TMIN,255.0,2026-02,25.5,Min temperature (C)
TH000048425,SUPHAN BURI,14.467,100.133,8.0,2026-02-22,TMAX,325.0,2026-02,32.5,Max temperature (C)
TH000048455,BANGKOK METROPOLIS,13.733,100.567,4.0,2026-02-23,TAVG,305.0,2026-02,30.5,Average temperature (C)
TH000048564,PHUKET,7.883,98.4,3.0,2026-02-24,TAVG,291.0,2026-02,29.1,Average temperature (C)
TH000048383,MUKDAHAN,16.533,104.717,139.0,2026-02-25,TMIN,242.0,2026-02,24.2,Min temperature (C)
TH000048462,ARANYAPRATHET,13.7,102.583,49.0,2026-02-26,TMIN,263.0,2026-02,26.3,Min temperature (C)
TH000048501,KHLONG YAI,11.767,102.883,4.0,2026-02-26,TMIN,242.0,2026-02,24.2,Min temperature (C)
TH000048450,KANCHANABURI,14.017,99.533,29.0,2026-02-28,TMIN,260.0,2026-02,26.0,Min temperature (C)
TH000048383,MUKDAHAN,16.533,104.717,139.0,2026-03-01,TMIN,262.0,2026-03,26.2,Min temperature (C)
TH000048426,LOP BURI,14.8,100.617,11.0,2026-03-02,TMAX,350.0,2026-03,35.0,Max temperature (C)
TH000048351,UTTARADIT,17.617,100.1,64.0,2026-03-02,TMAX,352.0,2026-03,35.2,Max temperature (C)
TH000048450,KANCHANABURI,14.017,99.533,29.0,2026-03-02,TMIN,248.0,2026-03,24.8,Min temperature (C)
TH000048357,NAKHON PHANOM,17.417,104.783,148.0,2026-03-02,TAVG,303.0,2026-03,30.3,Average temperature (C)
THM00048453,BANG NA AGROMET,13.667,100.617,6.0,2026-03-02,TMAX,360.0,2026-03,36.0,Max temperature (C)
TH000048432,SURIN,14.883,103.5,147.0,2026-03-04,TAVG,308.0,2026-03,30.8,Average temperature (C)
TH000048425,SUPHAN BURI,14.467,100.133,8.0,2026-03-06,TAVG,285.0,2026-03,28.5,Average temperature (C)
THM00048453,BANG NA AGROMET,13.667,100.617,6.0,2026-03-06,TAVG,287.0,2026-03,28.7,Average temperature (C)
TH000048432,SURIN,14.883,103.5,147.0,2026-03-06,TMAX,305.0,2026-03,30.5,Max temperature (C)
TH000048450,KANCHANABURI,14.017,99.533,29.0,2026-03-07,TMIN,258.0,2026-03,25.8,Min temperature (C)
TH000048357,NAKHON PHANOM,17.417,104.783,148.0,2026-03-07,TMIN,236.0,2026-03,23.6,Min temperature (C)
TH000048564,PHUKET,7.883,98.4,3.0,2026-03-09,TMAX,352.0,2026-03,35.2,Max temperature (C)
TH000048450,KANCHANABURI,14.017,99.533,29.0,2026-03-09,TAVG,309.0,2026-03,30.9,Average temperature (C)
THM00048453,BANG NA AGROMET,13.667,100.617,6.0,2026-03-09,TMAX,372.0,2026-03,37.2,Max temperature (C)
TH000048462,ARANYAPRATHET,13.7,102.583,49.0,2026-03-10,TMAX,350.0,2026-03,35.0,Max temperature (C)
TH000048325,MAE SARIANG,18.167,97.933,213.0,2026-03-10,TAVG,249.0,2026-03,24.9,Average temperature (C)
TH000048450,KANCHANABURI,14.017,99.533,29.0,2026-03-11,TMIN,248.0,2026-03,24.8,Min temperature (C)
TH000048450,KANCHANABURI,14.017,99.533,29.0,2026-03-11,TAVG,290.0,2026-03,29.0,Average temperature (C)
TH000048325,MAE SARIANG,18.167,97.933,213.0,2026-03-11,TMIN,193.0,2026-03,19.3,Min temperature (C)
TH000048383,MUKDAHAN,16.533,104.717,139.0,2026-03-11,TAVG,248.0,2026-03,24.8,Average temperature (C)
TH000048564,PHUKET,7.883,98.4,3.0,2026-03-11,TAVG,291.0,2026-03,29.1,Average temperature (C)
TH000048425,SUPHAN BURI,14.467,100.133,8.0,2026-03-12,TAVG,280.0,2026-03,28.0,Average temperature (C)
TH000048432,SURIN,14.883,103.5,147.0,2026-03-12,TMAX,306.0,2026-03,30.6,Max temperature (C)
TH000048462,ARANYAPRATHET,13.7,102.583,49.0,2026-03-13,TAVG,290.0,2026-03,29.0,Average temperature (C)
TH000048462,ARANYAPRATHET,13.7,102.583,49.0,2026-03-14,TAVG,293.0,2026-03,29.3,Average temperature (C)
TH000048426,LOP BURI,14.8,100.617,11.0,2026-03-15,TMIN,255.0,2026-03,25.5,Min temperature (C)
TH000048426,LOP BURI,14.8,100.617,11.0,2026-03-16,TAVG,303.0,2026-03,30.3,Average temperature (C)
TH000048455,BANGKOK METROPOLIS,13.733,100.567,4.0,2026-03-16,TAVG,288.0,2026-03,28.8,Average temperature (C)
TH000048425,SUPHAN BURI,14.467,100.133,8.0,2026-03-17,TMAX,352.0,2026-03,35.2,Max temperature (C)
TH000048450,KANCHANABURI,14.017,99.533,29.0,2026-03-17,TMIN,252.0,2026-03,25.2,Min temperature (C)
TH000048383,MUKDAHAN,16.533,104.717,139.0,2026-03-19,TAVG,292.0,2026-03,29.2,Average temperature (C)
TH000048425,SUPHAN BURI,14.467,100.133,8.0,2026-03-19,TMIN,277.0,2026-03,27.7,Min temperature (C)
TH000048450,KANCHANABURI,14.017,99.533,29.0,2026-03-19,TMAX,350.0,2026-03,35.0,Max temperature (C)
TH000048357,NAKHON PHANOM,17.417,104.783,148.0,2026-03-19,TAVG,292.0,2026-03,29.2,Average temperature (C)
TH000048432,SURIN,14.883,103.5,147.0,2026-03-19,TMAX,338.0,2026-03,33.8,Max temperature (C)
TH000048450,KANCHANABURI,14.017,99.533,29.0,2026-03-20,TMIN,252.0,2026-03,25.2,Min temperature (C)
TH000048383,MUKDAHAN,16.533,104.717,139.0,2026-03-20,TMIN,243.0,2026-03,24.3,Min temperature (C)
THM00048453,BANG NA AGROMET,13.667,100.617,6.0,2026-03-20,TAVG,299.0,2026-03,29.9,Average temperature (C)
TH000048351,UTTARADIT,17.617,100.1,64.0,2026-03-20,TMAX,374.0,2026-03,37.4,Max temperature (C)
TH000048383,MUKDAHAN,16.533,104.717,139.0,2026-03-20,TAVG,280.0,2026-03,28.0,Average temperature (C)
TH000048564,PHUKET,7.883,98.4,3.0,2026-03-23,TAVG,316.0,2026-03,31.6,Average temperature (C)
TH000048425,SUPHAN BURI,14.467,100.133,8.0,2026-03-23,TMIN,268.0,2026-03,26.8,Min temperature (C)
TH000048501,KHLONG YAI,11.767,102.883,4.0,2026-03-24,TMAX,324.0,2026-03,32.4,Max temperature (C)
TH000048351,UTTARADIT,17.617,100.1,64.0,2026-03-24,TMAX,382.0,2026-03,38.2,Max temperature (C)
THM00048453,BANG NA AGROMET,13.667,100.617,6.0,2026-03-25,TMAX,332.0,2026-03,33.2,Max temperature (C)
TH000048564,PHUKET,7.883,98.4,3.0,2026-03-25,TAVG,306.0,2026-03,30.6,Average temperature (C)
TH000048351,UTTARADIT,17.617,100.1,64.0,2026-03-25,TAVG,315.0,2026-03,31.5,Average temperature (C)
TH000048501,KHLONG YAI,11.767,102.883,4.0,2026-04-02,TMIN,255.0,2026-04,25.5,Min temperature (C)
TH000048351,UTTARADIT,17.617,100.1,64.0,2026-04-02,TMIN,251.0,2026-04,25.1,Min temperature (C)
THM00048453,BANG NA AGROMET,13.667,100.617,6.0,2026-04-03,TMAX,347.0,2026-04,34.7,Max temperature (C)
THM00048453,BANG NA AGROMET,13.667,100.617,6.0,2026-04-04,TMIN,285.0,2026-04,28.5,Min temperature (C)
TH000048462,ARANYAPRATHET,13.7,102.583,49.0,2026-04-04,TMAX,390.0,2026-04,39.0,Max temperature (C)
TH000048564,PHUKET,7.883,98.4,3.0,2026-04-04,TAVG,308.0,2026-04,30.8,Average temperature (C)
TH000048450,KANCHANABURI,14.017,99.533,29.0,2026-04-06,TMIN,273.0,2026-04,27.3,Min temperature (C)
TH000048564,PHUKET,7.883,98.4,3.0,2026-04-06,TMAX,354.0,2026-04,35.4,Max temperature (C)
TH000048351,UTTARADIT,17.617,100.1,64.0,2026-04-06,TMAX,387.0,2026-04,38.7,Max temperature (C)
TH000048501,KHLONG YAI,11.767,102.883,4.0,2026-04-07,TAVG,293.0,2026-04,29.3,Average temperature (C)
TH000048564,PHUKET,7.883,98.4,3.0,2026-04-07,TMAX,357.0,2026-04,35.7,Max temperature (C)
TH000048383,MUKDAHAN,16.533,104.717,139.0,2026-04-08,TMIN,276.0,2026-04,27.6,Min temperature (C)
TH000048462,ARANYAPRATHET,13.7,102.583,49.0,2026-04-09,TAVG,319.0,2026-04,31.9,Average temperature (C)
TH000048425,SUPHAN BURI,14.467,100.133,8.0,2026-04-09,TMAX,387.0,2026-04,38.7,Max temperature (C)
TH000048383,MUKDAHAN,16.533,104.717,139.0,2026-04-10,TAVG,339.0,2026-04,33.9,Average temperature (C)
TH000048425,SUPHAN BURI,14.467,100.133,8.0,2026-04-10,TMIN,258.0,2026-04,25.8,Min temperature (C)
TH000048325,MAE SARIANG,18.167,97.933,213.0,2026-04-11,TAVG,285.0,2026-04,28.5,Average temperature (C)
TH000048450,KANCHANABURI,14.017,99.533,29.0,2026-04-11,TMIN,261.0,2026-04,26.1,Min temperature (C)
TH000048501,KHLONG YAI,11.767,102.883,4.0,2026-04-11,TMAX,333.0,2026-04,33.3,Max temperature (C)
TH000048425,SUPHAN BURI,14.467,100.133,8.0,2026-04-12,TMIN,256.0,2026-04,25.6,Min temperature (C)
TH000048462,ARANYAPRATHET,13.7,102.583,49.0,2026-04-12,TAVG,324.0,2026-04,32.4,Average temperature (C)
TH000048432,SURIN,14.883,103.5,147.0,2026-04-13,TMIN,273.0,2026-04,27.3,Min temperature (C)
TH000048325,MAE SARIANG,18.167,97.933,213.0,2026-04-15,TMIN,210.0,2026-04,21.0,Min temperature (C)
TH000048325,MAE SARIANG,18.167,97.933,213.0,2026-04-16,TMIN,220.0,2026-04,22.0,Min temperature (C)
TH000048425,SUPHAN BURI,14.467,100.133,8.0,2026-04-18,TMAX,391.0,2026-04,39.1,Max temperature (C)
TH000048462,ARANYAPRATHET,13.7,102.583,49.0,2026-04-21,TAVG,307.0,2026-04,30.7,Average temperature (C)
TH000048351,UTTARADIT,17.617,100.1,64.0,2026-04-21,TAVG,327.0,2026-04,32.7,Average temperature (C)
TH000048357,NAKHON PHANOM,17.417,104.783,148.0,2026-04-21,TMAX,350.0,2026-04,35.0,Max temperature (C)
TH000048325,MAE SARIANG,18.167,97.933,213.0,2026-04-22,TAVG,317.0,2026-04,31.7,Average temperature (C)
TH000048383,MUKDAHAN,16.533,104.717,139.0,2026-04-22,TMAX,380.0,2026-04,38.0,Max temperature (C)
TH000048357,NAKHON PHANOM,17.417,104.783,148.0,2026-04-23,TAVG,297.0,2026-04,29.7,Average temperature (C)
TH000048450,KANCHANABURI,14.017,99.533,29.0,2026-04-24,TMAX,394.0,2026-04,39.4,Max temperature (C)
TH000048426,LOP BURI,14.8,100.617,11.0,2026-04-24,TAVG,324.0,2026-04,32.4,Average temperature (C)
TH000048455,BANGKOK METROPOLIS,13.733,100.567,4.0,2026-04-25,TMIN,291.0,2026-04,29.1,Min temperature (C)
TH000048325,MAE SARIANG,18.167,97.933,213.0,2026-04-25,TMIN,222.0,2026-04,22.2,Min temperature (C)
TH000048501,KHLONG YAI,11.767,102.883,4.0,2026-04-26,TAVG,287.0,2026-04,28.7,Average temperature (C)
TH000048325,MAE SARIANG,18.167,97.933,213.0,2026-04-26,TAVG,290.0,2026-04,29.0,Average temperature (C)
TH000048455,BANGKOK METROPOLIS,13.733,100.567,4.0,2026-04-29,TMAX,383.0,2026-04,38.3,Max temperature (C)
TH000048450,KANCHANABURI,14.017,99.533,29.0,2026-04-29,TMAX,398.0,2026-04,39.8,Max temperature (C)
TH000048426,LOP BURI,14.8,100.617,11.0,2026-04-29,TMIN,280.0,2026-04,28.0,Min temperature (C)
TH000048351,UTTARADIT,17.617,100.1,64.0,2026-04-29,TAVG,327.0,2026-04,32.7,Average temperature (C)
TH000048462,ARANYAPRATHET,13.7,102.583,49.0,2026-04-29,TMAX,374.0,2026-04,37.4,Max temperature (C)
TH000048325,MAE SARIANG,18.167,97.933,213.0,2026-04-29,TMIN,223.0,2026-04,22.3,Min temperature (C)
TH000048357,NAKHON PHANOM,17.417,104.783,148.0,2026-05-01,TMAX,333.0,2026-05,33.3,Max temperature (C)
TH000048325,MAE SARIANG,18.167,97.933,213.0,2026-05-01,TMIN,244.0,2026-05,24.4,Min temperature (C)
TH000048325,MAE SARIANG,18.167,97.933,213.0,2026-05-01,TMAX,384.0,2026-05,38.4,Max temperature (C)
TH000048425,SUPHAN BURI,14.467,100.133,8.0,2026-05-02,TMIN,270.0,2026-05,27.0,Min temperature (C)
TH000048325,MAE SARIANG,18.167,97.933,213.0,2026-05-02,TMIN,235.0,2026-05,23.5,Min temperature (C)
THM00048453,BANG NA AGROMET,13.667,100.617,6.0,2026-05-02,TMIN,258.0,2026-05,25.8,Min temperature (C)
TH000048383,MUKDAHAN,16.533,104.717,139.0,2026-05-03,TMAX,360.0,2026-05,36.0,Max temperature (C)
TH000048432,SURIN,14.883,103.5,147.0,2026-05-04,TMAX,355.0,2026-05,35.5,Max temperature (C)
TH000048383,MUKDAHAN,16.533,104.717,139.0,2026-05-06,TMIN,262.0,2026-05,26.2,Min temperature (C)
TH000048325,MAE SARIANG,18.167,97.933,213.0,2026-05-06,TMAX,389.0,2026-05,38.9,Max temperature (C)
TH000048432,SURIN,14.883,103.5,147.0,2026-05-06,TMIN,260.0,2026-05,26.0,Min temperature (C)
TH000048455,BANGKOK METROPOLIS,13.733,100.567,4.0,2026-05-06,TAVG,317.0,2026-05,31.7,Average temperature (C)
TH000048564,PHUKET,7.883,98.4,3.0,2026-05-07,TMIN,270.0,2026-05,27.0,Min temperature (C)
TH000048432,SURIN,14.883,103.5,147.0,2026-05-07,TMAX,352.0,2026-05,35.2,Max temperature (C)
THM00048453,BANG NA AGROMET,13.667,100.617,6.0,2026-05-07,TAVG,312.0,2026-05,31.2,Average temperature (C)
TH000048462,ARANYAPRATHET,13.7,102.583,49.0,2026-05-08,TMIN,251.0,2026-05,25.1,Min temperature (C)
TH000048501,KHLONG YAI,11.767,102.883,4.0,2026-05-08,TMAX,337.0,2026-05,33.7,Max temperature (C)
TH000048501,KHLONG YAI,11.767,102.883,4.0,2026-05-08,TAVG,263.0,2026-05,26.3,Average temperature (C)
TH000048564,PHUKET,7.883,98.4,3.0,2026-05-09,TMIN,256.0,2026-05,25.6,Min temperature (C)
TH000048426,LOP BURI,14.8,100.617,11.0,2026-05-10,TAVG,302.0,2026-05,30.2,Average temperature (C)
TH000048501,KHLONG YAI,11.767,102.883,4.0,2026-05-10,TMIN,251.0,2026-05,25.1,Min temperature (C)
TH000048357,NAKHON PHANOM,17.417,104.783,148.0,2026-05-11,TMIN,265.0,2026-05,26.5,Min temperature (C)
TH000048357,NAKHON PHANOM,17.417,104.783,148.0,2026-05-12,TMIN,263.0,2026-05,26.3,Min temperature (C)
TH000048432,SURIN,14.883,103.5,147.0,2026-05-12,TMIN,246.0,2026-05,24.6,Min temperature (C)
TH000048351,UTTARADIT,17.617,100.1,64.0,2026-05-12,TMIN,255.0,2026-05,25.5,Min temperature (C)
TH000048455,BANGKOK METROPOLIS,13.733,100.567,4.0,2026-05-12,TMIN,267.0,2026-05,26.7,Min temperature (C)
TH000048501,KHLONG YAI,11.767,102.883,4.0,2026-05-12,TMAX,338.0,2026-05,33.8,Max temperature (C)
TH000048357,NAKHON PHANOM,17.417,104.783,148.0,2026-05-12,TMAX,362.0,2026-05,36.2,Max temperature (C)
TH000048383,MUKDAHAN,16.533,104.717,139.0,2026-05-13,TMIN,267.0,2026-05,26.7,Min temperature (C)
TH000048501,KHLONG YAI,11.767,102.883,4.0,2026-05-14,TMIN,257.0,2026-05,25.7,Min temperature (C)
TH000048357,NAKHON PHANOM,17.417,104.783,148.0,2026-05-14,TAVG,290.0,2026-05,29.0,Average temperature (C)
TH000048564,PHUKET,7.883,98.4,3.0,2026-05-15,TMAX,347.0,2026-05,34.7,Max temperature (C)
TH000048351,UTTARADIT,17.617,100.1,64.0,2026-05-15,TMIN,271.0,2026-05,27.1,Min temperature (C)
THM00048453,BANG NA AGROMET,13.667,100.617,6.0,2026-05-16,TMAX,363.0,2026-05,36.3,Max temperature (C)
TH000048383,MUKDAHAN,16.533,104.717,139.0,2026-05-17,TAVG,284.0,2026-05,28.4,Average temperature (C)
TH000048450,KANCHANABURI,14.017,99.533,29.0,2026-05-17,TMIN,265.0,2026-05,26.5,Min temperature (C)
TH000048455,BANGKOK METROPOLIS,13.733,100.567,4.0,2026-05-17,TMAX,346.0,2026-05,34.6,Max temperature (C)
TH000048426,LOP BURI,14.8,100.617,11.0,2026-05-18,TMAX,337.0,2026-05,33.7,Max temperature (C)
TH000048450,KANCHANABURI,14.017,99.533,29.0,2026-05-20,TAVG,293.0,2026-05,29.3,Average temperature (C)
TH000048564,PHUKET,7.883,98.4,3.0,2026-05-20,TAVG,244.0,2026-05,24.4,Average temperature (C)
TH000048455,BANGKOK METROPOLIS,13.733,100.567,4.0,2026-05-21,TMAX,352.0,2026-05,35.2,Max temperature (C)
THM00048453,BANG NA AGROMET,13.667,100.617,6.0,2026-05-21,TAVG,306.0,2026-05,30.6,Average temperature (C)
TH000048325,MAE SARIANG,18.167,97.933,213.0,2026-05-21,TAVG,302.0,2026-05,30.2,Average temperature (C)
TH000048450,KANCHANABURI,14.017,99.533,29.0,2026-05-21,TMAX,366.0,2026-05,36.6,Max temperature (C)
TH000048564,PHUKET,7.883,98.4,3.0,2026-01-01,TAVG,287.0,2026-01,28.7,Average temperature (C)
TH000048501,KHLONG YAI,11.767,102.883,4.0,2026-01-01,TAVG,255.0,2026-01,25.5,Average temperature (C)
TH000048351,UTTARADIT,17.617,100.1,64.0,2026-01-02,TAVG,243.0,2026-01,24.3,Average temperature (C)
THM00048453,BANG NA AGROMET,13.667,100.617,6.0,2026-01-02,TAVG,276.0,2026-01,27.6,Average temperature (C)
TH000048455,BANGKOK METROPOLIS,13.733,100.567,4.0,2026-01-03,TMIN,236.0,2026-01,23.6,Min temperature (C)
TH000048455,BANGKOK METROPOLIS,13.733,100.567,4.0,2026-01-05,TAVG,275.0,2026-01,27.5,Average temperature (C)
TH000048501,KHLONG YAI,11.767,102.883,4.0,2026-01-05,TMAX,325.0,2026-01,32.5,Max temperature (C)
TH000048501,KHLONG YAI,11.767,102.883,4.0,2026-01-07,TAVG,272.0,2026-01,27.2,Average temperature (C)
TH000048325,MAE SARIANG,18.167,97.933,213.0,2026-01-07,TMAX,305.0,2026-01,30.5,Max temperature (C)
TH000048383,MUKDAHAN,16.533,104.717,139.0,2026-01-08,TMIN,140.0,2026-01,14.0,Min temperature (C)
TH000048501,KHLONG YAI,11.767,102.883,4.0,2026-01-08,TMAX,298.0,2026-01,29.8,Max temperature (C)
TH000048455,BANGKOK METROPOLIS,13.733,100.567,4.0,2026-01-08,TMAX,303.0,2026-01,30.3,Max temperature (C)
TH000048357,NAKHON PHANOM,17.417,104.783,148.0,2026-01-10,TMAX,258.0,2026-01,25.8,Max temperature (C)
TH000048432,SURIN,14.883,103.5,147.0,2026-01-10,TMIN,135.0,2026-01,13.5,Min temperature (C)
TH000048462,ARANYAPRATHET,13.7,102.583,49.0,2026-01-10,TMAX,292.0,2026-01,29.2,Max temperature (C)
TH000048455,BANGKOK METROPOLIS,13.733,100.567,4.0,2026-01-11,TAVG,246.0,2026-01,24.6,Average temperature (C)
TH000048501,KHLONG YAI,11.767,102.883,4.0,2026-01-12,TMAX,304.0,2026-01,30.4,Max temperature (C)
TH000048564,PHUKET,7.883,98.4,3.0,2026-01-12,TMIN,237.0,2026-01,23.7,Min temperature (C)
TH000048383,MUKDAHAN,16.533,104.717,139.0,2026-01-12,TAVG,208.0,2026-01,20.8,Average temperature (C)
TH000048425,SUPHAN BURI,14.467,100.133,8.0,2026-01-13,TMAX,305.0,2026-01,30.5,Max temperature (C)
TH000048432,SURIN,14.883,103.5,147.0,2026-01-13,TAVG,227.0,2026-01,22.7,Average temperature (C)
TH000048564,PHUKET,7.883,98.4,3.0,2026-01-14,TMAX,325.0,2026-01,32.5,Max temperature (C)
TH000048383,MUKDAHAN,16.533,104.717,139.0,2026-01-15,TAVG,239.0,2026-01,23.9,Average temperature (C)
TH000048325,MAE SARIANG,18.167,97.933,213.0,2026-01-15,TMAX,315.0,2026-01,31.5,Max temperature (C)
TH000048462,ARANYAPRATHET,13.7,102.583,49.0,2026-01-15,TMAX,341.0,2026-01,34.1,Max temperature (C)
TH000048383,MUKDAHAN,16.533,104.717,139.0,2026-01-16,TAVG,247.0,2026-01,24.7,Average temperature (C)
TH000048425,SUPHAN BURI,14.467,100.133,8.0,2026-01-16,TAVG,271.0,2026-01,27.1,Average temperature (C)
TH000048501,KHLONG YAI,11.767,102.883,4.0,2026-01-17,TAVG,262.0,2026-01,26.2,Average temperature (C)
TH000048455,BANGKOK METROPOLIS,13.733,100.567,4.0,2026-01-17,TMAX,338.0,2026-01,33.8,Max temperature (C)
THM00048453,BANG NA AGROMET,13.667,100.617,6.0,2026-01-18,TAVG,285.0,2026-01,28.5,Average temperature (C)
TH000048357,NAKHON PHANOM,17.417,104.783,148.0,2026-01-19,TMIN,181.0,2026-01,18.1,Min temperature (C)
TH000048351,UTTARADIT,17.617,100.1,64.0,2026-01-20,TAVG,256.0,2026-01,25.6,Average temperature (C)
THM00048453,BANG NA AGROMET,13.667,100.617,6.0,2026-01-20,TMAX,335.0,2026-01,33.5,Max temperature (C)
TH000048351,UTTARADIT,17.617,100.1,64.0,2026-01-21,TMAX,335.0,2026-01,33.5,Max temperature (C)
TH000048501,KHLONG YAI,11.767,102.883,4.0,2026-01-22,TMIN,207.0,2026-01,20.7,Min temperature (C)
TH000048450,KANCHANABURI,14.017,99.533,29.0,2026-01-22,TAVG,263.0,2026-01,26.3,Average temperature (C)
TH000048455,BANGKOK METROPOLIS,13.733,100.567,4.0,2026-01-22,TMIN,238.0,2026-01,23.8,Min temperature (C)
THM00048453,BANG NA AGROMET,13.667,100.617,6.0,2026-01-22,TAVG,277.0,2026-01,27.7,Average temperature (C)
TH000048357,NAKHON PHANOM,17.417,104.783,148.0,2026-01-22,TAVG,224.0,2026-01,22.4,Average temperature (C)
TH000048351,UTTARADIT,17.617,100.1,64.0,2026-01-22,TAVG,247.0,2026-01,24.7,Average temperature (C)
TH000048501,KHLONG YAI,11.767,102.883,4.0,2026-01-22,TAVG,261.0,2026-01,26.1,Average temperature (C)
TH000048564,PHUKET,7.883,98.4,3.0,2026-01-22,TMIN,260.0,2026-01,26.0,Min temperature (C)
TH000048351,UTTARADIT,17.617,100.1,64.0,2026-01-23,TAVG,231.0,2026-01,23.1,Average temperature (C)
TH000048351,UTTARADIT,17.617,100.1,64.0,2026-01-24,TMAX,305.0,2026-01,30.5,Max temperature (C)
TH000048432,SURIN,14.883,103.5,147.0,2026-01-25,TAVG,238.0,2026-01,23.8,Average temperature (C)
TH000048351,UTTARADIT,17.617,100.1,64.0,2026-01-26,TMAX,320.0,2026-01,32.0,Max temperature (C)
TH000048501,KHLONG YAI,11.767,102.883,4.0,2026-01-26,TMAX,306.0,2026-01,30.6,Max temperature (C)
THM00048453,BANG NA AGROMET,13.667,100.617,6.0,2026-01-27,TAVG,273.0,2026-01,27.3,Average temperature (C)
THM00048453,BANG NA AGROMET,13.667,100.617,6.0,2026-01-28,TMAX,332.0,2026-01,33.2,Max temperature (C)
TH000048325,MAE SARIANG,18.167,97.933,213.0,2026-01-28,TAVG,220.0,2026-01,22.0,Average temperature (C)
TH000048450,KANCHANABURI,14.017,99.533,29.0,2026-01-29,TAVG,266.0,2026-01,26.6,Average temperature (C)
TH000048325,MAE SARIANG,18.167,97.933,213.0,2026-01-29,TAVG,226.0,2026-01,22.6,Average temperature (C)
TH000048325,MAE SARIANG,18.167,97.933,213.0,2026-01-29,TMIN,151.0,2026-01,15.1,Min temperature (C)
TH000048462,ARANYAPRATHET,13.7,102.583,49.0,2026-01-29,TMAX,315.0,2026-01,31.5,Max temperature (C)
TH000048564,PHUKET,7.883,98.4,3.0,2026-01-30,TMIN,247.0,2026-01,24.7,Min temperature (C)
TH000048432,SURIN,14.883,103.5,147.0,2026-01-30,TAVG,256.0,2026-01,25.6,Average temperature (C)
TH000048325,MAE SARIANG,18.167,97.933,213.0,2026-01-31,TAVG,220.0,2026-01,22.0,Average temperature (C)
TH000048426,LOP BURI,14.8,100.617,11.0,2026-01-31,TMIN,216.0,2026-01,21.6,Min temperature (C)
TH000048432,SURIN,14.883,103.5,147.0,2026-01-31,TAVG,263.0,2026-01,26.3,Average temperature (C)
TH000048455,BANGKOK METROPOLIS,13.733,100.567,4.0,2026-02-01,TMIN,256.0,2026-02,25.6,Min temperature (C)
TH000048425,SUPHAN BURI,14.467,100.133,8.0,2026-02-02,TMAX,315.0,2026-02,31.5,Max temperature (C)
TH000048383,MUKDAHAN,16.533,104.717,139.0,2026-02-03,TAVG,234.0,2026-02,23.4,Average temperature (C)
TH000048564,PHUKET,7.883,98.4,3.0,2026-02-03,TMIN,252.0,2026-02,25.2,Min temperature (C)
TH000048564,PHUKET,7.883,98.4,3.0,2026-02-05,TAVG,292.0,2026-02,29.2,Average temperature (C)
TH000048425,SUPHAN BURI,14.467,100.133,8.0,2026-02-06,TAVG,285.0,2026-02,28.5,Average temperature (C)
THM00048453,BANG NA AGROMET,13.667,100.617,6.0,2026-02-07,TMAX,335.0,2026-02,33.5,Max temperature (C)
TH000048501,KHLONG YAI,11.767,102.883,4.0,2026-02-07,TAVG,274.0,2026-02,27.4,Average temperature (C)
TH000048455,BANGKOK METROPOLIS,13.733,100.567,4.0,2026-02-07,TAVG,298.0,2026-02,29.8,Average temperature (C)
TH000048455,BANGKOK METROPOLIS,13.733,100.567,4.0,2026-02-08,TMAX,322.0,2026-02,32.2,Max temperature (C)
THM00048453,BANG NA AGROMET,13.667,100.617,6.0,2026-02-09,TAVG,286.0,2026-02,28.6,Average temperature (C)
TH000048432,SURIN,14.883,103.5,147.0,2026-02-09,TMIN,204.0,2026-02,20.4,Min temperature (C)
TH000048501,KHLONG YAI,11.767,102.883,4.0,2026-02-09,TMAX,317.0,2026-02,31.7,Max temperature (C)
TH000048351,UTTARADIT,17.617,100.1,64.0,2026-02-10,TAVG,279.0,2026-02,27.9,Average temperature (C)
TH000048450,KANCHANABURI,14.017,99.533,29.0,2026-02-10,TMAX,345.0,2026-02,34.5,Max temperature (C)
TH000048357,NAKHON PHANOM,17.417,104.783,148.0,2026-02-10,TMAX,290.0,2026-02,29.0,Max temperature (C)
TH000048426,LOP BURI,14.8,100.617,11.0,2026-02-10,TAVG,283.0,2026-02,28.3,Average temperature (C)
TH000048450,KANCHANABURI,14.017,99.533,29.0,2026-02-11,TAVG,298.0,2026-02,29.8,Average temperature (C)
TH000048426,LOP BURI,14.8,100.617,11.0,2026-02-11,TAVG,295.0,2026-02,29.5,Average temperature (C)
TH000048426,LOP BURI,14.8,100.617,11.0,2026-02-13,TMIN,262.0,2026-02,26.2,Min temperature (C)
TH000048455,BANGKOK METROPOLIS,13.733,100.567,4.0,2026-02-13,TAVG,297.0,2026-02,29.7,Average temperature (C)
THM00048453,BANG NA AGROMET,13.667,100.617,6.0,2026-02-13,TAVG,291.0,2026-02,29.1,Average temperature (C)
THM00048453,BANG NA AGROMET,13.667,100.617,6.0,2026-02-13,TMAX,313.0,2026-02,31.3,Max temperature (C)
TH000048426,LOP BURI,14.8,100.617,11.0,2026-02-14,TMAX,318.0,2026-02,31.8,Max temperature (C)
TH000048383,MUKDAHAN,16.533,104.717,139.0,2026-02-15,TMIN,232.0,2026-02,23.2,Min temperature (C)
TH000048426,LOP BURI,14.8,100.617,11.0,2026-02-15,TMIN,265.0,2026-02,26.5,Min temperature (C)
TH000048432,SURIN,14.883,103.5,147.0,2026-02-18,TMAX,317.0,2026-02,31.7,Max temperature (C)
TH000048383,MUKDAHAN,16.533,104.717,139.0,2026-02-19,TMAX,313.0,2026-02,31.3,Max temperature (C)
TH000048425,SUPHAN BURI,14.467,100.133,8.0,2026-02-19,TMIN,246.0,2026-02,24.6,Min temperature (C)
TH000048426,LOP BURI,14.8,100.617,11.0,2026-02-20,TMAX,350.0,2026-02,35.0,Max temperature (C)
TH000048450,KANCHANABURI,14.017,99.533,29.0,2026-02-20,TMAX,345.0,2026-02,34.5,Max temperature (C)
TH000048426,LOP BURI,14.8,100.617,11.0,2026-02-21,TAVG,300.0,2026-02,30.0,Average temperature (C)
TH000048357,NAKHON PHANOM,17.417,104.783,148.0,2026-02-22,TMAX,334.0,2026-02,33.4,Max temperature (C)
TH000048501,KHLONG YAI,11.767,102.883,4.0,2026-02-22,TAVG,283.0,2026-02,28.3,Average temperature (C)
TH000048383,MUKDAHAN,16.533,104.717,139.0,2026-02-22,TMIN,265.0,2026-02,26.5,Min temperature (C)
TH000048501,KHLONG YAI,11.767,102.883,4.0,2026-02-23,TMIN,257.0,2026-02,25.7,Min temperature (C)
TH000048501,KHLONG YAI,11.767,102.883,4.0,2026-02-23,TMAX,296.0,2026-02,29.6,Max temperature (C)
TH000048357,NAKHON PHANOM,17.417,104.783,148.0,2026-02-23,TAVG,295.0,2026-02,29.5,Average temperature (C)
TH000048351,UTTARADIT,17.617,100.1,64.0,2026-02-24,TAVG,282.0,2026-02,28.2,Average temperature (C)
TH000048351,UTTARADIT,17.617,100.1,64.0,2026-02-24,TMAX,327.0,2026-02,32.7,Max temperature (C)
TH000048325,MAE SARIANG,18.167,97.933,213.0,2026-02-25,TAVG,223.0,2026-02,22.3,Average temperature (C)
TH000048426,LOP BURI,14.8,100.617,11.0,2026-02-26,TMIN,243.0,2026-02,24.3,Min temperature (C)
TH000048383,MUKDAHAN,16.533,104.717,139.0,2026-02-26,TAVG,279.0,2026-02,27.9,Average temperature (C)
TH000048425,SUPHAN BURI,14.467,100.133,8.0,2026-02-28,TAVG,305.0,2026-02,30.5,Average temperature (C)
TH000048501,KHLONG YAI,11.767,102.883,4.0,2026-02-28,TMIN,247.0,2026-02,24.7,Min temperature (C)
TH000048564,PHUKET,7.883,98.4,3.0,2026-03-01,TAVG,305.0,2026-03,30.5,Average temperature (C)
TH000048426,LOP BURI,14.8,100.617,11.0,2026-03-02,TMIN,252.0,2026-03,25.2,Min temperature (C)
TH000048432,SURIN,14.883,103.5,147.0,2026-03-02,TMAX,357.0,2026-03,35.7,Max temperature (C)
TH000048462,ARANYAPRATHET,13.7,102.583,49.0,2026-03-03,TAVG,311.0,2026-03,31.1,Average temperature (C)
TH000048455,BANGKOK METROPOLIS,13.733,100.567,4.0,2026-03-03,TMIN,273.0,2026-03,27.3,Min temperature (C)
TH000048455,BANGKOK METROPOLIS,13.733,100.567,4.0,2026-03-04,TMIN,276.0,2026-03,27.6,Min temperature (C)
TH000048357,NAKHON PHANOM,17.417,104.783,148.0,2026-03-04,TMAX,324.0,2026-03,32.4,Max temperature (C)
TH000048462,ARANYAPRATHET,13.7,102.583,49.0,2026-03-04,TAVG,319.0,2026-03,31.9,Average temperature (C)
THM00048453,BANG NA AGROMET,13.667,100.617,6.0,2026-03-04,TMIN,262.0,2026-03,26.2,Min temperature (C)
TH000048357,NAKHON PHANOM,17.417,104.783,148.0,2026-03-04,TAVG,272.0,2026-03,27.2,Average temperature (C)
TH000048564,PHUKET,7.883,98.4,3.0,2026-03-05,TAVG,295.0,2026-03,29.5,Average temperature (C)
TH000048432,SURIN,14.883,103.5,147.0,2026-03-05,TMAX,309.0,2026-03,30.9,Max temperature (C)
TH000048564,PHUKET,7.883,98.4,3.0,2026-03-05,TMAX,325.0,2026-03,32.5,Max temperature (C)
TH000048432,SURIN,14.883,103.5,147.0,2026-03-05,TMIN,232.0,2026-03,23.2,Min temperature (C)
TH000048325,MAE SARIANG,18.167,97.933,213.0,2026-03-05,TMAX,322.0,2026-03,32.2,Max temperature (C)
THM00048453,BANG NA AGROMET,13.667,100.617,6.0,2026-03-06,TMAX,350.0,2026-03,35.0,Max temperature (C)
TH000048450,KANCHANABURI,14.017,99.533,29.0,2026-03-08,TMIN,242.0,2026-03,24.2,Min temperature (C)
TH000048455,BANGKOK METROPOLIS,13.733,100.567,4.0,2026-03-09,TAVG,329.0,2026-03,32.9,Average temperature (C)
TH000048450,KANCHANABURI,14.017,99.533,29.0,2026-03-09,TMIN,250.0,2026-03,25.0,Min temperature (C)
TH000048425,SUPHAN BURI,14.467,100.133,8.0,2026-03-10,TMAX,345.0,2026-03,34.5,Max temperature (C)
THM00048453,BANG NA AGROMET,13.667,100.617,6.0,2026-03-11,TMIN,227.0,2026-03,22.7,Min temperature (C)
TH000048450,KANCHANABURI,14.017,99.533,29.0,2026-03-12,TMIN,247.0,2026-03,24.7,Min temperature (C)
TH000048383,MUKDAHAN,16.533,104.717,139.0,2026-03-12,TMAX,288.0,2026-03,28.8,Max temperature (C)
TH000048564,PHUKET,7.883,98.4,3.0,2026-03-12,TMIN,266.0,2026-03,26.6,Min temperature (C)
TH000048325,MAE SARIANG,18.167,97.933,213.0,2026-03-12,TMIN,193.0,2026-03,19.3,Min temperature (C)
TH000048462,ARANYAPRATHET,13.7,102.583,49.0,2026-03-12,TMIN,239.0,2026-03,23.9,Min temperature (C)
TH000048426,LOP BURI,14.8,100.617,11.0,2026-03-13,TMAX,327.0,2026-03,32.7,Max temperature (C)
TH000048383,MUKDAHAN,16.533,104.717,139.0,2026-03-13,TMIN,207.0,2026-03,20.7,Min temperature (C)
TH000048501,KHLONG YAI,11.767,102.883,4.0,2026-03-13,TAVG,253.0,2026-03,25.3,Average temperature (C)
TH000048425,SUPHAN BURI,14.467,100.133,8.0,2026-03-14,TMIN,250.0,2026-03,25.0,Min temperature (C)
TH000048351,UTTARADIT,17.617,100.1,64.0,2026-03-14,TMIN,232.0,2026-03,23.2,Min temperature (C)
TH000048425,SUPHAN BURI,14.467,100.133,8.0,2026-03-14,TMAX,337.0,2026-03,33.7,Max temperature (C)
TH000048357,NAKHON PHANOM,17.417,104.783,148.0,2026-03-14,TMAX,297.0,2026-03,29.7,Max temperature (C)
TH000048432,SURIN,14.883,103.5,147.0,2026-03-15,TMIN,215.0,2026-03,21.5,Min temperature (C)
TH000048325,MAE SARIANG,18.167,97.933,213.0,2026-03-15,TMIN,186.0,2026-03,18.6,Min temperature (C)
TH000048357,NAKHON PHANOM,17.417,104.783,148.0,2026-03-15,TMAX,325.0,2026-03,32.5,Max temperature (C)
TH000048450,KANCHANABURI,14.017,99.533,29.0,2026-03-15,TMIN,243.0,2026-03,24.3,Min temperature (C)
TH000048455,BANGKOK METROPOLIS,13.733,100.567,4.0,2026-03-16,TMAX,307.0,2026-03,30.7,Max temperature (C)
TH000048357,NAKHON PHANOM,17.417,104.783,148.0,2026-03-17,TAVG,282.0,2026-03,28.2,Average temperature (C)
TH000048325,MAE SARIANG,18.167,97.933,213.0,2026-03-18,TMAX,367.0,2026-03,36.7,Max temperature (C)
TH000048564,PHUKET,7.883,98.4,3.0,2026-03-20,TMAX,339.0,2026-03,33.9,Max temperature (C)
TH000048357,NAKHON PHANOM,17.417,104.783,148.0,2026-03-20,TMAX,350.0,2026-03,35.0,Max temperature (C)
TH000048357,NAKHON PHANOM,17.417,104.783,148.0,2026-03-21,TMIN,240.0,2026-03,24.0,Min temperature (C)
TH000048325,MAE SARIANG,18.167,97.933,213.0,2026-03-21,TMIN,202.0,2026-03,20.2,Min temperature (C)
TH000048501,KHLONG YAI,11.767,102.883,4.0,2026-03-22,TMAX,322.0,2026-03,32.2,Max temperature (C)
TH000048351,UTTARADIT,17.617,100.1,64.0,2026-03-22,TMAX,372.0,2026-03,37.2,Max temperature (C)
TH000048501,KHLONG YAI,11.767,102.883,4.0,2026-03-23,TAVG,291.0,2026-03,29.1,Average temperature (C)
TH000048564,PHUKET,7.883,98.4,3.0,2026-03-23,TMIN,270.0,2026-03,27.0,Min temperature (C)
TH000048564,PHUKET,7.883,98.4,3.0,2026-03-25,TMAX,334.0,2026-03,33.4,Max temperature (C)
TH000048450,KANCHANABURI,14.017,99.533,29.0,2026-03-25,TMIN,281.0,2026-03,28.1,Min temperature (C)
TH000048351,UTTARADIT,17.617,100.1,64.0,2026-04-02,TAVG,319.0,2026-04,31.9,Average temperature (C)
TH000048425,SUPHAN BURI,14.467,100.133,8.0,2026-04-03,TAVG,306.0,2026-04,30.6,Average temperature (C)
TH000048432,SURIN,14.883,103.5,147.0,2026-04-03,TAVG,326.0,2026-04,32.6,Average temperature (C)
TH000048357,NAKHON PHANOM,17.417,104.783,148.0,2026-04-04,TAVG,327.0,2026-04,32.7,Average temperature (C)
THM00048453,BANG NA AGROMET,13.667,100.617,6.0,2026-04-05,TAVG,324.0,2026-04,32.4,Average temperature (C)
TH000048432,SURIN,14.883,103.5,147.0,2026-04-05,TMAX,385.0,2026-04,38.5,Max temperature (C)
TH000048455,BANGKOK METROPOLIS,13.733,100.567,4.0,2026-04-06,TMAX,377.0,2026-04,37.7,Max temperature (C)
TH000048383,MUKDAHAN,16.533,104.717,139.0,2026-04-07,TMAX,400.0,2026-04,40.0,Max temperature (C)
TH000048383,MUKDAHAN,16.533,104.717,139.0,2026-04-07,TAVG,342.0,2026-04,34.2,Average temperature (C)
THM00048453,BANG NA AGROMET,13.667,100.617,6.0,2026-04-08,TMIN,286.0,2026-04,28.6,Min temperature (C)
TH000048450,KANCHANABURI,14.017,99.533,29.0,2026-04-08,TMIN,275.0,2026-04,27.5,Min temperature (C)
THM00048453,BANG NA AGROMET,13.667,100.617,6.0,2026-04-08,TAVG,319.0,2026-04,31.9,Average temperature (C)
TH000048564,PHUKET,7.883,98.4,3.0,2026-04-08,TMAX,360.0,2026-04,36.0,Max temperature (C)
TH000048450,KANCHANABURI,14.017,99.533,29.0,2026-04-09,TMIN,271.0,2026-04,27.1,Min temperature (C)
TH000048357,NAKHON PHANOM,17.417,104.783,148.0,2026-04-10,TAVG,332.0,2026-04,33.2,Average temperature (C)
TH000048432,SURIN,14.883,103.5,147.0,2026-04-11,TAVG,333.0,2026-04,33.3,Average temperature (C)
TH000048432,SURIN,14.883,103.5,147.0,2026-04-12,TMIN,259.0,2026-04,25.9,Min temperature (C)
TH000048425,SUPHAN BURI,14.467,100.133,8.0,2026-04-13,TMAX,384.0,2026-04,38.4,Max temperature (C)
TH000048351,UTTARADIT,17.617,100.1,64.0,2026-04-15,TMAX,400.0,2026-04,40.0,Max temperature (C)
TH000048432,SURIN,14.883,103.5,147.0,2026-04-16,TMIN,283.0,2026-04,28.3,Min temperature (C)
THM00048453,BANG NA AGROMET,13.667,100.617,6.0,2026-04-16,TAVG,321.0,2026-04,32.1,Average temperature (C)
TH000048325,MAE SARIANG,18.167,97.933,213.0,2026-04-17,TAVG,306.0,2026-04,30.6,Average temperature (C)
TH000048425,SUPHAN BURI,14.467,100.133,8.0,2026-04-17,TMIN,271.0,2026-04,27.1,Min temperature (C)
TH000048450,KANCHANABURI,14.017,99.533,29.0,2026-04-17,TMAX,407.0,2026-04,40.7,Max temperature (C)
TH000048426,LOP BURI,14.8,100.617,11.0,2026-04-19,TAVG,326.0,2026-04,32.6,Average temperature (C)
TH000048501,KHLONG YAI,11.767,102.883,4.0,2026-04-19,TAVG,280.0,2026-04,28.0,Average temperature (C)
TH000048450,KANCHANABURI,14.017,99.533,29.0,2026-04-19,TAVG,331.0,2026-04,33.1,Average temperature (C)
TH000048455,BANGKOK METROPOLIS,13.733,100.567,4.0,2026-04-19,TMAX,358.0,2026-04,35.8,Max temperature (C)
TH000048426,LOP BURI,14.8,100.617,11.0,2026-04-20,TAVG,319.0,2026-04,31.9,Average temperature (C)
THM00048453,BANG NA AGROMET,13.667,100.617,6.0,2026-04-20,TMAX,355.0,2026-04,35.5,Max temperature (C)
TH000048564,PHUKET,7.883,98.4,3.0,2026-04-20,TAVG,312.0,2026-04,31.2,Average temperature (C)
THM00048453,BANG NA AGROMET,13.667,100.617,6.0,2026-04-21,TAVG,316.0,2026-04,31.6,Average temperature (C)
TH000048501,KHLONG YAI,11.767,102.883,4.0,2026-04-22,TMIN,267.0,2026-04,26.7,Min temperature (C)
TH000048455,BANGKOK METROPOLIS,13.733,100.567,4.0,2026-04-22,TMIN,298.0,2026-04,29.8,Min temperature (C)
TH000048432,SURIN,14.883,103.5,147.0,2026-04-22,TAVG,323.0,2026-04,32.3,Average temperature (C)
TH000048450,KANCHANABURI,14.017,99.533,29.0,2026-04-22,TMAX,399.0,2026-04,39.9,Max temperature (C)
TH000048325,MAE SARIANG,18.167,97.933,213.0,2026-04-23,TAVG,313.0,2026-04,31.3,Average temperature (C)
TH000048455,BANGKOK METROPOLIS,13.733,100.567,4.0,2026-04-23,TMIN,298.0,2026-04,29.8,Min temperature (C)
TH000048455,BANGKOK METROPOLIS,13.733,100.567,4.0,2026-04-24,TMIN,295.0,2026-04,29.5,Min temperature (C)
TH000048455,BANGKOK METROPOLIS,13.733,100.567,4.0,2026-04-24,TAVG,317.0,2026-04,31.7,Average temperature (C)
TH000048462,ARANYAPRATHET,13.7,102.583,49.0,2026-04-24,TAVG,320.0,2026-04,32.0,Average temperature (C)
TH000048426,LOP BURI,14.8,100.617,11.0,2026-04-25,TMIN,261.0,2026-04,26.1,Min temperature (C)
THM00048453,BANG NA AGROMET,13.667,100.617,6.0,2026-04-25,TAVG,316.0,2026-04,31.6,Average temperature (C)
THM00048453,BANG NA AGROMET,13.667,100.617,6.0,2026-04-26,TAVG,317.0,2026-04,31.7,Average temperature (C)
TH000048432,SURIN,14.883,103.5,147.0,2026-04-26,TMIN,255.0,2026-04,25.5,Min temperature (C)
TH000048351,UTTARADIT,17.617,100.1,64.0,2026-04-26,TAVG,305.0,2026-04,30.5,Average temperature (C)
TH000048351,UTTARADIT,17.617,100.1,64.0,2026-04-27,TMAX,380.0,2026-04,38.0,Max temperature (C)
TH000048357,NAKHON PHANOM,17.417,104.783,148.0,2026-04-27,TAVG,275.0,2026-04,27.5,Average temperature (C)
TH000048462,ARANYAPRATHET,13.7,102.583,49.0,2026-04-28,TMAX,387.0,2026-04,38.7,Max temperature (C)
TH000048501,KHLONG YAI,11.767,102.883,4.0,2026-04-29,TAVG,294.0,2026-04,29.4,Average temperature (C)
TH000048383,MUKDAHAN,16.533,104.717,139.0,2026-04-29,TMIN,241.0,2026-04,24.1,Min temperature (C)
TH000048455,BANGKOK METROPOLIS,13.733,100.567,4.0,2026-04-29,TAVG,331.0,2026-04,33.1,Average temperature (C)
TH000048357,NAKHON PHANOM,17.417,104.783,148.0,2026-04-30,TMAX,336.0,2026-04,33.6,Max temperature (C)
TH000048455,BANGKOK METROPOLIS,13.733,100.567,4.0,2026-05-02,TMAX,376.0,2026-05,37.6,Max temperature (C)
TH000048501,KHLONG YAI,11.767,102.883,4.0,2026-05-02,TMAX,333.0,2026-05,33.3,Max temperature (C)
TH000048325,MAE SARIANG,18.167,97.933,213.0,2026-05-02,TAVG,306.0,2026-05,30.6,Average temperature (C)
TH000048432,SURIN,14.883,103.5,147.0,2026-05-03,TAVG,293.0,2026-05,29.3,Average temperature (C)
TH000048426,LOP BURI,14.8,100.617,11.0,2026-05-03,TMAX,384.0,2026-05,38.4,Max temperature (C)
THM00048453,BANG NA AGROMET,13.667,100.617,6.0,2026-05-03,TAVG,325.0,2026-05,32.5,Average temperature (C)
TH000048426,LOP BURI,14.8,100.617,11.0,2026-05-05,TAVG,310.0,2026-05,31.0,Average temperature (C)
TH000048432,SURIN,14.883,103.5,147.0,2026-05-07,TAVG,302.0,2026-05,30.2,Average temperature (C)
TH000048450,KANCHANABURI,14.017,99.533,29.0,2026-05-07,TMIN,268.0,2026-05,26.8,Min temperature (C)
TH000048462,ARANYAPRATHET,13.7,102.583,49.0,2026-05-08,TMAX,354.0,2026-05,35.4,Max temperature (C)
TH000048357,NAKHON PHANOM,17.417,104.783,148.0,2026-05-09,TMAX,360.0,2026-05,36.0,Max temperature (C)
THM00048453,BANG NA AGROMET,13.667,100.617,6.0,2026-05-10,TMAX,357.0,2026-05,35.7,Max temperature (C)
TH000048501,KHLONG YAI,11.767,102.883,4.0,2026-05-10,TMAX,334.0,2026-05,33.4,Max temperature (C)
TH000048357,NAKHON PHANOM,17.417,104.783,148.0,2026-05-10,TAVG,313.0,2026-05,31.3,Average temperature (C)
TH000048462,ARANYAPRATHET,13.7,102.583,49.0,2026-05-10,TAVG,307.0,2026-05,30.7,Average temperature (C)
TH000048325,MAE SARIANG,18.167,97.933,213.0,2026-05-11,TMIN,237.0,2026-05,23.7,Min temperature (C)
TH000048357,NAKHON PHANOM,17.417,104.783,148.0,2026-05-11,TAVG,314.0,2026-05,31.4,Average temperature (C)
TH000048425,SUPHAN BURI,14.467,100.133,8.0,2026-05-11,TAVG,286.0,2026-05,28.6,Average temperature (C)
TH000048450,KANCHANABURI,14.017,99.533,29.0,2026-05-11,TMAX,361.0,2026-05,36.1,Max temperature (C)
TH000048462,ARANYAPRATHET,13.7,102.583,49.0,2026-05-12,TAVG,272.0,2026-05,27.2,Average temperature (C)
TH000048383,MUKDAHAN,16.533,104.717,139.0,2026-05-13,TMAX,360.0,2026-05,36.0,Max temperature (C)
TH000048450,KANCHANABURI,14.017,99.533,29.0,2026-05-13,TMAX,362.0,2026-05,36.2,Max temperature (C)
TH000048325,MAE SARIANG,18.167,97.933,213.0,2026-05-14,TMAX,340.0,2026-05,34.0,Max temperature (C)
TH000048432,SURIN,14.883,103.5,147.0,2026-05-14,TAVG,301.0,2026-05,30.1,Average temperature (C)
TH000048351,UTTARADIT,17.617,100.1,64.0,2026-05-14,TAVG,305.0,2026-05,30.5,Average temperature (C)
TH000048455,BANGKOK METROPOLIS,13.733,100.567,4.0,2026-05-14,TAVG,308.0,2026-05,30.8,Average temperature (C)
TH000048351,UTTARADIT,17.617,100.1,64.0,2026-05-14,TMAX,347.0,2026-05,34.7,Max temperature (C)
THM00048453,BANG NA AGROMET,13.667,100.617,6.0,2026-05-15,TAVG,314.0,2026-05,31.4,Average temperature (C)
TH000048501,KHLONG YAI,11.767,102.883,4.0,2026-05-15,TMAX,344.0,2026-05,34.4,Max temperature (C)
TH000048450,KANCHANABURI,14.017,99.533,29.0,2026-05-15,TMAX,358.0,2026-05,35.8,Max temperature (C)
TH000048455,BANGKOK METROPOLIS,13.733,100.567,4.0,2026-05-15,TMIN,271.0,2026-05,27.1,Min temperature (C)
TH000048462,ARANYAPRATHET,13.7,102.583,49.0,2026-05-16,TMIN,263.0,2026-05,26.3,Min temperature (C)
TH000048325,MAE SARIANG,18.167,97.933,213.0,2026-05-16,TAVG,285.0,2026-05,28.5,Average temperature (C)
TH000048450,KANCHANABURI,14.017,99.533,29.0,2026-05-16,TMIN,272.0,2026-05,27.2,Min temperature (C)
TH000048426,LOP BURI,14.8,100.617,11.0,2026-05-17,TMAX,353.0,2026-05,35.3,Max temperature (C)
TH000048450,KANCHANABURI,14.017,99.533,29.0,2026-05-19,TMIN,263.0,2026-05,26.3,Min temperature (C)
TH000048450,KANCHANABURI,14.017,99.533,29.0,2026-05-20,TMAX,341.0,2026-05,34.1,Max temperature (C)
TH000048357,NAKHON PHANOM,17.417,104.783,148.0,2026-05-21,TAVG,288.0,2026-05,28.8,Average temperature (C)
TH000048426,LOP BURI,14.8,100.617,11.0,2026-01-02,TMIN,226.0,2026-01,22.6,Min temperature (C)
TH000048425,SUPHAN BURI,14.467,100.133,8.0,2026-01-02,TAVG,257.0,2026-01,25.7,Average temperature (C)
TH000048462,ARANYAPRATHET,13.7,102.583,49.0,2026-01-02,TMIN,203.0,2026-01,20.3,Min temperature (C)
TH000048383,MUKDAHAN,16.533,104.717,139.0,2026-01-04,TMIN,169.0,2026-01,16.9,Min temperature (C)
TH000048455,BANGKOK METROPOLIS,13.733,100.567,4.0,2026-01-04,TAVG,268.0,2026-01,26.8,Average temperature (C)
TH000048564,PHUKET,7.883,98.4,3.0,2026-01-04,TMIN,247.0,2026-01,24.7,Min temperature (C)
TH000048455,BANGKOK METROPOLIS,13.733,100.567,4.0,2026-01-05,TMIN,226.0,2026-01,22.6,Min temperature (C)
TH000048432,SURIN,14.883,103.5,147.0,2026-01-06,TAVG,239.0,2026-01,23.9,Average temperature (C)
TH000048501,KHLONG YAI,11.767,102.883,4.0,2026-01-06,TAVG,285.0,2026-01,28.5,Average temperature (C)
TH000048383,MUKDAHAN,16.533,104.717,139.0,2026-01-07,TAVG,188.0,2026-01,18.8,Average temperature (C)
TH000048425,SUPHAN BURI,14.467,100.133,8.0,2026-01-07,TAVG,234.0,2026-01,23.4,Average temperature (C)
THM00048453,BANG NA AGROMET,13.667,100.617,6.0,2026-01-08,TAVG,239.0,2026-01,23.9,Average temperature (C)
TH000048351,UTTARADIT,17.617,100.1,64.0,2026-01-08,TMIN,136.0,2026-01,13.6,Min temperature (C)
TH000048357,NAKHON PHANOM,17.417,104.783,148.0,2026-01-09,TMAX,255.0,2026-01,25.5,Max temperature (C)
TH000048501,KHLONG YAI,11.767,102.883,4.0,2026-01-09,TMAX,290.0,2026-01,29.0,Max temperature (C)
TH000048462,ARANYAPRATHET,13.7,102.583,49.0,2026-01-09,TMAX,274.0,2026-01,27.4,Max temperature (C)
TH000048425,SUPHAN BURI,14.467,100.133,8.0,2026-01-09,TMIN,155.0,2026-01,15.5,Min temperature (C)
TH000048450,KANCHANABURI,14.017,99.533,29.0,2026-01-09,TAVG,209.0,2026-01,20.9,Average temperature (C)
TH000048325,MAE SARIANG,18.167,97.933,213.0,2026-01-10,TMAX,302.0,2026-01,30.2,Max temperature (C)
TH000048357,NAKHON PHANOM,17.417,104.783,148.0,2026-01-10,TMIN,125.0,2026-01,12.5,Min temperature (C)
TH000048426,LOP BURI,14.8,100.617,11.0,2026-01-10,TAVG,224.0,2026-01,22.4,Average temperature (C)
TH000048357,NAKHON PHANOM,17.417,104.783,148.0,2026-01-11,TMIN,127.0,2026-01,12.7,Min temperature (C)
THM00048453,BANG NA AGROMET,13.667,100.617,6.0,2026-01-11,TAVG,234.0,2026-01,23.4,Average temperature (C)
TH000048462,ARANYAPRATHET,13.7,102.583,49.0,2026-01-12,TMAX,300.0,2026-01,30.0,Max temperature (C)
TH000048462,ARANYAPRATHET,13.7,102.583,49.0,2026-01-13,TMIN,190.0,2026-01,19.0,Min temperature (C)
TH000048462,ARANYAPRATHET,13.7,102.583,49.0,2026-01-13,TMAX,320.0,2026-01,32.0,Max temperature (C)
TH000048450,KANCHANABURI,14.017,99.533,29.0,2026-01-13,TAVG,236.0,2026-01,23.6,Average temperature (C)
TH000048564,PHUKET,7.883,98.4,3.0,2026-01-14,TMIN,242.0,2026-01,24.2,Min temperature (C)
TH000048564,PHUKET,7.883,98.4,3.0,2026-01-15,TMIN,242.0,2026-01,24.2,Min temperature (C)
TH000048325,MAE SARIANG,18.167,97.933,213.0,2026-01-15,TMIN,160.0,2026-01,16.0,Min temperature (C)
TH000048564,PHUKET,7.883,98.4,3.0,2026-01-15,TAVG,284.0,2026-01,28.4,Average temperature (C)
TH000048425,SUPHAN BURI,14.467,100.133,8.0,2026-01-17,TAVG,271.0,2026-01,27.1,Average temperature (C)
TH000048432,SURIN,14.883,103.5,147.0,2026-01-18,TMIN,210.0,2026-01,21.0,Min temperature (C)
THM00048453,BANG NA AGROMET,13.667,100.617,6.0,2026-01-19,TAVG,286.0,2026-01,28.6,Average temperature (C)
TH000048426,LOP BURI,14.8,100.617,11.0,2026-01-19,TAVG,270.0,2026-01,27.0,Average temperature (C)
TH000048450,KANCHANABURI,14.017,99.533,29.0,2026-01-20,TMAX,343.0,2026-01,34.3,Max temperature (C)
TH000048432,SURIN,14.883,103.5,147.0,2026-01-20,TMAX,330.0,2026-01,33.0,Max temperature (C)
THM00048453,BANG NA AGROMET,13.667,100.617,6.0,2026-01-20,TMIN,250.0,2026-01,25.0,Min temperature (C)
TH000048357,NAKHON PHANOM,17.417,104.783,148.0,2026-01-21,TMIN,190.0,2026-01,19.0,Min temperature (C)
TH000048351,UTTARADIT,17.617,100.1,64.0,2026-01-22,TMAX,315.0,2026-01,31.5,Max temperature (C)
TH000048564,PHUKET,7.883,98.4,3.0,2026-01-23,TAVG,283.0,2026-01,28.3,Average temperature (C)
TH000048450,KANCHANABURI,14.017,99.533,29.0,2026-01-23,TMAX,333.0,2026-01,33.3,Max temperature (C)
TH000048425,SUPHAN BURI,14.467,100.133,8.0,2026-01-25,TAVG,249.0,2026-01,24.9,Average temperature (C)
TH000048501,KHLONG YAI,11.767,102.883,4.0,2026-01-26,TMIN,203.0,2026-01,20.3,Min temperature (C)
TH000048564,PHUKET,7.883,98.4,3.0,2026-01-26,TMIN,252.0,2026-01,25.2,Min temperature (C)
THM00048453,BANG NA AGROMET,13.667,100.617,6.0,2026-01-26,TAVG,261.0,2026-01,26.1,Average temperature (C)
TH000048426,LOP BURI,14.8,100.617,11.0,2026-01-27,TMIN,193.0,2026-01,19.3,Min temperature (C)
THM00048453,BANG NA AGROMET,13.667,100.617,6.0,2026-01-28,TAVG,274.0,2026-01,27.4,Average temperature (C)
TH000048432,SURIN,14.883,103.5,147.0,2026-01-28,TMIN,192.0,2026-01,19.2,Min temperature (C)
TH000048432,SURIN,14.883,103.5,147.0,2026-01-29,TMIN,185.0,2026-01,18.5,Min temperature (C)
TH000048501,KHLONG YAI,11.767,102.883,4.0,2026-01-30,TAVG,269.0,2026-01,26.9,Average temperature (C)
TH000048501,KHLONG YAI,11.767,102.883,4.0,2026-01-31,TMAX,310.0,2026-01,31.0,Max temperature (C)
TH000048455,BANGKOK METROPOLIS,13.733,100.567,4.0,2026-01-31,TMAX,352.0,2026-01,35.2,Max temperature (C)
TH000048351,UTTARADIT,17.617,100.1,64.0,2026-02-01,TMIN,200.0,2026-02,20.0,Min temperature (C)
THM00048453,BANG NA AGROMET,13.667,100.617,6.0,2026-02-01,TAVG,294.0,2026-02,29.4,Average temperature (C)
TH000048564,PHUKET,7.883,98.4,3.0,2026-02-02,TMIN,248.0,2026-02,24.8,Min temperature (C)
TH000048426,LOP BURI,14.8,100.617,11.0,2026-02-03,TAVG,273.0,2026-02,27.3,Average temperature (C)
TH000048564,PHUKET,7.883,98.4,3.0,2026-02-03,TAVG,291.0,2026-02,29.1,Average temperature (C)
TH000048455,BANGKOK METROPOLIS,13.733,100.567,4.0,2026-02-04,TMAX,337.0,2026-02,33.7,Max temperature (C)
TH000048351,UTTARADIT,17.617,100.1,64.0,2026-02-04,TMAX,340.0,2026-02,34.0,Max temperature (C)
TH000048357,NAKHON PHANOM,17.417,104.783,148.0,2026-02-04,TMIN,170.0,2026-02,17.0,Min temperature (C)
TH000048455,BANGKOK METROPOLIS,13.733,100.567,4.0,2026-02-04,TMIN,251.0,2026-02,25.1,Min temperature (C)
TH000048351,UTTARADIT,17.617,100.1,64.0,2026-02-05,TAVG,262.0,2026-02,26.2,Average temperature (C)
TH000048383,MUKDAHAN,16.533,104.717,139.0,2026-02-06,TMIN,210.0,2026-02,21.0,Min temperature (C)
TH000048425,SUPHAN BURI,14.467,100.133,8.0,2026-02-07,TMIN,245.0,2026-02,24.5,Min temperature (C)
TH000048425,SUPHAN BURI,14.467,100.133,8.0,2026-02-08,TAVG,282.0,2026-02,28.2,Average temperature (C)
TH000048351,UTTARADIT,17.617,100.1,64.0,2026-02-10,TMAX,342.0,2026-02,34.2,Max temperature (C)
TH000048383,MUKDAHAN,16.533,104.717,139.0,2026-02-10,TAVG,265.0,2026-02,26.5,Average temperature (C)
TH000048383,MUKDAHAN,16.533,104.717,139.0,2026-02-10,TMIN,205.0,2026-02,20.5,Min temperature (C)
TH000048357,NAKHON PHANOM,17.417,104.783,148.0,2026-02-12,TMIN,201.0,2026-02,20.1,Min temperature (C)
TH000048462,ARANYAPRATHET,13.7,102.583,49.0,2026-02-12,TMAX,341.0,2026-02,34.1,Max temperature (C)
TH000048564,PHUKET,7.883,98.4,3.0,2026-02-13,TMAX,340.0,2026-02,34.0,Max temperature (C)
TH000048564,PHUKET,7.883,98.4,3.0,2026-02-14,TMIN,263.0,2026-02,26.3,Min temperature (C)
TH000048450,KANCHANABURI,14.017,99.533,29.0,2026-02-14,TMAX,320.0,2026-02,32.0,Max temperature (C)
TH000048462,ARANYAPRATHET,13.7,102.583,49.0,2026-02-14,TAVG,285.0,2026-02,28.5,Average temperature (C)
TH000048564,PHUKET,7.883,98.4,3.0,2026-02-15,TAVG,294.0,2026-02,29.4,Average temperature (C)
TH000048501,KHLONG YAI,11.767,102.883,4.0,2026-02-15,TMIN,261.0,2026-02,26.1,Min temperature (C)
TH000048462,ARANYAPRATHET,13.7,102.583,49.0,2026-02-15,TAVG,300.0,2026-02,30.0,Average temperature (C)
TH000048357,NAKHON PHANOM,17.417,104.783,148.0,2026-02-15,TMAX,329.0,2026-02,32.9,Max temperature (C)
TH000048450,KANCHANABURI,14.017,99.533,29.0,2026-02-15,TMAX,353.0,2026-02,35.3,Max temperature (C)
TH000048383,MUKDAHAN,16.533,104.717,139.0,2026-02-17,TMAX,302.0,2026-02,30.2,Max temperature (C)
TH000048501,KHLONG YAI,11.767,102.883,4.0,2026-02-18,TAVG,276.0,2026-02,27.6,Average temperature (C)
TH000048501,KHLONG YAI,11.767,102.883,4.0,2026-02-18,TMAX,301.0,2026-02,30.1,Max temperature (C)
TH000048455,BANGKOK METROPOLIS,13.733,100.567,4.0,2026-02-18,TMIN,277.0,2026-02,27.7,Min temperature (C)
TH000048426,LOP BURI,14.8,100.617,11.0,2026-02-20,TAVG,297.0,2026-02,29.7,Average temperature (C)
TH000048351,UTTARADIT,17.617,100.1,64.0,2026-02-20,TAVG,298.0,2026-02,29.8,Average temperature (C)
TH000048462,ARANYAPRATHET,13.7,102.583,49.0,2026-02-21,TMAX,348.0,2026-02,34.8,Max temperature (C)
TH000048325,MAE SARIANG,18.167,97.933,213.0,2026-02-22,TMAX,297.0,2026-02,29.7,Max temperature (C)
TH000048501,KHLONG YAI,11.767,102.883,4.0,2026-02-22,TMIN,264.0,2026-02,26.4,Min temperature (C)
TH000048564,PHUKET,7.883,98.4,3.0,2026-02-23,TMAX,325.0,2026-02,32.5,Max temperature (C)
TH000048383,MUKDAHAN,16.533,104.717,139.0,2026-02-24,TAVG,291.0,2026-02,29.1,Average temperature (C)
TH000048564,PHUKET,7.883,98.4,3.0,2026-02-24,TMAX,305.0,2026-02,30.5,Max temperature (C)
TH000048351,UTTARADIT,17.617,100.1,64.0,2026-02-24,TMIN,235.0,2026-02,23.5,Min temperature (C)
TH000048425,SUPHAN BURI,14.467,100.133,8.0,2026-02-25,TMIN,243.0,2026-02,24.3,Min temperature (C)
TH000048432,SURIN,14.883,103.5,147.0,2026-02-25,TMAX,331.0,2026-02,33.1,Max temperature (C)
TH000048425,SUPHAN BURI,14.467,100.133,8.0,2026-02-25,TMAX,327.0,2026-02,32.7,Max temperature (C)
TH000048426,LOP BURI,14.8,100.617,11.0,2026-02-26,TAVG,286.0,2026-02,28.6,Average temperature (C)
TH000048357,NAKHON PHANOM,17.417,104.783,148.0,2026-02-26,TMIN,245.0,2026-02,24.5,Min temperature (C)
TH000048462,ARANYAPRATHET,13.7,102.583,49.0,2026-02-27,TMAX,329.0,2026-02,32.9,Max temperature (C)
TH000048450,KANCHANABURI,14.017,99.533,29.0,2026-02-27,TMIN,254.0,2026-02,25.4,Min temperature (C)
THM00048453,BANG NA AGROMET,13.667,100.617,6.0,2026-02-27,TAVG,315.0,2026-02,31.5,Average temperature (C)
TH000048564,PHUKET,7.883,98.4,3.0,2026-02-28,TAVG,297.0,2026-02,29.7,Average temperature (C)
TH000048383,MUKDAHAN,16.533,104.717,139.0,2026-02-28,TMIN,256.0,2026-02,25.6,Min temperature (C)
TH000048425,SUPHAN BURI,14.467,100.133,8.0,2026-03-01,TMIN,270.0,2026-03,27.0,Min temperature (C)
TH000048462,ARANYAPRATHET,13.7,102.583,49.0,2026-03-01,TMAX,343.0,2026-03,34.3,Max temperature (C)
TH000048351,UTTARADIT,17.617,100.1,64.0,2026-03-02,TMIN,208.0,2026-03,20.8,Min temperature (C)
TH000048383,MUKDAHAN,16.533,104.717,139.0,2026-03-03,TMIN,252.0,2026-03,25.2,Min temperature (C)
TH000048383,MUKDAHAN,16.533,104.717,139.0,2026-03-03,TMAX,361.0,2026-03,36.1,Max temperature (C)
TH000048564,PHUKET,7.883,98.4,3.0,2026-03-04,TMIN,258.0,2026-03,25.8,Min temperature (C)
TH000048450,KANCHANABURI,14.017,99.533,29.0,2026-03-04,TMIN,250.0,2026-03,25.0,Min temperature (C)
TH000048425,SUPHAN BURI,14.467,100.133,8.0,2026-03-04,TAVG,294.0,2026-03,29.4,Average temperature (C)
TH000048351,UTTARADIT,17.617,100.1,64.0,2026-03-05,TAVG,301.0,2026-03,30.1,Average temperature (C)
TH000048425,SUPHAN BURI,14.467,100.133,8.0,2026-03-06,TMAX,347.0,2026-03,34.7,Max temperature (C)
TH000048455,BANGKOK METROPOLIS,13.733,100.567,4.0,2026-03-06,TMIN,259.0,2026-03,25.9,Min temperature (C)
TH000048425,SUPHAN BURI,14.467,100.133,8.0,2026-03-07,TMIN,262.0,2026-03,26.2,Min temperature (C)
THM00048453,BANG NA AGROMET,13.667,100.617,6.0,2026-03-07,TAVG,305.0,2026-03,30.5,Average temperature (C)
TH000048351,UTTARADIT,17.617,100.1,64.0,2026-03-08,TAVG,289.0,2026-03,28.9,Average temperature (C)
TH000048455,BANGKOK METROPOLIS,13.733,100.567,4.0,2026-03-08,TAVG,310.0,2026-03,31.0,Average temperature (C)
TH000048462,ARANYAPRATHET,13.7,102.583,49.0,2026-03-08,TAVG,291.0,2026-03,29.1,Average temperature (C)
THM00048453,BANG NA AGROMET,13.667,100.617,6.0,2026-03-09,TMIN,270.0,2026-03,27.0,Min temperature (C)
TH000048432,SURIN,14.883,103.5,147.0,2026-03-09,TAVG,293.0,2026-03,29.3,Average temperature (C)
TH000048432,SURIN,14.883,103.5,147.0,2026-03-09,TMAX,345.0,2026-03,34.5,Max temperature (C)
TH000048351,UTTARADIT,17.617,100.1,64.0,2026-03-10,TMAX,355.0,2026-03,35.5,Max temperature (C)
TH000048432,SURIN,14.883,103.5,147.0,2026-03-10,TMIN,205.0,2026-03,20.5,Min temperature (C)
TH000048450,KANCHANABURI,14.017,99.533,29.0,2026-03-10,TMIN,253.0,2026-03,25.3,Min temperature (C)
TH000048501,KHLONG YAI,11.767,102.883,4.0,2026-03-10,TMIN,231.0,2026-03,23.1,Min temperature (C)
TH000048357,NAKHON PHANOM,17.417,104.783,148.0,2026-03-10,TMIN,182.0,2026-03,18.2,Min temperature (C)
TH000048501,KHLONG YAI,11.767,102.883,4.0,2026-03-12,TMAX,304.0,2026-03,30.4,Max temperature (C)
TH000048432,SURIN,14.883,103.5,147.0,2026-03-12,TMIN,211.0,2026-03,21.1,Min temperature (C)
THM00048453,BANG NA AGROMET,13.667,100.617,6.0,2026-03-12,TMAX,313.0,2026-03,31.3,Max temperature (C)
TH000048425,SUPHAN BURI,14.467,100.133,8.0,2026-03-13,TAVG,286.0,2026-03,28.6,Average temperature (C)
TH000048426,LOP BURI,14.8,100.617,11.0,2026-03-14,TAVG,297.0,2026-03,29.7,Average temperature (C)
TH000048432,SURIN,14.883,103.5,147.0,2026-03-15,TMAX,316.0,2026-03,31.6,Max temperature (C)
TH000048462,ARANYAPRATHET,13.7,102.583,49.0,2026-03-15,TMIN,240.0,2026-03,24.0,Min temperature (C)
TH000048383,MUKDAHAN,16.533,104.717,139.0,2026-03-15,TAVG,259.0,2026-03,25.9,Average temperature (C)
THM00048453,BANG NA AGROMET,13.667,100.617,6.0,2026-03-17,TAVG,300.0,2026-03,30.0,Average temperature (C)
TH000048501,KHLONG YAI,11.767,102.883,4.0,2026-03-20,TAVG,284.0,2026-03,28.4,Average temperature (C)
TH000048325,MAE SARIANG,18.167,97.933,213.0,2026-03-20,TMIN,205.0,2026-03,20.5,Min temperature (C)
THM00048453,BANG NA AGROMET,13.667,100.617,6.0,2026-03-20,TMIN,277.0,2026-03,27.7,Min temperature (C)
TH000048357,NAKHON PHANOM,17.417,104.783,148.0,2026-03-20,TMIN,251.0,2026-03,25.1,Min temperature (C)
THM00048453,BANG NA AGROMET,13.667,100.617,6.0,2026-03-21,TMIN,278.0,2026-03,27.8,Min temperature (C)
TH000048426,LOP BURI,14.8,100.617,11.0,2026-03-21,TAVG,302.0,2026-03,30.2,Average temperature (C)
TH000048426,LOP BURI,14.8,100.617,11.0,2026-03-21,TMAX,359.0,2026-03,35.9,Max temperature (C)
TH000048450,KANCHANABURI,14.017,99.533,29.0,2026-03-23,TMIN,268.0,2026-03,26.8,Min temperature (C)
TH000048357,NAKHON PHANOM,17.417,104.783,148.0,2026-03-23,TAVG,313.0,2026-03,31.3,Average temperature (C)
TH000048383,MUKDAHAN,16.533,104.717,139.0,2026-03-25,TMAX,365.0,2026-03,36.5,Max temperature (C)
TH000048432,SURIN,14.883,103.5,147.0,2026-04-02,TAVG,325.0,2026-04,32.5,Average temperature (C)
THM00048453,BANG NA AGROMET,13.667,100.617,6.0,2026-04-03,TAVG,310.0,2026-04,31.0,Average temperature (C)
TH000048357,NAKHON PHANOM,17.417,104.783,148.0,2026-04-03,TMAX,390.0,2026-04,39.0,Max temperature (C)
TH000048450,KANCHANABURI,14.017,99.533,29.0,2026-04-04,TAVG,325.0,2026-04,32.5,Average temperature (C)
TH000048455,BANGKOK METROPOLIS,13.733,100.567,4.0,2026-04-05,TMAX,376.0,2026-04,37.6,Max temperature (C)
TH000048450,KANCHANABURI,14.017,99.533,29.0,2026-04-06,TMAX,403.0,2026-04,40.3,Max temperature (C)
TH000048357,NAKHON PHANOM,17.417,104.783,148.0,2026-04-06,TMAX,401.0,2026-04,40.1,Max temperature (C)
TH000048425,SUPHAN BURI,14.467,100.133,8.0,2026-04-06,TMAX,380.0,2026-04,38.0,Max temperature (C)
TH000048432,SURIN,14.883,103.5,147.0,2026-04-06,TMIN,265.0,2026-04,26.5,Min temperature (C)
TH000048455,BANGKOK METROPOLIS,13.733,100.567,4.0,2026-04-08,TMIN,285.0,2026-04,28.5,Min temperature (C)
TH000048432,SURIN,14.883,103.5,147.0,2026-04-08,TAVG,333.0,2026-04,33.3,Average temperature (C)
TH000048462,ARANYAPRATHET,13.7,102.583,49.0,2026-04-08,TMAX,400.0,2026-04,40.0,Max temperature (C)
TH000048426,LOP BURI,14.8,100.617,11.0,2026-04-08,TMAX,387.0,2026-04,38.7,Max temperature (C)
TH000048432,SURIN,14.883,103.5,147.0,2026-04-10,TMIN,267.0,2026-04,26.7,Min temperature (C)
THM00048453,BANG NA AGROMET,13.667,100.617,6.0,2026-04-11,TMIN,285.0,2026-04,28.5,Min temperature (C)
TH000048455,BANGKOK METROPOLIS,13.733,100.567,4.0,2026-04-11,TMAX,379.0,2026-04,37.9,Max temperature (C)
TH000048455,BANGKOK METROPOLIS,13.733,100.567,4.0,2026-04-11,TAVG,322.0,2026-04,32.2,Average temperature (C)
TH000048425,SUPHAN BURI,14.467,100.133,8.0,2026-04-11,TMIN,258.0,2026-04,25.8,Min temperature (C)
TH000048432,SURIN,14.883,103.5,147.0,2026-04-11,TMAX,402.0,2026-04,40.2,Max temperature (C)
TH000048501,KHLONG YAI,11.767,102.883,4.0,2026-04-12,TAVG,294.0,2026-04,29.4,Average temperature (C)
TH000048501,KHLONG YAI,11.767,102.883,4.0,2026-04-13,TMIN,261.0,2026-04,26.1,Min temperature (C)
TH000048426,LOP BURI,14.8,100.617,11.0,2026-04-13,TMAX,385.0,2026-04,38.5,Max temperature (C)
TH000048383,MUKDAHAN,16.533,104.717,139.0,2026-04-13,TMIN,287.0,2026-04,28.7,Min temperature (C)
TH000048564,PHUKET,7.883,98.4,3.0,2026-04-14,TMIN,280.0,2026-04,28.0,Min temperature (C)
TH000048357,NAKHON PHANOM,17.417,104.783,148.0,2026-04-14,TMAX,404.0,2026-04,40.4,Max temperature (C)
TH000048351,UTTARADIT,17.617,100.1,64.0,2026-04-14,TAVG,324.0,2026-04,32.4,Average temperature (C)
THM00048453,BANG NA AGROMET,13.667,100.617,6.0,2026-04-16,TMAX,362.0,2026-04,36.2,Max temperature (C)
THM00048453,BANG NA AGROMET,13.667,100.617,6.0,2026-04-19,TMIN,298.0,2026-04,29.8,Min temperature (C)
TH000048564,PHUKET,7.883,98.4,3.0,2026-04-20,TMIN,276.0,2026-04,27.6,Min temperature (C)
TH000048564,PHUKET,7.883,98.4,3.0,2026-04-20,TMAX,355.0,2026-04,35.5,Max temperature (C)
TH000048425,SUPHAN BURI,14.467,100.133,8.0,2026-04-21,TMIN,270.0,2026-04,27.0,Min temperature (C)
TH000048351,UTTARADIT,17.617,100.1,64.0,2026-04-22,TAVG,330.0,2026-04,33.0,Average temperature (C)
TH000048462,ARANYAPRATHET,13.7,102.583,49.0,2026-04-22,TMIN,271.0,2026-04,27.1,Min temperature (C)
TH000048351,UTTARADIT,17.617,100.1,64.0,2026-04-22,TMAX,385.0,2026-04,38.5,Max temperature (C)
TH000048325,MAE SARIANG,18.167,97.933,213.0,2026-04-23,TMIN,237.0,2026-04,23.7,Min temperature (C)
TH000048462,ARANYAPRATHET,13.7,102.583,49.0,2026-04-23,TMIN,270.0,2026-04,27.0,Min temperature (C)
TH000048501,KHLONG YAI,11.767,102.883,4.0,2026-04-23,TAVG,295.0,2026-04,29.5,Average temperature (C)
TH000048432,SURIN,14.883,103.5,147.0,2026-04-24,TMIN,255.0,2026-04,25.5,Min temperature (C)
TH000048357,NAKHON PHANOM,17.417,104.783,148.0,2026-04-25,TAVG,279.0,2026-04,27.9,Average temperature (C)
TH000048432,SURIN,14.883,103.5,147.0,2026-04-27,TMAX,365.0,2026-04,36.5,Max temperature (C)
TH000048432,SURIN,14.883,103.5,147.0,2026-04-27,TAVG,312.0,2026-04,31.2,Average temperature (C)
TH000048455,BANGKOK METROPOLIS,13.733,100.567,4.0,2026-04-28,TAVG,324.0,2026-04,32.4,Average temperature (C)
TH000048426,LOP BURI,14.8,100.617,11.0,2026-04-29,TMAX,385.0,2026-04,38.5,Max temperature (C)
TH000048425,SUPHAN BURI,14.467,100.133,8.0,2026-04-29,TAVG,327.0,2026-04,32.7,Average temperature (C)
TH000048450,KANCHANABURI,14.017,99.533,29.0,2026-04-30,TAVG,314.0,2026-04,31.4,Average temperature (C)
TH000048450,KANCHANABURI,14.017,99.533,29.0,2026-04-30,TMIN,253.0,2026-04,25.3,Min temperature (C)
TH000048351,UTTARADIT,17.617,100.1,64.0,2026-05-01,TMIN,250.0,2026-05,25.0,Min temperature (C)
TH000048325,MAE SARIANG,18.167,97.933,213.0,2026-05-01,TAVG,305.0,2026-05,30.5,Average temperature (C)
TH000048426,LOP BURI,14.8,100.617,11.0,2026-05-01,TMIN,267.0,2026-05,26.7,Min temperature (C)
TH000048432,SURIN,14.883,103.5,147.0,2026-05-04,TAVG,292.0,2026-05,29.2,Average temperature (C)
TH000048564,PHUKET,7.883,98.4,3.0,2026-05-05,TMAX,345.0,2026-05,34.5,Max temperature (C)
TH000048426,LOP BURI,14.8,100.617,11.0,2026-05-06,TMIN,274.0,2026-05,27.4,Min temperature (C)
TH000048501,KHLONG YAI,11.767,102.883,4.0,2026-05-06,TMAX,325.0,2026-05,32.5,Max temperature (C)
TH000048426,LOP BURI,14.8,100.617,11.0,2026-05-07,TMIN,270.0,2026-05,27.0,Min temperature (C)
TH000048357,NAKHON PHANOM,17.417,104.783,148.0,2026-05-08,TMIN,235.0,2026-05,23.5,Min temperature (C)
THM00048453,BANG NA AGROMET,13.667,100.617,6.0,2026-05-09,TAVG,296.0,2026-05,29.6,Average temperature (C)
TH000048501,KHLONG YAI,11.767,102.883,4.0,2026-05-09,TMIN,248.0,2026-05,24.8,Min temperature (C)
TH000048357,NAKHON PHANOM,17.417,104.783,148.0,2026-05-09,TAVG,305.0,2026-05,30.5,Average temperature (C)
TH000048351,UTTARADIT,17.617,100.1,64.0,2026-05-09,TAVG,300.0,2026-05,30.0,Average temperature (C)
TH000048432,SURIN,14.883,103.5,147.0,2026-05-10,TMAX,373.0,2026-05,37.3,Max temperature (C)
TH000048351,UTTARADIT,17.617,100.1,64.0,2026-05-10,TMIN,261.0,2026-05,26.1,Min temperature (C)
THM00048453,BANG NA AGROMET,13.667,100.617,6.0,2026-05-11,TAVG,314.0,2026-05,31.4,Average temperature (C)
THM00048453,BANG NA AGROMET,13.667,100.617,6.0,2026-05-11,TMAX,359.0,2026-05,35.9,Max temperature (C)
TH000048425,SUPHAN BURI,14.467,100.133,8.0,2026-05-11,TMIN,258.0,2026-05,25.8,Min temperature (C)
TH000048501,KHLONG YAI,11.767,102.883,4.0,2026-05-11,TMIN,250.0,2026-05,25.0,Min temperature (C)
TH000048325,MAE SARIANG,18.167,97.933,213.0,2026-05-12,TMIN,242.0,2026-05,24.2,Min temperature (C)
TH000048432,SURIN,14.883,103.5,147.0,2026-05-13,TMAX,351.0,2026-05,35.1,Max temperature (C)
TH000048455,BANGKOK METROPOLIS,13.733,100.567,4.0,2026-05-13,TMIN,268.0,2026-05,26.8,Min temperature (C)
TH000048501,KHLONG YAI,11.767,102.883,4.0,2026-05-13,TAVG,280.0,2026-05,28.0,Average temperature (C)
THM00048453,BANG NA AGROMET,13.667,100.617,6.0,2026-05-14,TMAX,343.0,2026-05,34.3,Max temperature (C)
TH000048426,LOP BURI,14.8,100.617,11.0,2026-05-14,TMIN,267.0,2026-05,26.7,Min temperature (C)
TH000048462,ARANYAPRATHET,13.7,102.583,49.0,2026-05-14,TMIN,264.0,2026-05,26.4,Min temperature (C)
THM00048453,BANG NA AGROMET,13.667,100.617,6.0,2026-05-15,TMAX,357.0,2026-05,35.7,Max temperature (C)
TH000048425,SUPHAN BURI,14.467,100.133,8.0,2026-05-15,TAVG,294.0,2026-05,29.4,Average temperature (C)
THM00048453,BANG NA AGROMET,13.667,100.617,6.0,2026-05-16,TAVG,317.0,2026-05,31.7,Average temperature (C)
TH000048564,PHUKET,7.883,98.4,3.0,2026-05-16,TMAX,340.0,2026-05,34.0,Max temperature (C)
TH000048564,PHUKET,7.883,98.4,3.0,2026-05-17,TAVG,286.0,2026-05,28.6,Average temperature (C)
TH000048425,SUPHAN BURI,14.467,100.133,8.0,2026-05-17,TMAX,355.0,2026-05,35.5,Max temperature (C)
TH000048462,ARANYAPRATHET,13.7,102.583,49.0,2026-05-18,TMAX,347.0,2026-05,34.7,Max temperature (C)
TH000048455,BANGKOK METROPOLIS,13.733,100.567,4.0,2026-05-18,TMAX,361.0,2026-05,36.1,Max temperature (C)
TH000048426,LOP BURI,14.8,100.617,11.0,2026-05-18,TMIN,265.0,2026-05,26.5,Min temperature (C)
TH000048432,SURIN,14.883,103.5,147.0,2026-05-19,TMAX,313.0,2026-05,31.3,Max temperature (C)
TH000048432,SURIN,14.883,103.5,147.0,2026-05-19,TAVG,273.0,2026-05,27.3,Average temperature (C)
TH000048426,LOP BURI,14.8,100.617,11.0,2026-05-20,TMIN,260.0,2026-05,26.0,Min temperature (C)
TH000048425,SUPHAN BURI,14.467,100.133,8.0,2026-05-21,TMIN,268.0,2026-05,26.8,Min temperature (C)
TH000048351,UTTARADIT,17.617,100.1,64.0,2026-05-21,TMIN,257.0,2026-05,25.7,Min temperature (C)
TH000048383,MUKDAHAN,16.533,104.717,139.0,2026-05-21,TMIN,265.0,2026-05,26.5,Min temperature (C)
THM00048453,BANG NA AGROMET,13.667,100.617,6.0,2026-05-21,TMIN,267.0,2026-05,26.7,Min temperature (C)
TH000048432,SURIN,14.883,103.5,147.0,2026-05-21,TAVG,300.0,2026-05,30.0,Average temperature (C)
TH000048357,NAKHON PHANOM,17.417,104.783,148.0,2026-05-21,TMAX,338.0,2026-05,33.8,Max temperature (C)
